ID,Language_ID,Parameter_ID,Contribution_ID,Value,Source,Comment
144P-brl,http://wals.info/languoid/lect/wals_code_brl,144P,144,No NegSOV,Kretschmar-1995[ 140],
144P-dhm,http://wals.info/languoid/lect/wals_code_dhm,144P,144,No NegSOV,Cooper-1999[ 31],
144P-tod,http://wals.info/languoid/lect/wals_code_tod,144P,144,No NegSOV,Sharma-1989b[ 334-335],
144P-tpt,http://wals.info/languoid/lect/wals_code_tpt,144P,144,No NegSOV,Gonzalez-2005[ passim],
144P-eip,http://wals.info/languoid/lect/wals_code_eip,144P,144,No NegSOV,Heeschen-1998[ 222-223],
144P-cup,http://wals.info/languoid/lect/wals_code_cup,144P,144,NoDoubleNeg,Hill-2005[ 389],
144P-wlw,http://wals.info/languoid/lect/wals_code_wlw,144P,144,NoDoubleNeg,Breen-1970[ 216],
144P-dun,http://wals.info/languoid/lect/wals_code_dun,144P,144,No NegSOV,,
144P-tye,http://wals.info/languoid/lect/wals_code_tye,144P,144,No NegSOV,Tryon-1974[ 37],
144P-bok,http://wals.info/languoid/lect/wals_code_bok,144P,144,No NegSOV,,
144P-kus,http://wals.info/languoid/lect/wals_code_kus,144P,144,No NegSOV,Reinhard-and-Toba-1970[ passim],
144P-tba,http://wals.info/languoid/lect/wals_code_tba,144P,144,No NegSOV,McVinney-and-Luzbetak-1954[ 85],
144P-aba,http://wals.info/languoid/lect/wals_code_aba,144P,144,No NegSOV,Bailey-1975[ passim],
144P-bti,http://wals.info/languoid/lect/wals_code_bti,144P,144,No NegSOV,,
144P-des,http://wals.info/languoid/lect/wals_code_des,144P,144,No NegSOV,Miller-1999[ 7],
144P-kbo,http://wals.info/languoid/lect/wals_code_kbo,144P,144,No NegSOV,Laycock-and-Zgraggen-1975[ 759],
144P-kti,http://wals.info/languoid/lect/wals_code_kti,144P,144,No NegSOV,Boelaars-1950[ 148],
144P-sil,http://wals.info/languoid/lect/wals_code_sil,144P,144,No NegSOV,Jungraithmayr-1981[ 279],
144P-cln,http://wals.info/languoid/lect/wals_code_cln,144P,144,No NegSOV,Alexander-Bakkerus-2005[ 323-324],
144P-kll,http://wals.info/languoid/lect/wals_code_kll,144P,144,No NegSOV,Schieffelin-and-Feld-1998[ xx],
144P-kie,http://wals.info/languoid/lect/wals_code_kie,144P,144,No NegSOV,Stanhope-1972[ 61],
144P-mgi,http://wals.info/languoid/lect/wals_code_mgi,144P,144,No NegSOV,Thomson-1975a[ 612],
144P-mrs,http://wals.info/languoid/lect/wals_code_mrs,144P,144,No NegSOV,Peckham-1982[ 82],
144P-oks,http://wals.info/languoid/lect/wals_code_oks,144P,144,No NegSOV,,
144P-wag,http://wals.info/languoid/lect/wals_code_wag,144P,144,No NegSOV,Tryon-1971[ 10],
144P-yqy,http://wals.info/languoid/lect/wals_code_yqy,144P,144,No NegSOV,Boelaars-1950[ 147],
144P-boa,http://wals.info/languoid/lect/wals_code_boa,144P,144,No NegSOV,Boelaars-1950[ 144],
144P-deu,http://wals.info/languoid/lect/wals_code_deu,144P,144,No NegSOV,Goswami-1994[ 18];Brown-1895[ 22],
144P-krh,http://wals.info/languoid/lect/wals_code_krh,144P,144,No NegSOV,"Shell-1952[ 119, 121]",
144P-mkh,http://wals.info/languoid/lect/wals_code_mkh,144P,144,No NegSOV,Janhunen-2003[ 98],
144P-rao,http://wals.info/languoid/lect/wals_code_rao,144P,144,No NegSOV,Stanhope-1980[ 10-11],
144P-tsz,http://wals.info/languoid/lect/wals_code_tsz,144P,144,No NegSOV,Alekseev-and-Radzhabov-2004[ 145],
144P-baf,http://wals.info/languoid/lect/wals_code_baf,144P,144,OnlyWithAnotherNeg,Chumbow-and-Tamanji-1994[ 214],
144P-cui,http://wals.info/languoid/lect/wals_code_cui,144P,144,OnlyWithAnotherNeg,Berg-and-Kerr-1973[ 12],
144P-kmr,http://wals.info/languoid/lect/wals_code_kmr,144P,144,No NegSOV,"Boelaars-1950[ 48, 94]",
144P-kyp,http://wals.info/languoid/lect/wals_code_kyp,144P,144,No NegSOV,Thomson-and-Stout-1974b[ 86],
144P-shh,http://wals.info/languoid/lect/wals_code_shh,144P,144,No NegSOV,Scott-and-Frantz-1974[ passim],
144P-wom,http://wals.info/languoid/lect/wals_code_wom,144P,144,No NegSOV,,
144P-biu,http://wals.info/languoid/lect/wals_code_biu,144P,144,No NegSOV,Nishida-1973[ 67],
144P-coa,http://wals.info/languoid/lect/wals_code_coa,144P,144,No NegSOV,Troike-1967[ 328],
144P-kyr,http://wals.info/languoid/lect/wals_code_kyr,144P,144,No NegSOV,Rigden-nd-a[24],
144P-kwz,http://wals.info/languoid/lect/wals_code_kwz,144P,144,No NegSOV,van-der-Voort-2004[ 519],
144P-sme,http://wals.info/languoid/lect/wals_code_sme,144P,144,No NegSOV,Prost-1964d[ 364-365],
144P-sod,http://wals.info/languoid/lect/wals_code_sod,144P,144,No NegSOV,Cohen-1931[ 166],
144P-zaz,http://wals.info/languoid/lect/wals_code_zaz,144P,144,No NegSOV,,
144P-mag,http://wals.info/languoid/lect/wals_code_mag,144P,144,No NegSOV,Shepherd-and-Shepherd-1973[ 303],
144P-omh,http://wals.info/languoid/lect/wals_code_omh,144P,144,No NegSOV,Dorsey-1890[ passim],
144P-shb,http://wals.info/languoid/lect/wals_code_shb,144P,144,No NegSOV,Teferra-1991[ 381-382],
144P-snn,http://wals.info/languoid/lect/wals_code_snn,144P,144,No NegSOV,Diagana-1995[ 212ff],
144P-yam,http://wals.info/languoid/lect/wals_code_yam,144P,144,No NegSOV,Eakin-1991[ 38],
144P-iwm,http://wals.info/languoid/lect/wals_code_iwm,144P,144,No NegSOV,Conrad-1971[ 56],
144P-kac,http://wals.info/languoid/lect/wals_code_kac,144P,144,No NegSOV,"Endle-1884[ ix, 24]",
144P-kae,http://wals.info/languoid/lect/wals_code_kae,144P,144,No NegSOV,Clifton-1997[ 24],
144P-mkg,http://wals.info/languoid/lect/wals_code_mkg,144P,144,No NegSOV,Rowlands-1959[ 87],
144P-ras,http://wals.info/languoid/lect/wals_code_ras,144P,144,No NegSOV,Tucker-and-Bryan-1966[ 297],
144P-srb,http://wals.info/languoid/lect/wals_code_srb,144P,144,No NegSOV,Stone-1993[ 666],
144P-thn,http://wals.info/languoid/lect/wals_code_thn,144P,144,No NegSOV,Turin-2000[ passim],
144P-trm,http://wals.info/languoid/lect/wals_code_trm,144P,144,No NegSOV,Bryant-1999[ 43],
144P-cml,http://wals.info/languoid/lect/wals_code_cml,144P,144,No NegSOV,Ebert-2003[541],
144P-isa,http://wals.info/languoid/lect/wals_code_isa,144P,144,No NegSOV,"Donohue-and-San-Roque-2002[ 74, 84]",
144P-mki,http://wals.info/languoid/lect/wals_code_mki,144P,144,No NegSOV,Boynton-1982[ 148-150],
144P-nnk,http://wals.info/languoid/lect/wals_code_nnk,144P,144,No NegSOV,Spaulding-and-Spaulding-1994[ 134],
144P-thu,http://wals.info/languoid/lect/wals_code_thu,144P,144,No NegSOV,Allen-1975b[ 54-55],
144P-gal,http://wals.info/languoid/lect/wals_code_gal,144P,144,No NegSOV,Das-Gupta-1963[ 25-26],
144P-kmn,http://wals.info/languoid/lect/wals_code_kmn,144P,144,No NegSOV,"Trefry-1969[ 48, 52]",
144P-msc,http://wals.info/languoid/lect/wals_code_msc,144P,144,No NegSOV,Adelaar-2004[ 93],
144P-mur,http://wals.info/languoid/lect/wals_code_mur,144P,144,No NegSOV,"Turton-and-Bender-1976[ 554, 557]",
144P-nku,http://wals.info/languoid/lect/wals_code_nku,144P,144,No NegSOV,Abdel-Hafiz-1988[ 181],
144P-smn,http://wals.info/languoid/lect/wals_code_smn,144P,144,No NegSOV,Nathan-1977[ 118],
144P-she,http://wals.info/languoid/lect/wals_code_she,144P,144,No NegSOV,Schottelndreyer-and-Schottelndreyer-1973[ passim],
144P-trr,http://wals.info/languoid/lect/wals_code_trr,144P,144,NoDoubleNeg,Vincent-1973b[ passim],
144P-tao,http://wals.info/languoid/lect/wals_code_tao,144P,144,No NegSOV,Singh-2002[ 90-92],
144P-tig,http://wals.info/languoid/lect/wals_code_tig,144P,144,No NegSOV,Kogan-1997[ 442],
144P-azi,http://wals.info/languoid/lect/wals_code_azi,144P,144,No NegSOV,Dehghani-2000[ 109],
144P-bus,http://wals.info/languoid/lect/wals_code_bus,144P,144,No NegSOV,Wedekind-1972[ 50-52],
144P-cas,http://wals.info/languoid/lect/wals_code_cas,144P,144,No NegSOV,Abreu-1914[ passim],
144P-mek,http://wals.info/languoid/lect/wals_code_mek,144P,144,No NegSOV,Galucio-2001[ 92],
144P-ong,http://wals.info/languoid/lect/wals_code_ong,144P,144,No NegSOV,Dasgupta-and-Sharma-1982[ 27],
144P-ori,http://wals.info/languoid/lect/wals_code_ori,144P,144,No NegSOV,Schadeberg-and-Elias-1979[ 52],
144P-pum,http://wals.info/languoid/lect/wals_code_pum,144P,144,No NegSOV,Lu-1983[ 50],
144P-sia,http://wals.info/languoid/lect/wals_code_sia,144P,144,No NegSOV,Salisbury-1956[ 463],
144P-thy,http://wals.info/languoid/lect/wals_code_thy,144P,144,No NegSOV,,
144P-bzi,http://wals.info/languoid/lect/wals_code_bzi,144P,144,No NegSOV,Briley-1997[ passim],
144P-drm,http://wals.info/languoid/lect/wals_code_drm,144P,144,No NegSOV,,
144P-dim,http://wals.info/languoid/lect/wals_code_dim,144P,144,No NegSOV,"Fleming-1990[ 546, 560-562]",
144P-gap,http://wals.info/languoid/lect/wals_code_gap,144P,144,No NegSOV,McGuckin-2002[ 316],
144P-mts,http://wals.info/languoid/lect/wals_code_mts,144P,144,No NegSOV,Ferreira-2001[ 74],
144P-mbi,http://wals.info/languoid/lect/wals_code_mbi,144P,144,No NegSOV,Ayuninjam-1998[ 338],
144P-oya,http://wals.info/languoid/lect/wals_code_oya,144P,144,No NegSOV,Ray-2003[ 471],
144P-osa,http://wals.info/languoid/lect/wals_code_osa,144P,144,No NegSOV,,
144P-stl,http://wals.info/languoid/lect/wals_code_stl,144P,144,No NegSOV,Neukom-2001[ 148],
144P-tgl,http://wals.info/languoid/lect/wals_code_tgl,144P,144,No NegSOV,Das-Gupta-1968[ 53];Andvik-2003[ 446],
144P-tte,http://wals.info/languoid/lect/wals_code_tte,144P,144,No NegSOV,Oliverio-1996[ 115],
144P-tuy,http://wals.info/languoid/lect/wals_code_tuy,144P,144,No NegSOV,Barnes-1994[ 330],
144P-udi,http://wals.info/languoid/lect/wals_code_udi,144P,144,No NegSOV,Schulze-1982[ 180-181],
144P-usr,http://wals.info/languoid/lect/wals_code_usr,144P,144,No NegSOV,"Bee-1973[ 261, 269]",
144P-apw,http://wals.info/languoid/lect/wals_code_apw,144P,144,No NegSOV,Edgerton-1963[ 134-135],
144P-awa,http://wals.info/languoid/lect/wals_code_awa,144P,144,No NegSOV,Loving-1973[ 81],
144P-can,http://wals.info/languoid/lect/wals_code_can,144P,144,No NegSOV,Cox-1957[ passim],
144P-gah,http://wals.info/languoid/lect/wals_code_gah,144P,144,No NegSOV,Deibler-1976[ 8],
144P-hid,http://wals.info/languoid/lect/wals_code_hid,144P,144,No NegSOV,Matthews-1965[ 157-158];Robinett-1955[ 168],
144P-idn,http://wals.info/languoid/lect/wals_code_idn,144P,144,No NegSOV,Huckett-1974[ 81],
144P-knn,http://wals.info/languoid/lect/wals_code_knn,144P,144,No NegSOV,Sharma-1988[ 195],
144P-kta,http://wals.info/languoid/lect/wals_code_kta,144P,144,No NegSOV,"Dutton-1975[ 300, 326]",
144P-noc,http://wals.info/languoid/lect/wals_code_noc,144P,144,No NegSOV,Das-Gupta-1971[ 16-19],
144P-tak,http://wals.info/languoid/lect/wals_code_tak,144P,144,No NegSOV,"Ross-2002h[ 235, 239]",
144P-cde,http://wals.info/languoid/lect/wals_code_cde,144P,144,No NegSOV,Hall-1988[ 156],
144P-klw,http://wals.info/languoid/lect/wals_code_klw,144P,144,OnlyWithAnotherNeg,"Mixco-1971[ 168, 231-232]",
144P-kla,http://wals.info/languoid/lect/wals_code_kla,144P,144,No NegSOV,"Rickard-1970[ 16, 21]",
144P-kmo,http://wals.info/languoid/lect/wals_code_kmo,144P,144,No NegSOV,"Garland-and-Garland-1975[ 422, 425]",
144P-kun,http://wals.info/languoid/lect/wals_code_kun,144P,144,No NegSOV,Holmer-1952[ 123],
144P-lot,http://wals.info/languoid/lect/wals_code_lot,144P,144,No NegSOV,"Acharya-1983[ passim, 158]",
144P-sna,http://wals.info/languoid/lect/wals_code_sna,144P,144,No NegSOV,Bailey-1924[ passim],
144P-tbl,http://wals.info/languoid/lect/wals_code_tbl,144P,144,No NegSOV,Abisay-et-al-1983[ 13],
144P-wak,http://wals.info/languoid/lect/wals_code_wak,144P,144,No NegSOV,"Lorimer-1958[ 196, 208]",
144P-cai,http://wals.info/languoid/lect/wals_code_cai,144P,144,No NegSOV,Last-and-Lucassen-1998[ 419],
144P-gln,http://wals.info/languoid/lect/wals_code_gln,144P,144,No NegSOV,Bunn-1974[ 22],
144P-irx,http://wals.info/languoid/lect/wals_code_irx,144P,144,No NegSOV,Meader-1967[ 54],
144P-kim,http://wals.info/languoid/lect/wals_code_kim,144P,144,No NegSOV,"Boelaars-1950[ 147, 35]",
144P-lis,http://wals.info/languoid/lect/wals_code_lis,144P,144,No NegSOV,Hope-1974[ 153];Bradley-2003[ 233],
144P-mru,http://wals.info/languoid/lect/wals_code_mru,144P,144,No NegSOV,Abbey-1899[ 21],
144P-mno,http://wals.info/languoid/lect/wals_code_mno,144P,144,NoDoubleNeg,Norris-1986[ 32],
144P-ptt,http://wals.info/languoid/lect/wals_code_ptt,144P,144,No NegSOV,"Sharma-1982a[ 164, 183];Sharma-2000[ passim]",
144P-prk,http://wals.info/languoid/lect/wals_code_prk,144P,144,No NegSOV,Rangan-1979[ 94-98],
144P-rum,http://wals.info/languoid/lect/wals_code_rum,144P,144,No NegSOV,"Petterson-1999[ 14, passim]",
144P-tlo,http://wals.info/languoid/lect/wals_code_tlo,144P,144,No NegSOV,Holton-2003[ 46],
144P-akh,http://wals.info/languoid/lect/wals_code_akh,144P,144,No NegSOV,Hansson-2003[ 245];Dellinger-1969[ 162-163],
144P-ang,http://wals.info/languoid/lect/wals_code_ang,144P,144,No NegSOV,Litteral-1972[ 76],
144P-ass,http://wals.info/languoid/lect/wals_code_ass,144P,144,No NegSOV,Goswami-and-Tamuli-2003[ 426],
144P-gon,http://wals.info/languoid/lect/wals_code_gon,144P,144,No NegSOV,Subrahmanyam-1968[ 53-54],
144P-hlp,http://wals.info/languoid/lect/wals_code_hlp,144P,144,OnlyWithAnotherNeg,Watahomigie-et-al-1982[ 155-159],
144P-hpd,http://wals.info/languoid/lect/wals_code_hpd,144P,144,No NegSOV,"Epps-2008[ 725, 736]",
144P-ldu,http://wals.info/languoid/lect/wals_code_ldu,144P,144,No NegSOV,Tucker-and-Bryan-1966[ 54],
144P-nma,http://wals.info/languoid/lect/wals_code_nma,144P,144,No NegSOV,"Giridhar-1994[ 376, 380ff]",
144P-zay,http://wals.info/languoid/lect/wals_code_zay,144P,144,No NegSOV,Hayward-1990b[ 303-307],
144P-apt,http://wals.info/languoid/lect/wals_code_apt,144P,144,No NegSOV,Abraham-1985[ 108],
144P-chg,http://wals.info/languoid/lect/wals_code_chg,144P,144,No NegSOV,Hutton-1987[ 19],
144P-kaa,http://wals.info/languoid/lect/wals_code_kaa,144P,144,No NegSOV,"Gabas-1999[ 158, 184]",
144P-kem,http://wals.info/languoid/lect/wals_code_kem,144P,144,No NegSOV,Appleyard-1975[ 333-334],
144P-man,http://wals.info/languoid/lect/wals_code_man,144P,144,No NegSOV,Becker-Donner-1965[ 44],
144P-mee,http://wals.info/languoid/lect/wals_code_mee,144P,144,No NegSOV,Will-1989[ 147],
144P-nwd,http://wals.info/languoid/lect/wals_code_nwd,144P,144,No NegSOV,Genetti-1990[ 259],
144P-ntj,http://wals.info/languoid/lect/wals_code_ntj,144P,144,No NegSOV,Douglas-1964[ 52],
144P-sdw,http://wals.info/languoid/lect/wals_code_sdw,144P,144,No NegSOV,Eaton-2008[ 130],
144P-sar,http://wals.info/languoid/lect/wals_code_sar,144P,144,No NegSOV,Sumbuk-2002,
144P-uyg,http://wals.info/languoid/lect/wals_code_uyg,144P,144,No NegSOV,Hahn-1998[ 392],
144P-bho,http://wals.info/languoid/lect/wals_code_bho,144P,144,No NegSOV,"Shukla-1981[ 152, 309]",
144P-hui,http://wals.info/languoid/lect/wals_code_hui,144P,144,No NegSOV,Grimes-1964[ 88-89],
144P-kok,http://wals.info/languoid/lect/wals_code_kok,144P,144,No NegSOV,Karapurkar-1976[ 71],
144P-kuv,http://wals.info/languoid/lect/wals_code_kuv,144P,144,No NegSOV,Israel-1979[ 162],
144P-msg,http://wals.info/languoid/lect/wals_code_msg,144P,144,No NegSOV,Prasad-1991[ 99],
144P-nam,http://wals.info/languoid/lect/wals_code_nam,144P,144,No NegSOV,Feldpausch-and-Feldpausch-1992[ 70],
144P-agm,http://wals.info/languoid/lect/wals_code_agm,144P,144,No NegSOV,Giridhar-1980[ 80],
144P-cpn,http://wals.info/languoid/lect/wals_code_cpn,144P,144,No NegSOV,Caughley-1982[ 41],
144P-gur,http://wals.info/languoid/lect/wals_code_gur,144P,144,No NegSOV,Glover-1974[ 113-114],
144P-khg,http://wals.info/languoid/lect/wals_code_khg,144P,144,No NegSOV,Toba-1984[ 6],
144P-krw,http://wals.info/languoid/lect/wals_code_krw,144P,144,No NegSOV,van-Enk-and-de-Vries-1997[ 101],
144P-mny,http://wals.info/languoid/lect/wals_code_mny,144P,144,NoDoubleNeg,Breen-1981a[ 343],
144P-mik,http://wals.info/languoid/lect/wals_code_mik,144P,144,No NegSOV,Jeyapaul-1987[ 153];Grussner-1978[ 98],
144P-nab,http://wals.info/languoid/lect/wals_code_nab,144P,144,No NegSOV,Fabian-et-al-1998[ 62],
144P-pba,http://wals.info/languoid/lect/wals_code_pba,144P,144,NoDoubleNeg,"Estrada-Fernandez-1996[ says first or preverbal, but there are SNegOV egs]",
144P-tma,http://wals.info/languoid/lect/wals_code_tma,144P,144,No NegSOV,Tucker-and-Bryan-1966[ 217],
144P-tsf,http://wals.info/languoid/lect/wals_code_tsf,144P,144,No NegSOV,Dickinson-2002[ 150],
144P-tnn,http://wals.info/languoid/lect/wals_code_tnn,144P,144,No NegSOV,"Dugast-1971[ 171-190, 310]",
144P-way,http://wals.info/languoid/lect/wals_code_way,144P,144,No NegSOV,Jensen-1994[ 344];Grenand-1980[ 89],
144P-wly,http://wals.info/languoid/lect/wals_code_wly,144P,144,No NegSOV,Tucker-and-Bryan-1966[ 560],
144P-chh,http://wals.info/languoid/lect/wals_code_chh,144P,144,No NegSOV,Leslau-1950[ 28-29],
144P-kkp,http://wals.info/languoid/lect/wals_code_kkp,144P,144,No NegSOV,"Wurm-1951[ 569, 571-574]",
144P-lmn,http://wals.info/languoid/lect/wals_code_lmn,144P,144,No NegSOV,"Trail-1970[ 91, 104-106]",
144P-ngt,http://wals.info/languoid/lect/wals_code_ngt,144P,144,No NegSOV,Arokianathan-1987[ 93];Pettigrew-1918[ 36-37],
144P-ath,http://wals.info/languoid/lect/wals_code_ath,144P,144,No NegSOV,Ebert-1997b[ 55ff],
144P-khl,http://wals.info/languoid/lect/wals_code_khl,144P,144,No NegSOV,Doerfer-1988[ 123],
144P-mdn,http://wals.info/languoid/lect/wals_code_mdn,144P,144,No NegSOV,Kennard-1936[ 23],
144P-maw,http://wals.info/languoid/lect/wals_code_maw,144P,144,No NegSOV,Delafosse-1929[ passim],
144P-nue,http://wals.info/languoid/lect/wals_code_nue,144P,144,NoDoubleNeg,"Crazzolara-1933[ 96, 150-155]",
144P-sng,http://wals.info/languoid/lect/wals_code_sng,144P,144,No NegSOV,Kolia-1975[ passim],
144P-dig,http://wals.info/languoid/lect/wals_code_dig,144P,144,No NegSOV,Sastry-1984[ 160],
144P-gim,http://wals.info/languoid/lect/wals_code_gim,144P,144,No NegSOV,Breeze-1990[ 29-30],
144P-guj,http://wals.info/languoid/lect/wals_code_guj,144P,144,No NegSOV,Cardona-1965[ 138],
144P-krr,http://wals.info/languoid/lect/wals_code_krr,144P,144,No NegSOV,Wivell-1981[ 162],
144P-mka,http://wals.info/languoid/lect/wals_code_mka,144P,144,No NegSOV,Ebermann-1986a[ 96-102],
144P-nyi,http://wals.info/languoid/lect/wals_code_nyi,144P,144,No NegSOV,Tucker-and-Bryan-1966[ 251],
144P-pme,http://wals.info/languoid/lect/wals_code_pme,144P,144,No NegSOV,McLendon-1975[ passim],
144P-tul,http://wals.info/languoid/lect/wals_code_tul,144P,144,No NegSOV,Brigel-1982[ 46-103],
144P-blx,http://wals.info/languoid/lect/wals_code_blx,144P,144,No NegSOV,Einaudi-1976[ 86-88],
144P-gds,http://wals.info/languoid/lect/wals_code_gds,144P,144,No NegSOV,Frantz-1973[ passim],
144P-uby,http://wals.info/languoid/lect/wals_code_uby,144P,144,No NegSOV,"Charachidze-1989[ 384, passim]",
144P-urd,http://wals.info/languoid/lect/wals_code_urd,144P,144,No NegSOV,Schmidt-1999[ 191];Bender-1967[ 191],
144P-paw,http://wals.info/languoid/lect/wals_code_paw,144P,144,No NegSOV,"Trefry-1969[ 48, 52]",
144P-slb,http://wals.info/languoid/lect/wals_code_slb,144P,144,No NegSOV,Margetts-1999a[ 24-26];Margetts-1999b[ 32],
144P-taj,http://wals.info/languoid/lect/wals_code_taj,144P,144,No NegSOV,Rastorgueva-1963[ 57],
144P-twn,http://wals.info/languoid/lect/wals_code_twn,144P,144,No NegSOV,Trager-1946[ 202],
144P-ese,http://wals.info/languoid/lect/wals_code_ese,144P,144,No NegSOV,"Shoemaker-and-Shoemaker-1967[ 242, passim]",
144P-hmi,http://wals.info/languoid/lect/wals_code_hmi,144P,144,No NegSOV,Minor-et-al-1982[ 16],
144P-kmp,http://wals.info/languoid/lect/wals_code_kmp,144P,144,No NegSOV,Geary-1977[ 27-28],
144P-naj,http://wals.info/languoid/lect/wals_code_naj,144P,144,No NegSOV,"Khan-1999[ 115, 356-357]",
144P-raw,http://wals.info/languoid/lect/wals_code_raw,144P,144,No NegSOV,Barnard-1934[ passim],
144P-tar,http://wals.info/languoid/lect/wals_code_tar,144P,144,No NegSOV,Aikhenvald-2003,
144P-yar,http://wals.info/languoid/lect/wals_code_yar,144P,144,No NegSOV,"Weimer-and-Weimer-1975[ 62, 65]",
144P-yuw,http://wals.info/languoid/lect/wals_code_yuw,144P,144,NoDoubleNeg,"Williams-1980a[ 107, 112]",
144P-baa,http://wals.info/languoid/lect/wals_code_baa,144P,144,No NegSOV,Olson-1975[ 482],
144P-hay,http://wals.info/languoid/lect/wals_code_hay,144P,144,No NegSOV,Michailovsky-1988[ 161],
144P-kma,http://wals.info/languoid/lect/wals_code_kma,144P,144,No NegSOV,Seki-2000[ 329-330],
144P-sro,http://wals.info/languoid/lect/wals_code_sro,144P,144,No NegSOV,"Wells-1979[ 59-60, passim]",
144P-ctm,http://wals.info/languoid/lect/wals_code_ctm,144P,144,No NegSOV,Swanton-1919[ 18-19],
144P-gmw,http://wals.info/languoid/lect/wals_code_gmw,144P,144,No NegSOV,Olson-1988[ 160],
144P-kng,http://wals.info/languoid/lect/wals_code_kng,144P,144,No NegSOV,"Henry-1948[ 121, 144-145]",
144P-krc,http://wals.info/languoid/lect/wals_code_krc,144P,144,No NegSOV,"Seegmiller-1996[ 25, 36]",
144P-mnm,http://wals.info/languoid/lect/wals_code_mnm,144P,144,No NegSOV,Lichtenberk-1983[ 384],
144P-nga,http://wals.info/languoid/lect/wals_code_nga,144P,144,No NegSOV,Helimski-1998a[ 511],
144P-udm,http://wals.info/languoid/lect/wals_code_udm,144P,144,No NegSOV,Tepljashina-1966[ 270-272],
144P-wbn,http://wals.info/languoid/lect/wals_code_wbn,144P,144,No NegSOV,de-Vries-1989[ 32],
144P-ytu,http://wals.info/languoid/lect/wals_code_ytu,144P,144,No NegSOV,"Krejnovich-1958[ 138-140, 151-152]",
144P-cay,http://wals.info/languoid/lect/wals_code_cay,144P,144,No NegSOV,Abrahamson-1962[ 233],
144P-chp,http://wals.info/languoid/lect/wals_code_chp,144P,144,No NegSOV,"Richardson-1968[ 10, passim]",
144P-dji,http://wals.info/languoid/lect/wals_code_dji,144P,144,No NegSOV,Chadwick-1975[ 83],
144P-kmh,http://wals.info/languoid/lect/wals_code_kmh,144P,144,No NegSOV,Watters-1998[ 198];Watters-1973[ 107-108],
144P-kol,http://wals.info/languoid/lect/wals_code_kol,144P,144,No NegSOV,"Emeneau-1955[ 65, 75-78, 110-101]",
144P-kry,http://wals.info/languoid/lect/wals_code_kry,144P,144,No NegSOV,Zhukova-1968b[ 281],
144P-koy,http://wals.info/languoid/lect/wals_code_koy,144P,144,No NegSOV,"Tyler-1969[ 85-86, 96-97]",
144P-shi,http://wals.info/languoid/lect/wals_code_shi,144P,144,No NegSOV,"Gomez-1990[ 91-92, 108-109]",
144P-tbu,http://wals.info/languoid/lect/wals_code_tbu,144P,144,No NegSOV,Tucker-and-Bryan-1966[ 191],
144P-hum,http://wals.info/languoid/lect/wals_code_hum,144P,144,No NegSOV,"Burtch-and-Wise-1968[ 22, 23]",
144P-jiv,http://wals.info/languoid/lect/wals_code_jiv,144P,144,No NegSOV,Beuchat-and-Rivet-1909[ 816-817],
144P-msl,http://wals.info/languoid/lect/wals_code_msl,144P,144,No NegSOV,Edgar-1989[ 29],
144P-syu,http://wals.info/languoid/lect/wals_code_syu,144P,144,No NegSOV,Irwin-1974[ 11],
144P-ser,http://wals.info/languoid/lect/wals_code_ser,144P,144,No NegSOV,Marlett-1981[ 72-73],
144P-vai,http://wals.info/languoid/lect/wals_code_vai,144P,144,No NegSOV,"Welmers-1976[ 77, 84-94, 96]",
144P-gwa,http://wals.info/languoid/lect/wals_code_gwa,144P,144,No NegSOV,Hyman-and-Magaji-1970[ 118],
144P-kmb,http://wals.info/languoid/lect/wals_code_kmb,144P,144,No NegSOV,de-Vries-1993[ 30],
144P-pno,http://wals.info/languoid/lect/wals_code_pno,144P,144,NoDoubleNeg,Snapp-et-al-1982[ 13],
144P-aly,http://wals.info/languoid/lect/wals_code_aly,144P,144,No NegSOV,Yallop-1977[ 56],
144P-kiw,http://wals.info/languoid/lect/wals_code_kiw,144P,144,No NegSOV,Ray-1933[ passim],
144P-mnc,http://wals.info/languoid/lect/wals_code_mnc,144P,144,No NegSOV,Haenisch-1961[ 58],
144P-miz,http://wals.info/languoid/lect/wals_code_miz,144P,144,No NegSOV,Chhangte-1989[ 132],
144P-aze,http://wals.info/languoid/lect/wals_code_aze,144P,144,No NegSOV,Householder-and-Lofti-1965[ 61],
144P-ben,http://wals.info/languoid/lect/wals_code_ben,144P,144,No NegSOV,Dasgupta-2003[ 375],
144P-but,http://wals.info/languoid/lect/wals_code_but,144P,144,No NegSOV,Poppe-1960[ 56],
144P-chc,http://wals.info/languoid/lect/wals_code_chc,144P,144,No NegSOV,Nichols-1994a[ 44],
144P-hua,http://wals.info/languoid/lect/wals_code_hua,144P,144,No NegSOV,"Haiman-1980[ 193, 335]",
144P-mpa,http://wals.info/languoid/lect/wals_code_mpa,144P,144,No NegSOV,Walsh-1976[ 277];Street-1980[ 86],
144P-new,http://wals.info/languoid/lect/wals_code_new,144P,144,No NegSOV,Malla-1985[ 87-89],
144P-was,http://wals.info/languoid/lect/wals_code_was,144P,144,No NegSOV,Kroeber-1906[ 290-291],
144P-ttu,http://wals.info/languoid/lect/wals_code_ttu,144P,144,No NegSOV,"Holisky-and-Gagua-1994[ 186, 199, 210]",
144P-wsk,http://wals.info/languoid/lect/wals_code_wsk,144P,144,No NegSOV,Ross-and-Paol-1978[ 14],
144P-ao,http://wals.info/languoid/lect/wals_code_ao,144P,144,No NegSOV,"Coupe-2007[ 291-292, 341]",
144P-apl,http://wals.info/languoid/lect/wals_code_apl,144P,144,No NegSOV,Koehn-and-Koehn-1986[ 64],
144P-lai,http://wals.info/languoid/lect/wals_code_lai,144P,144,No NegSOV,Hay-Neave-1953[ 24],
144P-nar,http://wals.info/languoid/lect/wals_code_nar,144P,144,No NegSOV,Thompson-1976a[ 493];Tucker-and-Bryan-1966[ 334],
144P-tam,http://wals.info/languoid/lect/wals_code_tam,144P,144,No NegSOV,Mazaudon-2003[ 301];Mazaudon-1976[ 18],
144P-tib,http://wals.info/languoid/lect/wals_code_tib,144P,144,No NegSOV,De-Lancey-2003[ 285],
144P-udh,http://wals.info/languoid/lect/wals_code_udh,144P,144,No NegSOV,Nikolaeva-and-Tolskaya-2001[ 818],
144P-cct,http://wals.info/languoid/lect/wals_code_cct,144P,144,No NegSOV,Nicklas-1979[ 65];Davies-1981c[ 51],
144P-dum,http://wals.info/languoid/lect/wals_code_dum,144P,144,No NegSOV,Ross-1980[ 99],
144P-trb,http://wals.info/languoid/lect/wals_code_trb,144P,144,No NegSOV,Quesada-2000[ 103],
144P-tja,http://wals.info/languoid/lect/wals_code_tja,144P,144,OnlyWithAnotherNeg,Miller-2001[ 168],
144P-din,http://wals.info/languoid/lect/wals_code_din,144P,144,No NegSOV,"Tucker-and-Bryan-1966[ 430, 437];Nebel-1948[ 17, 56-58]",
144P-mgg,http://wals.info/languoid/lect/wals_code_mgg,144P,144,No NegSOV,Slater-2003[ 146],
144P-res,http://wals.info/languoid/lect/wals_code_res,144P,144,NoDoubleNeg,"Allin-1976[ 309-310, passim]",
144P-kab,http://wals.info/languoid/lect/wals_code_kab,144P,144,No NegSOV,"Colarusso-1989[ 311, 320, passim]",
144P-nmb,http://wals.info/languoid/lect/wals_code_nmb,144P,144,No NegSOV,Kroeker-1982[ 30],
144P-nas,http://wals.info/languoid/lect/wals_code_nas,144P,144,No NegSOV,Hurd-and-Hurd-1966[ passim],
144P-guu,http://wals.info/languoid/lect/wals_code_guu,144P,144,No NegSOV,Haviland-1979[ 143],
144P-hop,http://wals.info/languoid/lect/wals_code_hop,144P,144,No NegSOV,Kalectaca-1978[ 39],
144P-mis,http://wals.info/languoid/lect/wals_code_mis,144P,144,No NegSOV,Adam-1891[ 50ff];Anonymous-1985[ 147],
144P-djp,http://wals.info/languoid/lect/wals_code_djp,144P,144,NoDoubleNeg,Morphy-1983[ 147],
144P-krd,http://wals.info/languoid/lect/wals_code_krd,144P,144,No NegSOV,"Abdulla-and-McCarus-1967[ 78, 214];Blau-1980[ 68]",
144P-ygr,http://wals.info/languoid/lect/wals_code_ygr,144P,144,No NegSOV,Renck-1975[ 84-85],
144P-pae,http://wals.info/languoid/lect/wals_code_pae,144P,144,No NegSOV,Slocum-1986[ 73],
144P-mns,http://wals.info/languoid/lect/wals_code_mns,144P,144,No NegSOV,"Murphy-1968[ 140-142, 162];Honti-1988[ 163]",
144P-arc,http://wals.info/languoid/lect/wals_code_arc,144P,144,No NegSOV,Kibrik-et-al-1977[ III:244-III:247],
144P-ava,http://wals.info/languoid/lect/wals_code_ava,144P,144,No NegSOV,Bokarev-1949b[ 128],
144P-uzb,http://wals.info/languoid/lect/wals_code_uzb,144P,144,No NegSOV,"Boeschoten-1998[ 357, 373]",
144P-kty,http://wals.info/languoid/lect/wals_code_kty,144P,144,No NegSOV,Honti-1988[ 190],
144P-mym,http://wals.info/languoid/lect/wals_code_mym,144P,144,No NegSOV,Asher-and-Kumari-1997[ passim],
144P-tel,http://wals.info/languoid/lect/wals_code_tel,144P,144,No NegSOV,"Lisker-1963[ 204-207, 259]",
144P-ykt,http://wals.info/languoid/lect/wals_code_ykt,144P,144,No NegSOV,Stachowski-and-Menz-1998[ 431];Krueger-1962[ 127],
144P-awt,http://wals.info/languoid/lect/wals_code_awt,144P,144,No NegSOV,"Feldman-1986[ 57, 146, 146]",
144P-nep,http://wals.info/languoid/lect/wals_code_nep,144P,144,No NegSOV,Bandhu-1973[ 40ff],
144P-tgr,http://wals.info/languoid/lect/wals_code_tgr,144P,144,No NegSOV,Raz-1983[ 76],
144P-tuv,http://wals.info/languoid/lect/wals_code_tuv,144P,144,No NegSOV,Krueger-1977[ 129],
144P-ret,http://wals.info/languoid/lect/wals_code_ret,144P,144,No NegSOV,Strom-1992[ 145],
144P-tau,http://wals.info/languoid/lect/wals_code_tau,144P,144,No NegSOV,MacDonald-1990[ 216],
144P-ijo,http://wals.info/languoid/lect/wals_code_ijo,144P,144,No NegSOV,Williamson-1965[ 74],
144P-psh,http://wals.info/languoid/lect/wals_code_psh,144P,144,No NegSOV,"Shafeev-1964[ 52, 48]",
144P-wao,http://wals.info/languoid/lect/wals_code_wao,144P,144,No NegSOV,"Peeke-1994[ 273, 277];Peeke-1979[ 41]",
144P-wap,http://wals.info/languoid/lect/wals_code_wap,144P,144,No NegSOV,Radin-1929[ 139];Li-et-al-1977[ passim],
144P-kis,http://wals.info/languoid/lect/wals_code_kis,144P,144,No NegSOV,"Childs-1995[ 125, 142, 220-222, 227, 260-261]",
144P-tsh,http://wals.info/languoid/lect/wals_code_tsh,144P,144,No NegSOV,Dayley-1989a[ 320-322],
144P-ton,http://wals.info/languoid/lect/wals_code_ton,144P,144,No NegSOV,Hoijer-1933-1938[ 82];Troike-1967[ 329],
144P-mhi,http://wals.info/languoid/lect/wals_code_mhi,144P,144,No NegSOV,,
144P-amp,http://wals.info/languoid/lect/wals_code_amp,144P,144,No NegSOV,Wilkins-1989[ 235],
144P-die,http://wals.info/languoid/lect/wals_code_die,144P,144,No NegSOV,Langdon-1970[ 182],
144P-pan,http://wals.info/languoid/lect/wals_code_pan,144P,144,No NegSOV,"Gill-and-Gleason-1963[ 215-217, 221];Gill-and-Gleason-1969[ 139]",
144P-mne,http://wals.info/languoid/lect/wals_code_mne,144P,144,No NegSOV,Shipley-1964[ 44],
144P-ham,http://wals.info/languoid/lect/wals_code_ham,144P,144,No NegSOV,"Oates-and-Oates-1968[ 61, 63]",
144P-mac,http://wals.info/languoid/lect/wals_code_mac,144P,144,No NegSOV,Abbott-1991[ 55],
144P-mab,http://wals.info/languoid/lect/wals_code_mab,144P,144,No NegSOV,Tucker-and-Bryan-1966[ 204];Trenga-1947[ 139],
144P-chv,http://wals.info/languoid/lect/wals_code_chv,144P,144,No NegSOV,Krueger-1961[ 143],
144P-dut,http://wals.info/languoid/lect/wals_code_dut,144P,144,No NegSOV,Shetter-1958[ passim],
144P-una,http://wals.info/languoid/lect/wals_code_una,144P,144,No NegSOV,Louwerse-1988[ 88],
144P-tml,http://wals.info/languoid/lect/wals_code_tml,144P,144,No NegSOV,"Asher-1982[ 77, 175]",
144P-lah,http://wals.info/languoid/lect/wals_code_lah,144P,144,No NegSOV,"Matisoff-1973[ 45, 265]",
144P-zun,http://wals.info/languoid/lect/wals_code_zun,144P,144,OnlyWithAnotherNeg,"Nichols-1997b[ 10, 25]",
144P-snt,http://wals.info/languoid/lect/wals_code_snt,144P,144,No NegSOV,"Cowan-1965[ 18, passim]",
144P-som,http://wals.info/languoid/lect/wals_code_som,144P,144,No NegSOV,Kirk-1905[ 48-49];Saeed-1987[ 71],
144P-fur,http://wals.info/languoid/lect/wals_code_fur,144P,144,No NegSOV,Beaton-1968[ 95];Jakobi-1990[ 117],
144P-lad,http://wals.info/languoid/lect/wals_code_lad,144P,144,No NegSOV,Koshal-1979[ 243-250],
144P-lep,http://wals.info/languoid/lect/wals_code_lep,144P,144,No NegSOV,,
144P-tli,http://wals.info/languoid/lect/wals_code_tli,144P,144,No NegSOV,Naish-1979[ 118-124],
144P-bam,http://wals.info/languoid/lect/wals_code_bam,144P,144,No NegSOV,Bird-et-al-1977[ 219],
144P-nti,http://wals.info/languoid/lect/wals_code_nti,144P,144,NoDoubleNeg,"Kutsch-Lojenga-1994[ 242, 391]",
144P-car,http://wals.info/languoid/lect/wals_code_car,144P,144,No NegSOV,Hoff-1968[ 115],
144P-tun,http://wals.info/languoid/lect/wals_code_tun,144P,144,No NegSOV,Haas-1940[ 54],
144P-mku,http://wals.info/languoid/lect/wals_code_mku,144P,144,OptDoubleNeg,Tryon-1970b[ 53],
144P-amh,http://wals.info/languoid/lect/wals_code_amh,144P,144,No NegSOV,"Leslau-1995[ 292, 302];Leslau-1966[ 609-610]",
144P-arm,http://wals.info/languoid/lect/wals_code_arm,144P,144,No NegSOV,,
144P-aym,http://wals.info/languoid/lect/wals_code_aym,144P,144,No NegSOV,"Wexler-1967[ 25, 137]",
144P-baw,http://wals.info/languoid/lect/wals_code_baw,144P,144,No NegSOV,Reichle-1981[ 54],
144P-nbd,http://wals.info/languoid/lect/wals_code_nbd,144P,144,No NegSOV,Armbruster-1960[ 205],
144P-hai,http://wals.info/languoid/lect/wals_code_hai,144P,144,OnlyWithAnotherNeg,Enrico-2003[ 219],
144P-usa,http://wals.info/languoid/lect/wals_code_usa,144P,144,No NegSOV,Reesink-1987[ 276-285],
144P-bej,http://wals.info/languoid/lect/wals_code_bej,144P,144,No NegSOV,"Reinisch-1893[ 147, 184];Hudson-1974[ passim]",
144P-gar,http://wals.info/languoid/lect/wals_code_gar,144P,144,No NegSOV,Burling-1961[ 18],
144P-dag,http://wals.info/languoid/lect/wals_code_dag,144P,144,No NegSOV,"Murane-1974[ 112, 26]",
144P-cah,http://wals.info/languoid/lect/wals_code_cah,144P,144,No NegSOV,Seiler-1977[ 200],
144P-knm,http://wals.info/languoid/lect/wals_code_knm,144P,144,No NegSOV,Tucker-and-Bryan-1966[ 345],
144P-nav,http://wals.info/languoid/lect/wals_code_nav,144P,144,NoDoubleNeg,Reichard-1951[ 307];Young-and-Morgan-1980[ 352];Sapir-and-Hoijer-1967[ 109],
144P-cmn,http://wals.info/languoid/lect/wals_code_cmn,144P,144,NoDoubleNeg,Charney-1993[ 220],
144P-tru,http://wals.info/languoid/lect/wals_code_tru,144P,144,No NegSOV,"Monod-Becquelin-1975[ 179, 199, 211];Guirardello-1999a[ 233]",
144P-dni,http://wals.info/languoid/lect/wals_code_dni,144P,144,No NegSOV,Bromley-1981[ 321],
144P-nen,http://wals.info/languoid/lect/wals_code_nen,144P,144,No NegSOV,Tereshchenko-1966a[ 389];Salminen-1998[ 543];Hajdu-1963[ 69],
144P-urk,http://wals.info/languoid/lect/wals_code_urk,144P,144,No NegSOV,"Kakumasu-1986[ 357, 385]",
144P-ika,http://wals.info/languoid/lect/wals_code_ika,144P,144,No NegSOV,"Frank-1990[ 6, 89]",
144P-kse,http://wals.info/languoid/lect/wals_code_kse,144P,144,No NegSOV,Prost-1956[ passim],
144P-mun,http://wals.info/languoid/lect/wals_code_mun,144P,144,No NegSOV,"Osada-1992[ 87-88, 137, 152];Sinha-1975[ 148, 156]",
144P-yid,http://wals.info/languoid/lect/wals_code_yid,144P,144,No NegSOV,Dixon-1977a[ 372],
144P-asm,http://wals.info/languoid/lect/wals_code_asm,144P,144,No NegSOV,"Voorhoeve-1965[ 164-168, passim]",
144P-grb,http://wals.info/languoid/lect/wals_code_grb,144P,144,No NegSOV,Innes-1966[ 103],
144P-kio,http://wals.info/languoid/lect/wals_code_kio,144P,144,OnlyWithAnotherNeg,"Watkins-1984[ 176-178, 214-215]",
144P-wic,http://wals.info/languoid/lect/wals_code_wic,144P,144,NoDoubleNeg,Rood-1976[ 157-158];Rood-1996[ 600],
144P-irq,http://wals.info/languoid/lect/wals_code_irq,144P,144,No NegSOV,Tucker-and-Bryan-1966[ 589],
144P-kew,http://wals.info/languoid/lect/wals_code_kew,144P,144,No NegSOV,"Franklin-1971[ 30, 47]",
144P-snm,http://wals.info/languoid/lect/wals_code_snm,144P,144,No NegSOV,Borgman-1990[ 81-85],
144P-shk,http://wals.info/languoid/lect/wals_code_shk,144P,144,No NegSOV,Faust-1973[ 17],
144P-epe,http://wals.info/languoid/lect/wals_code_epe,144P,144,No NegSOV,"Harms-1994[ 15, 131]",
144P-ket,http://wals.info/languoid/lect/wals_code_ket,144P,144,No NegSOV,Dulzon-1968[ 576];Werner-1997a[ 336],
144P-koa,http://wals.info/languoid/lect/wals_code_koa,144P,144,No NegSOV,Kimball-1991[ 58-87],
144P-hzb,http://wals.info/languoid/lect/wals_code_hzb,144P,144,No NegSOV,van-den-Berg-1995[ 77],
144P-qim,http://wals.info/languoid/lect/wals_code_qim,144P,144,NoDoubleNeg,Cole-1982[ 85],
144P-ram,http://wals.info/languoid/lect/wals_code_ram,144P,144,No NegSOV,Grinevald-1988[ 181-190],
144P-niv,http://wals.info/languoid/lect/wals_code_niv,144P,144,No NegSOV,Panfilov-1962[ 156-157],
144P-awp,http://wals.info/languoid/lect/wals_code_awp,144P,144,No NegSOV,"Curnow-1997[ 332, 334]",
144P-kob,http://wals.info/languoid/lect/wals_code_kob,144P,144,No NegSOV,Davies-1981b[ 78],
144P-mar,http://wals.info/languoid/lect/wals_code_mar,144P,144,No NegSOV,Gordon-1986[ 71],
144P-ala,http://wals.info/languoid/lect/wals_code_ala,144P,144,No NegSOV,Bruce-1984[ 192-193],
144P-lav,http://wals.info/languoid/lect/wals_code_lav,144P,144,No NegSOV,"Terrill-1999[ 413ff, 17.2, 417, 17.2.4]",
144P-ain,http://wals.info/languoid/lect/wals_code_ain,144P,144,No NegSOV,Shibatani-1990[ 24];Refsing-1986[ 137];Dettmer-1989[ 913],
144P-lkt,http://wals.info/languoid/lect/wals_code_lkt,144P,144,No NegSOV,Boas-and-Deloria-1941[ 104];Buechel-1939[ 352];Rood-and-Taylor-1996[ 474],
144P-prh,http://wals.info/languoid/lect/wals_code_prh,144P,144,No NegSOV,"Everett-1986[ 289, passim]",
144P-kho,http://wals.info/languoid/lect/wals_code_kho,144P,144,No NegSOV,"Hagman-1977[ 88, 112]",
144P-brm,http://wals.info/languoid/lect/wals_code_brm,144P,144,No NegSOV,Soe-1999[ 144-145];Cornyn-and-Roop-1968[ 44];Okell-1969[ passim],
144P-knr,http://wals.info/languoid/lect/wals_code_knr,144P,144,No NegSOV,"Lukas-1937[ 36, 68];Hutchison-1976[ 50, 52, passim]",
144P-yko,http://wals.info/languoid/lect/wals_code_yko,144P,144,No NegSOV,Maslova-1999[ 591],
144P-bur,http://wals.info/languoid/lect/wals_code_bur,144P,144,No NegSOV,Lorimer-1935[ 305];Tiffou-and-Pesot-1989[ 73],
144P-orh,http://wals.info/languoid/lect/wals_code_orh,144P,144,No NegSOV,Owens-1985[ 66],
144P-yaq,http://wals.info/languoid/lect/wals_code_yaq,144P,144,No NegSOV,Lindenfeld-1973[ 31],
144P-sla,http://wals.info/languoid/lect/wals_code_sla,144P,144,No NegSOV,"Rice-1989[ 1101, 1103]",
144P-grw,http://wals.info/languoid/lect/wals_code_grw,144P,144,No NegSOV,Schultz-Lorentzen-1945[ 170];Fortescue-1984[ 136],
144P-hin,http://wals.info/languoid/lect/wals_code_hin,144P,144,No NegSOV,"McGregor-1977[ 18, 58]",
144P-ckr,http://wals.info/languoid/lect/wals_code_ckr,144P,144,No NegSOV,Popjes-and-Popjes-1986[ 160],
144P-geo,http://wals.info/languoid/lect/wals_code_geo,144P,144,No NegSOV,Vogt-1971[ 224],
144P-knd,http://wals.info/languoid/lect/wals_code_knd,144P,144,No NegSOV,Bright-1958[ 24];Sridhar-1990[ 227-228];Schiffman-1983[ 113-116],
144P-kha,http://wals.info/languoid/lect/wals_code_kha,144P,144,No NegSOV,"Binnick-1979[ 32, passim]",
144P-sup,http://wals.info/languoid/lect/wals_code_sup,144P,144,No NegSOV,Carlson-1994[ 376],
144P-bsq,http://wals.info/languoid/lect/wals_code_bsq,144P,144,No NegSOV,Lafitte-1962[ 48-49],
144P-abk,http://wals.info/languoid/lect/wals_code_abk,144P,144,No NegSOV,Hewitt-1979[ 70],
144P-eve,http://wals.info/languoid/lect/wals_code_eve,144P,144,No NegSOV,"Nedjalkov-1997[ 97, 269]",
144P-kor,http://wals.info/languoid/lect/wals_code_kor,144P,144,No NegSOV,,
144P-prs,http://wals.info/languoid/lect/wals_code_prs,144P,144,No NegSOV,Lambton-1967[ 18];Rastorgueva-1964[ 35],
144P-ame,http://wals.info/languoid/lect/wals_code_ame,144P,144,No NegSOV,Roberts-1987[ 110],
144P-ger,http://wals.info/languoid/lect/wals_code_ger,144P,144,No NegSOV,Lederer-1969[ 583],
144P-lez,http://wals.info/languoid/lect/wals_code_lez,144P,144,No NegSOV,"Haspelmath-1993[ 127, 133-134, 245]",
144P-jpn,http://wals.info/languoid/lect/wals_code_jpn,144P,144,No NegSOV,Hinds-1986[ 98],
144P-tur,http://wals.info/languoid/lect/wals_code_tur,144P,144,No NegSOV,Lewis-1967[ 110];Underhill-1976[ 57],
144P-dds,http://wals.info/languoid/lect/wals_code_dds,144P,144,No NegSOV,Kervran-and-Prost-1969[ 65-67],
144P-agb,http://wals.info/languoid/lect/wals_code_agb,144P,144,No NegSOV,,
144P-wna,http://wals.info/languoid/lect/wals_code_wna,144P,144,No NegSOV,Nikitina-2008[ passim],
144P-jms,http://wals.info/languoid/lect/wals_code_jms,144P,144,No NegSOV,Heath-2008[ 366ff],
144P-mdw,http://wals.info/languoid/lect/wals_code_mdw,144P,144,No NegSOV,Amboulou-1998[312],
144P-zag,http://wals.info/languoid/lect/wals_code_zag,144P,144,No NegSOV,Crass-and-Jakobi-2004[ 93-94],
144P-sid,http://wals.info/languoid/lect/wals_code_sid,144P,144,No NegSOV,Kawachi-2007[ 286],
144P-tdr,http://wals.info/languoid/lect/wals_code_tdr,144P,144,No NegSOV,Kretschmar-1986[ 74],
144P-knz,http://wals.info/languoid/lect/wals_code_knz,144P,144,No NegSOV,Causemann-1989[ 102],
144P-khd,http://wals.info/languoid/lect/wals_code_khd,144P,144,No NegSOV,"Hasler-1999[ 213, 214]",
144P-wme,http://wals.info/languoid/lect/wals_code_wme,144P,144,No NegSOV,Opgenort-2004[ 249],
144P-rgc,http://wals.info/languoid/lect/wals_code_rgc,144P,144,No NegSOV,Sun-2003[498],
144P-mpt,http://wals.info/languoid/lect/wals_code_mpt,144P,144,No NegSOV,Fedden-2007[ 299],
144P-mkj,http://wals.info/languoid/lect/wals_code_mkj,144P,144,No NegSOV,Huber-2008[ passim],
144P-abv,http://wals.info/languoid/lect/wals_code_abv,144P,144,No NegSOV,Kratochvil-2007[ 277],
144P-adg,http://wals.info/languoid/lect/wals_code_adg,144P,144,No NegSOV,"Haan-2001[ 73-74, 220]",
144P-brp,http://wals.info/languoid/lect/wals_code_brp,144P,144,No NegSOV,"Corris-2005[127, 298]",
144P-kwt,http://wals.info/languoid/lect/wals_code_kwt,144P,144,No NegSOV,"Spencer-2008[ 107, 124, 131, 132, 150]",
144P-kmz,http://wals.info/languoid/lect/wals_code_kmz,144P,144,No NegSOV,Sanders-and-Sanders-1994[ 19],
144P-inn,http://wals.info/languoid/lect/wals_code_inn,144P,144,NoDoubleNeg,Breen-2004[47],
144P-eme,http://wals.info/languoid/lect/wals_code_eme,144P,144,No NegSOV,Rose-2003b[ 399],
144P-kyz,http://wals.info/languoid/lect/wals_code_kyz,144P,144,No NegSOV,Gomes-2007[ 173],
144P-cpy,http://wals.info/languoid/lect/wals_code_cpy,144P,144,NoDoubleNeg,Cerron-Palomino-2006[ 241],
