ID,Language_ID,Parameter_ID,Contribution_ID,Value,Source,Comment
15A-ahs,http://wals.info/languoid/lect/wals_code_ahs,15A,15,Unbounded: Stress can be anywhere,Irshied-and-Kenstowicz-1984[109-148],
15A-arh,http://wals.info/languoid/lect/wals_code_arh,15A,15,Right-oriented: One of the last three,Al-Mozainy-1981,
15A-atb,http://wals.info/languoid/lect/wals_code_atb,15A,15,Fixed stress (no weight-sensitivity),McKenzie-1991[99-149],
15A-bnl,http://wals.info/languoid/lect/wals_code_bnl,15A,15,Fixed stress (no weight-sensitivity),Schurmann-1844,
15A-bim,http://wals.info/languoid/lect/wals_code_bim,15A,15,Fixed stress (no weight-sensitivity),Verheijen-1982,
15A-daa,http://wals.info/languoid/lect/wals_code_daa,15A,15,Fixed stress (no weight-sensitivity),Barr-1995;Barr-and-Barr-1988,
15A-hln,http://wals.info/languoid/lect/wals_code_hln,15A,15,Fixed stress (no weight-sensitivity),Cooper-and-Cooper-1966,
15A-irm,http://wals.info/languoid/lect/wals_code_irm,15A,15,Unbounded: Stress can be anywhere,Dillon-1961;O-Siadhail-1989,
15A-kli,http://wals.info/languoid/lect/wals_code_kli,15A,15,Fixed stress (no weight-sensitivity),Esser-1934,
15A-kaw,http://wals.info/languoid/lect/wals_code_kaw,15A,15,Fixed stress (no weight-sensitivity),Bridgeman-1961,
15A-kap,http://wals.info/languoid/lect/wals_code_kap,15A,15,Fixed stress (no weight-sensitivity),Collier-and-Collier-1975,
15A-kuz,http://wals.info/languoid/lect/wals_code_kuz,15A,15,Right-edge: Ultimate or penultimate,Dubois-1976;Meiklejohn-and-Meiklejohn-1958[1-3],
15A-lla,http://wals.info/languoid/lect/wals_code_lla,15A,15,Fixed stress (no weight-sensitivity),Laycock-1971,
15A-lje,http://wals.info/languoid/lect/wals_code_lje,15A,15,Fixed stress (no weight-sensitivity),Himmelmann-1991,
15A-mms,http://wals.info/languoid/lect/wals_code_mms,15A,15,Fixed stress (no weight-sensitivity),Matti-1991,
15A-meb,http://wals.info/languoid/lect/wals_code_meb,15A,15,Right-edge: Ultimate or penultimate,Ikranegara-1980;Wallace-1976,
15A-liv,http://wals.info/languoid/lect/wals_code_liv,15A,15,Fixed stress (no weight-sensitivity),Sjogren-1861,
15A-mgd,http://wals.info/languoid/lect/wals_code_mgd,15A,15,Fixed stress (no weight-sensitivity),Dunnebier-1929,
15A-mrk,http://wals.info/languoid/lect/wals_code_mrk,15A,15,Unbounded: Stress can be anywhere,Abbott-1985,
15A-nsy,http://wals.info/languoid/lect/wals_code_nsy,15A,15,Fixed stress (no weight-sensitivity),Tsereteli-1978,
15A-oto,http://wals.info/languoid/lect/wals_code_oto,15A,15,Left-edge: First or second,Miner-1979;Whitman-1947,
15A-pag,http://wals.info/languoid/lect/wals_code_pag,15A,15,Fixed stress (no weight-sensitivity),Wimbish-1992,
15A-plb,http://wals.info/languoid/lect/wals_code_plb,15A,15,Right-edge: Ultimate or penultimate,Olesch-1974,
15A-plp,http://wals.info/languoid/lect/wals_code_plp,15A,15,Fixed stress (no weight-sensitivity),Mihing-and-Stokhof-1977,
15A-rnr,http://wals.info/languoid/lect/wals_code_rnr,15A,15,Fixed stress (no weight-sensitivity),Ventzel-1983,
15A-rsm,http://wals.info/languoid/lect/wals_code_rsm,15A,15,Right-edge: Ultimate or penultimate,Kamprath-1987;Roca-1999,
15A-sao,http://wals.info/languoid/lect/wals_code_sao,15A,15,Not predictable,Welmers-1952b,
15A-sps,http://wals.info/languoid/lect/wals_code_sps,15A,15,Not predictable,Snyder-1968,
15A-sbg,http://wals.info/languoid/lect/wals_code_sbg,15A,15,Fixed stress (no weight-sensitivity),Gault-1979[49-67],
15A-sgr,http://wals.info/languoid/lect/wals_code_sgr,15A,15,Fixed stress (no weight-sensitivity),Sneddon-1984;Adriani-1893,
15A-skl,http://wals.info/languoid/lect/wals_code_skl,15A,15,Fixed stress (no weight-sensitivity),Kohler-1955,
15A-svc,http://wals.info/languoid/lect/wals_code_svc,15A,15,Unbounded: Stress can be anywhere,Kurylowicz-1960;Lorentz-1903;Lehr-Splawinski-1917,
15A-tld,http://wals.info/languoid/lect/wals_code_tld,15A,15,Fixed stress (no weight-sensitivity),Talens-1911;Sneddon-1984,
15A-thp,http://wals.info/languoid/lect/wals_code_thp,15A,15,Fixed stress (no weight-sensitivity),Rigsby-1976,
15A-tse,http://wals.info/languoid/lect/wals_code_tse,15A,15,Fixed stress (no weight-sensitivity),Middelkoop-1950,
15A-tnt,http://wals.info/languoid/lect/wals_code_tnt,15A,15,Right-edge: Ultimate or penultimate,Adriani-and-Adriani-1908,
15A-trd,http://wals.info/languoid/lect/wals_code_trd,15A,15,Fixed stress (no weight-sensitivity),Sande-and-Stokhof-1977,
15A-tzz,http://wals.info/languoid/lect/wals_code_tzz,15A,15,Fixed stress (no weight-sensitivity),Haviland-et-al-nd,
15A-yil,http://wals.info/languoid/lect/wals_code_yil,15A,15,Left-edge: First or second,Martens-and-Tuominen-1977,
15A-jum,http://wals.info/languoid/lect/wals_code_jum,15A,15,Fixed stress (no weight-sensitivity),Abramson-1968,
15A-akl,http://wals.info/languoid/lect/wals_code_akl,15A,15,Right-edge: Ultimate or penultimate,Chai-1971,
15A-abe,http://wals.info/languoid/lect/wals_code_abe,15A,15,Right-oriented: One of the last three,Abdul-Karim-1979,
15A-ael,http://wals.info/languoid/lect/wals_code_ael,15A,15,Right-oriented: One of the last three,Owens-1984,
15A-arv,http://wals.info/languoid/lect/wals_code_arv,15A,15,Combined: Right-edge and unbounded,Blanc-1971[112-150],
15A-awd,http://wals.info/languoid/lect/wals_code_awd,15A,15,Right-edge: Ultimate or penultimate,Saksena-1971,
15A-blk,http://wals.info/languoid/lect/wals_code_blk,15A,15,Fixed stress (no weight-sensitivity),Busenitz-and-Busenitz-1991[29-47],
15A-bbm,http://wals.info/languoid/lect/wals_code_bbm,15A,15,Fixed stress (no weight-sensitivity),Campbell-1991[1-52],
15A-bna,http://wals.info/languoid/lect/wals_code_bna,15A,15,Right-edge: Ultimate or penultimate,Buller-and-Buller-1986,
15A-bnt,http://wals.info/languoid/lect/wals_code_bnt,15A,15,Fixed stress (no weight-sensitivity),Sneddon-1984,
15A-bqi,http://wals.info/languoid/lect/wals_code_bqi,15A,15,Left-edge: First or second,Hualde-1999;Ibarra-1994,
15A-bqb,http://wals.info/languoid/lect/wals_code_bqb,15A,15,Fixed stress (no weight-sensitivity),Hualde-1999,
15A-bqg,http://wals.info/languoid/lect/wals_code_bqg,15A,15,Not predictable,Hualde-1999,
15A-bqh,http://wals.info/languoid/lect/wals_code_bqh,15A,15,Right-edge: Ultimate or penultimate,Hualde-1999,
15A-bql,http://wals.info/languoid/lect/wals_code_bql,15A,15,Fixed stress (no weight-sensitivity),Hualde-1999,
15A-bqn,http://wals.info/languoid/lect/wals_code_bqn,15A,15,Fixed stress (no weight-sensitivity),Hualde-1999;Ibarra-1994,
15A-bqo,http://wals.info/languoid/lect/wals_code_bqo,15A,15,Fixed stress (no weight-sensitivity),Hualde-1999,
15A-bqr,http://wals.info/languoid/lect/wals_code_bqr,15A,15,Fixed stress (no weight-sensitivity),Hualde-1999,
15A-bqs,http://wals.info/languoid/lect/wals_code_bqs,15A,15,Fixed stress (no weight-sensitivity),Hualde-1991;Hualde-1999,
15A-bso,http://wals.info/languoid/lect/wals_code_bso,15A,15,Right-edge: Ultimate or penultimate,Hualde-1999;Hualde-1993;Hualde-nd,
15A-bqz,http://wals.info/languoid/lect/wals_code_bqz,15A,15,Not predictable,Hualde-1999,
15A-cup,http://wals.info/languoid/lect/wals_code_cup,15A,15,Fixed stress (no weight-sensitivity),Munro-1990,
15A-dhu,http://wals.info/languoid/lect/wals_code_dhu,15A,15,Left-edge: First or second,Eades-1976,
15A-dou,http://wals.info/languoid/lect/wals_code_dou,15A,15,Fixed stress (no weight-sensitivity),McAllister-and-McAllister-1991,
15A-glp,http://wals.info/languoid/lect/wals_code_glp,15A,15,Fixed stress (no weight-sensitivity),Wood-1978,
15A-gay,http://wals.info/languoid/lect/wals_code_gay,15A,15,Right-edge: Ultimate or penultimate,Hazeu-1907,
15A-gor,http://wals.info/languoid/lect/wals_code_gor,15A,15,Unbounded: Stress can be anywhere,Seidel-1900,
15A-hno,http://wals.info/languoid/lect/wals_code_hno,15A,15,Unbounded: Stress can be anywhere,Enrico-1991,
15A-jua,http://wals.info/languoid/lect/wals_code_jua,15A,15,Fixed stress (no weight-sensitivity),Douglas-1968,
15A-klp,http://wals.info/languoid/lect/wals_code_klp,15A,15,Fixed stress (no weight-sensitivity),Berman-1990,
15A-kra,http://wals.info/languoid/lect/wals_code_kra,15A,15,Unbounded: Stress can be anywhere,Schlie-and-Schlie-1993,
15A-kaj,http://wals.info/languoid/lect/wals_code_kaj,15A,15,Unbounded: Stress can be anywhere,Dommel-and-Dommel-1991,
15A-ktn,http://wals.info/languoid/lect/wals_code_ktn,15A,15,Not predictable,Sims-and-Sims-1982,
15A-kit,http://wals.info/languoid/lect/wals_code_kit,15A,15,Not predictable,Bucca-and-Lesser-1969,
15A-mly,http://wals.info/languoid/lect/wals_code_mly,15A,15,Right-edge: Ultimate or penultimate,Winstedt-1927;Lewis-1947,
15A-mnj,http://wals.info/languoid/lect/wals_code_mnj,15A,15,Fixed stress (no weight-sensitivity),Marsh-1969,
15A-myy,http://wals.info/languoid/lect/wals_code_myy,15A,15,Fixed stress (no weight-sensitivity),Breen-1981b,
15A-mta,http://wals.info/languoid/lect/wals_code_mta,15A,15,Fixed stress (no weight-sensitivity),Court-1972,
15A-npu,http://wals.info/languoid/lect/wals_code_npu,15A,15,Fixed stress (no weight-sensitivity),Hanna-and-Hanna-1991,
15A-nin,http://wals.info/languoid/lect/wals_code_nin,15A,15,Fixed stress (no weight-sensitivity),Manning-and-Jaggers-1977,
15A-nbo,http://wals.info/languoid/lect/wals_code_nbo,15A,15,Fixed stress (no weight-sensitivity),Bickmore-1992;Bickmore-1989,
15A-obk,http://wals.info/languoid/lect/wals_code_obk,15A,15,Unbounded: Stress can be anywhere,Scott-and-Jenison-1991,
15A-olm,http://wals.info/languoid/lect/wals_code_olm,15A,15,Fixed stress (no weight-sensitivity),Muller-1858,
15A-pkm,http://wals.info/languoid/lect/wals_code_pkm,15A,15,Fixed stress (no weight-sensitivity),Mayers-1960,
15A-sru,http://wals.info/languoid/lect/wals_code_sru,15A,15,Right-edge: Ultimate or penultimate,Coward-1989;Drabbe-1932,
15A-sly,http://wals.info/languoid/lect/wals_code_sly,15A,15,Fixed stress (no weight-sensitivity),Mithun-and-Basri-1986,
15A-skr,http://wals.info/languoid/lect/wals_code_skr,15A,15,Unbounded: Stress can be anywhere,Martin-1991b,
15A-sto,http://wals.info/languoid/lect/wals_code_sto,15A,15,Fixed stress (no weight-sensitivity),Shaw-1985a,
15A-tbr,http://wals.info/languoid/lect/wals_code_tbr,15A,15,Fixed stress (no weight-sensitivity),Fortgens-1928,
15A-tns,http://wals.info/languoid/lect/wals_code_tns,15A,15,Right-edge: Ultimate or penultimate,Lynch-1982b,
15A-tgw,http://wals.info/languoid/lect/wals_code_tgw,15A,15,Right-edge: Ultimate or penultimate,Nivens-1992,
15A-unm,http://wals.info/languoid/lect/wals_code_unm,15A,15,Right-oriented: One of the last three,Goddard-1979;Goddard-1982,
15A-wer,http://wals.info/languoid/lect/wals_code_wer,15A,15,Fixed stress (no weight-sensitivity),Boxwell-and-Boxwell-1966,
15A-wet,http://wals.info/languoid/lect/wals_code_wet,15A,15,Fixed stress (no weight-sensitivity),de-Jong-1987,
15A-yzv,http://wals.info/languoid/lect/wals_code_yzv,15A,15,Unbounded: Stress can be anywhere,Austerlitz-1964;Itkonen-1955;Lytkin-1961,
15A-ych,http://wals.info/languoid/lect/wals_code_ych,15A,15,Left-edge: First or second,Woodbury-1981;Jacobson-1985,
15A-yun,http://wals.info/languoid/lect/wals_code_yun,15A,15,Left-edge: First or second,Jacobson-1985,
15A-ysl,http://wals.info/languoid/lect/wals_code_ysl,15A,15,Not predictable,Jacobson-1985;Krauss-1975;Jacobson-1984b,
15A-cpa,http://wals.info/languoid/lect/wals_code_cpa,15A,15,Not predictable,Pike-and-Kindberg-1956,
15A-cyg,http://wals.info/languoid/lect/wals_code_cyg,15A,15,Right-oriented: One of the last three,Foster-1982;Chafe-1977[169-181],
15A-dri,http://wals.info/languoid/lect/wals_code_dri,15A,15,Fixed stress (no weight-sensitivity),Mueller-1980,
15A-dob,http://wals.info/languoid/lect/wals_code_dob,15A,15,Fixed stress (no weight-sensitivity),Hughes-1995;Hughes-and-Hughes-1990,
15A-hnn,http://wals.info/languoid/lect/wals_code_hnn,15A,15,Fixed stress (no weight-sensitivity),Conklin-1953,
15A-iga,http://wals.info/languoid/lect/wals_code_iga,15A,15,Right-edge: Ultimate or penultimate,Levinsohn-1976,
15A-ksr,http://wals.info/languoid/lect/wals_code_ksr,15A,15,Fixed stress (no weight-sensitivity),Christensen-and-Christensen-1992,
15A-koo,http://wals.info/languoid/lect/wals_code_koo,15A,15,Fixed stress (no weight-sensitivity),Takata-and-Takata-1992,
15A-kjn,http://wals.info/languoid/lect/wals_code_kjn,15A,15,Fixed stress (no weight-sensitivity),Sommer-1969,
15A-mlc,http://wals.info/languoid/lect/wals_code_mlc,15A,15,Right-edge: Ultimate or penultimate,Baxter-1988,
15A-mnx,http://wals.info/languoid/lect/wals_code_mnx,15A,15,Fixed stress (no weight-sensitivity),Broderick-1993;Thomson-1992,
15A-ngr,http://wals.info/languoid/lect/wals_code_ngr,15A,15,Fixed stress (no weight-sensitivity),Yallop-1975a,
15A-orc,http://wals.info/languoid/lect/wals_code_orc,15A,15,Fixed stress (no weight-sensitivity),Avrorin-and-Lebedeva-1968,
15A-pad,http://wals.info/languoid/lect/wals_code_pad,15A,15,Fixed stress (no weight-sensitivity),Karhunen-1991,
15A-swi,http://wals.info/languoid/lect/wals_code_swi,15A,15,Right-edge: Ultimate or penultimate,Whisler-1992;Whisler-and-Whisler-1995,
15A-ymd,http://wals.info/languoid/lect/wals_code_ymd,15A,15,Fixed stress (no weight-sensitivity),Mettler-and-Mettler-1990;Drabbe-1926b,
15A-atq,http://wals.info/languoid/lect/wals_code_atq,15A,15,Left-edge: First or second,Leer-1985a;Leer-1985b;Krauss-1985,
15A-apa,http://wals.info/languoid/lect/wals_code_apa,15A,15,Right-oriented: One of the last three,Abu-Salim-1982;Abu-Salim-1980[1-11];Brahme-1974[39-61];Brahme-1973[14-25];Kenstowicz-and-Abdul-Karim-1980[55-76],
15A-bwa,http://wals.info/languoid/lect/wals_code_bwa,15A,15,Left-edge: First or second,Crowley-1978,
15A-bgg,http://wals.info/languoid/lect/wals_code_bgg,15A,15,Right-edge: Ultimate or penultimate,van-den-Bergh-1953,
15A-bik,http://wals.info/languoid/lect/wals_code_bik,15A,15,Fixed stress (no weight-sensitivity),Van-Hasselt-1905,
15A-dak,http://wals.info/languoid/lect/wals_code_dak,15A,15,Fixed stress (no weight-sensitivity),Shaw-1985a;Shaw-1985b,
15A-emc,http://wals.info/languoid/lect/wals_code_emc,15A,15,Right-edge: Ultimate or penultimate,Aguirre-Licht-1999,
15A-krl,http://wals.info/languoid/lect/wals_code_krl,15A,15,Fixed stress (no weight-sensitivity),Leskinen-1984;Raun-1964b,
15A-ksh,http://wals.info/languoid/lect/wals_code_ksh,15A,15,Left-oriented: One of the first three,Oswalt-1961;Oswalt-1988,
15A-mmo,http://wals.info/languoid/lect/wals_code_mmo,15A,15,Unbounded: Stress can be anywhere,Cygankin-and-Dabaev-1975;Itkonen-1955;Koljadenkov-1959;Paasonen-1909;Raun-1964a;Zavodova-and-Koljadenkov-1964,
15A-occ,http://wals.info/languoid/lect/wals_code_occ,15A,15,Right-edge: Ultimate or penultimate,Alibert-1976;Bec-1963;Cardaillac-1971;Maas-1969;Maurand-1974;Sauzet-1994;Sauzet-1986;Roca-1999,
15A-pin,http://wals.info/languoid/lect/wals_code_pin,15A,15,Fixed stress (no weight-sensitivity),Hansen-and-Hansen-1969,
15A-que,http://wals.info/languoid/lect/wals_code_que,15A,15,Fixed stress (no weight-sensitivity),Halpern-1946a;Halpern-1946b,
15A-spo,http://wals.info/languoid/lect/wals_code_spo,15A,15,Not predictable,Carlson-1989,
15A-tua,http://wals.info/languoid/lect/wals_code_tua,15A,15,Fixed stress (no weight-sensitivity),Kuki-1970,
15A-crk,http://wals.info/languoid/lect/wals_code_crk,15A,15,Right-edge: Ultimate or penultimate,Haas-1977,
15A-frd,http://wals.info/languoid/lect/wals_code_frd,15A,15,Fixed stress (no weight-sensitivity),Drabbe-1926a,
15A-mah,http://wals.info/languoid/lect/wals_code_mah,15A,15,Combined: Right-edge and unbounded,Itkonen-1955;Kangasmaa-Minn-1998,
15A-mcs,http://wals.info/languoid/lect/wals_code_mcs,15A,15,Left-edge: First or second,Freeland-1951;Freeland-and-Broadbent-1960,
15A-mwn,http://wals.info/languoid/lect/wals_code_mwn,15A,15,Left-edge: First or second,Callaghan-1987,
15A-qay,http://wals.info/languoid/lect/wals_code_qay,15A,15,Fixed stress (no weight-sensitivity),Adelaar-1984,
15A-qch,http://wals.info/languoid/lect/wals_code_qch,15A,15,Fixed stress (no weight-sensitivity),Mayers-1966,
15A-tbb,http://wals.info/languoid/lect/wals_code_tbb,15A,15,Fixed stress (no weight-sensitivity),Voegelin-1935,
15A-uli,http://wals.info/languoid/lect/wals_code_uli,15A,15,Not predictable,Sohn-and-Bender-1973,
15A-wlm,http://wals.info/languoid/lect/wals_code_wlm,15A,15,Fixed stress (no weight-sensitivity),Hudson-and-Richards-1969,
15A-wnb,http://wals.info/languoid/lect/wals_code_wnb,15A,15,Fixed stress (no weight-sensitivity),Hale-and-White-Eagle-1980;Miner-1979[25-33];Miner-1981[340-42],
15A-arl,http://wals.info/languoid/lect/wals_code_arl,15A,15,Right-oriented: One of the last three,Kenstowicz-and-Abdul-Karim-1980,
15A-kei,http://wals.info/languoid/lect/wals_code_kei,15A,15,Fixed stress (no weight-sensitivity),Geurtjens-1921,
15A-mks,http://wals.info/languoid/lect/wals_code_mks,15A,15,Fixed stress (no weight-sensitivity),Basri-1999;Manyambeang-et-al-1996,
15A-mnt,http://wals.info/languoid/lect/wals_code_mnt,15A,15,Fixed stress (no weight-sensitivity),Morris-1900,
15A-mse,http://wals.info/languoid/lect/wals_code_mse,15A,15,Right-oriented: One of the last three,Goddard-1979;Goddard-1982,
15A-pna,http://wals.info/languoid/lect/wals_code_pna,15A,15,Fixed stress (no weight-sensitivity),Adriani-1931,
15A-rti,http://wals.info/languoid/lect/wals_code_rti,15A,15,Fixed stress (no weight-sensitivity),Fox-and-Grimes-1995;Jonker-1915,
15A-sea,http://wals.info/languoid/lect/wals_code_sea,15A,15,Right-edge: Ultimate or penultimate,Parker-1968[81-91],
15A-des,http://wals.info/languoid/lect/wals_code_des,15A,15,Not predictable,Miller-1999,
15A-dhw,http://wals.info/languoid/lect/wals_code_dhw,15A,15,Left-edge: First or second,Eades-1976,
15A-nbb,http://wals.info/languoid/lect/wals_code_nbb,15A,15,Fixed stress (no weight-sensitivity),Fox-1979,
15A-tor,http://wals.info/languoid/lect/wals_code_tor,15A,15,Fixed stress (no weight-sensitivity),Sneddon-1984,
15A-agu,http://wals.info/languoid/lect/wals_code_agu,15A,15,Unbounded: Stress can be anywhere,McArthur-and-McArthur-1956[72-76],
15A-mrs,http://wals.info/languoid/lect/wals_code_mrs,15A,15,Right-edge: Ultimate or penultimate,Peckham-1991,
15A-ono,http://wals.info/languoid/lect/wals_code_ono,15A,15,Fixed stress (no weight-sensitivity),Phinnemore-1985,
15A-bui,http://wals.info/languoid/lect/wals_code_bui,15A,15,Right-edge: Ultimate or penultimate,Maan-1951,
15A-far,http://wals.info/languoid/lect/wals_code_far,15A,15,Fixed stress (no weight-sensitivity),Arnason-1999;Lockwood-1955,
15A-hmu,http://wals.info/languoid/lect/wals_code_hmu,15A,15,Fixed stress (no weight-sensitivity),Minor-1956;Minor-and-Minor-1971,
15A-kjo,http://wals.info/languoid/lect/wals_code_kjo,15A,15,Fixed stress (no weight-sensitivity),Friberg-1995;Friberg-and-Friberg-1989,
15A-put,http://wals.info/languoid/lect/wals_code_put,15A,15,Fixed stress (no weight-sensitivity),Harms-1966;Sapir-1930,
15A-yir,http://wals.info/languoid/lect/wals_code_yir,15A,15,Fixed stress (no weight-sensitivity),Alpher-1991,
15A-gll,http://wals.info/languoid/lect/wals_code_gll,15A,15,Fixed stress (no weight-sensitivity),van-Baarda-1891;van-Baarda-1908;Shelden-1990[77-88],
15A-lrk,http://wals.info/languoid/lect/wals_code_lrk,15A,15,Fixed stress (no weight-sensitivity),Laidig-1992;Laidig-and-Laidig-1991,
15A-svk,http://wals.info/languoid/lect/wals_code_svk,15A,15,Fixed stress (no weight-sensitivity),Dogil-1999;Kralj-1988;Letz-1950;Rubach-1991,
15A-tsa,http://wals.info/languoid/lect/wals_code_tsa,15A,15,Fixed stress (no weight-sensitivity),Kodzasov-1999a;Ibragimov-1990,
15A-bgv,http://wals.info/languoid/lect/wals_code_bgv,15A,15,Right-edge: Ultimate or penultimate,Kodzasov-1999a,
15A-nne,http://wals.info/languoid/lect/wals_code_nne,15A,15,Fixed stress (no weight-sensitivity),Tryon-1967b;Tryon-and-Dubois-1969,
15A-uma,http://wals.info/languoid/lect/wals_code_uma,15A,15,Fixed stress (no weight-sensitivity),Esser-1964;Martens-1995;Martens-1988a,
15A-bal,http://wals.info/languoid/lect/wals_code_bal,15A,15,Fixed stress (no weight-sensitivity),Clynes-1995b[495-510];Barber-1977;Kersten-1948;Ward-1973;Clynes-nd[495-510],
15A-bug,http://wals.info/languoid/lect/wals_code_bug,15A,15,Fixed stress (no weight-sensitivity),Matthes-1875;Samsuri-1965;Sirk-1983;Abas-and-Grimes-1995[549-562],
15A-cap,http://wals.info/languoid/lect/wals_code_cap,15A,15,Left-edge: First or second,Safir-1979;Loos-1969,
15A-nya,http://wals.info/languoid/lect/wals_code_nya,15A,15,Left-edge: First or second,Dixon-1983,
15A-srb,http://wals.info/languoid/lect/wals_code_srb,15A,15,Fixed stress (no weight-sensitivity),Janas-1976;Sjwela-1952;Mucke-1965;Dogil-1999;Wowcerk-1951,
15A-kuu,http://wals.info/languoid/lect/wals_code_kuu,15A,15,Unbounded: Stress can be anywhere,Thompson-1976b,
15A-nkb,http://wals.info/languoid/lect/wals_code_nkb,15A,15,Fixed stress (no weight-sensitivity),Capell-1962b;Sandefur-and-Jentian-1977,
15A-ror,http://wals.info/languoid/lect/wals_code_ror,15A,15,Left-edge: First or second,Strong-1913[286],
15A-wan,http://wals.info/languoid/lect/wals_code_wan,15A,15,Fixed stress (no weight-sensitivity),McDonald-and-Wurm-1979,
15A-awe,http://wals.info/languoid/lect/wals_code_awe,15A,15,Fixed stress (no weight-sensitivity),Strehlow-1942[255-302],
15A-kal,http://wals.info/languoid/lect/wals_code_kal,15A,15,Fixed stress (no weight-sensitivity),Baart-1997,
15A-try,http://wals.info/languoid/lect/wals_code_try,15A,15,Fixed stress (no weight-sensitivity),Schlegel-1971,
15A-uzn,http://wals.info/languoid/lect/wals_code_uzn,15A,15,Fixed stress (no weight-sensitivity),Raun-1969,
15A-vot,http://wals.info/languoid/lect/wals_code_vot,15A,15,Fixed stress (no weight-sensitivity),Ariste-1968,
15A-cav,http://wals.info/languoid/lect/wals_code_cav,15A,15,Fixed stress (no weight-sensitivity),Key-1968,
15A-myn,http://wals.info/languoid/lect/wals_code_myn,15A,15,Fixed stress (no weight-sensitivity),Sundermann-1913a,
15A-sdh,http://wals.info/languoid/lect/wals_code_sdh,15A,15,Combined: Right-edge and unbounded,Khubchandani-1969,
15A-tmc,http://wals.info/languoid/lect/wals_code_tmc,15A,15,Fixed stress (no weight-sensitivity),Granberry-1956,
15A-lmh,http://wals.info/languoid/lect/wals_code_lmh,15A,15,Right-edge: Ultimate or penultimate,Arndt-1937,
15A-teh,http://wals.info/languoid/lect/wals_code_teh,15A,15,Fixed stress (no weight-sensitivity),Schmid-1910,
15A-yan,http://wals.info/languoid/lect/wals_code_yan,15A,15,Unbounded: Stress can be anywhere,Sapir-and-Swadesh-1960,
15A-gug,http://wals.info/languoid/lect/wals_code_gug,15A,15,Fixed stress (no weight-sensitivity),Platt-1972,
15A-kop,http://wals.info/languoid/lect/wals_code_kop,15A,15,Unbounded: Stress can be anywhere,Austerlitz-1964;Itkonen-1955;Lytkin-1961,
15A-mbb,http://wals.info/languoid/lect/wals_code_mbb,15A,15,Fixed stress (no weight-sensitivity),Dixon-1970,
15A-mea,http://wals.info/languoid/lect/wals_code_mea,15A,15,Not predictable,Gravelle-and-Gravelle-1991,
15A-gid,http://wals.info/languoid/lect/wals_code_gid,15A,15,Fixed stress (no weight-sensitivity),Geytenbeek-and-Geytenbeek-1971,
15A-mdm,http://wals.info/languoid/lect/wals_code_mdm,15A,15,Left-edge: First or second,Hercus-1969a,
15A-tbl,http://wals.info/languoid/lect/wals_code_tbl,15A,15,Right-oriented: One of the last three,Collier-and-Collier-1986,
15A-agt,http://wals.info/languoid/lect/wals_code_agt,15A,15,Fixed stress (no weight-sensitivity),Crowley-1981,
15A-bdm,http://wals.info/languoid/lect/wals_code_bdm,15A,15,Fixed stress (no weight-sensitivity),Dunn-1988,
15A-bkl,http://wals.info/languoid/lect/wals_code_bkl,15A,15,Right-edge: Ultimate or penultimate,Mintz-1971a;Mintz-1973;Mintz-and-Del-Rosario-Britanico-1985,
15A-buu,http://wals.info/languoid/lect/wals_code_buu,15A,15,Fixed stress (no weight-sensitivity),Grimes-1995;Hendriks-1897,
15A-lar,http://wals.info/languoid/lect/wals_code_lar,15A,15,Left-oriented: One of the first three,Capell-1984b,
15A-rit,http://wals.info/languoid/lect/wals_code_rit,15A,15,Fixed stress (no weight-sensitivity),Heath-1980a,
15A-srd,http://wals.info/languoid/lect/wals_code_srd,15A,15,Right-edge: Ultimate or penultimate,Blasco-1986;Jones-1988;Roca-1999;Virdis-1978;Wagner-1984;Porru-1975,
15A-tlo,http://wals.info/languoid/lect/wals_code_tlo,15A,15,Right-edge: Ultimate or penultimate,Hueting-1936;Hueting-1908,
15A-cya,http://wals.info/languoid/lect/wals_code_cya,15A,15,Fixed stress (no weight-sensitivity),Upson-and-Longacre-1965,
15A-let,http://wals.info/languoid/lect/wals_code_let,15A,15,Right-edge: Ultimate or penultimate,van-Engelenhoven-1995,
15A-mae,http://wals.info/languoid/lect/wals_code_mae,15A,15,Fixed stress (no weight-sensitivity),Capell-1962a,
15A-mrw,http://wals.info/languoid/lect/wals_code_mrw,15A,15,Unbounded: Stress can be anywhere,Oates-1988,
15A-sak,http://wals.info/languoid/lect/wals_code_sak,15A,15,Right-edge: Ultimate or penultimate,Guy-1974a,
15A-acg,http://wals.info/languoid/lect/wals_code_acg,15A,15,Fixed stress (no weight-sensitivity),Wilson-and-Levinsohn-1992,
15A-bho,http://wals.info/languoid/lect/wals_code_bho,15A,15,Right-oriented: One of the last three,Trammell-1971,
15A-eno,http://wals.info/languoid/lect/wals_code_eno,15A,15,Fixed stress (no weight-sensitivity),Kohler-1939,
15A-ngd,http://wals.info/languoid/lect/wals_code_ngd,15A,15,Right-edge: Ultimate or penultimate,Moore-1980;Djawanai-1977;Arndt-1933b;Djawanai-and-Grimes-1995,
15A-cpn,http://wals.info/languoid/lect/wals_code_cpn,15A,15,Fixed stress (no weight-sensitivity),Caughley-1982,
15A-for,http://wals.info/languoid/lect/wals_code_for,15A,15,Unbounded: Stress can be anywhere,Nicholson-and-Nicholson-1962,
15A-mcd,http://wals.info/languoid/lect/wals_code_mcd,15A,15,Fixed stress (no weight-sensitivity),Lunt-1952,
15A-mny,http://wals.info/languoid/lect/wals_code_mny,15A,15,Fixed stress (no weight-sensitivity),Breen-1981a,
15A-yny,http://wals.info/languoid/lect/wals_code_yny,15A,15,Fixed stress (no weight-sensitivity),Kirton-1977,
15A-aln,http://wals.info/languoid/lect/wals_code_aln,15A,15,Fixed stress (no weight-sensitivity),Taguchi-and-Taguchi-1990[95-127],
15A-woi,http://wals.info/languoid/lect/wals_code_woi,15A,15,Not predictable,Stokhof-1979,
15A-wlo,http://wals.info/languoid/lect/wals_code_wlo,15A,15,Right-edge: Ultimate or penultimate,Anceaux-and-Grimes-1995;Anceaux-1952,
15A-jav,http://wals.info/languoid/lect/wals_code_jav,15A,15,Right-edge: Ultimate or penultimate,Prijohoetomo-1937;Dudas-1976;Herrfurth-1964;Horne-1961;Noordenbos-1941;Ras-1985,
15A-pkn,http://wals.info/languoid/lect/wals_code_pkn,15A,15,Fixed stress (no weight-sensitivity),Hercus-1982,
15A-pul,http://wals.info/languoid/lect/wals_code_pul,15A,15,Unbounded: Stress can be anywhere,Elbert-1974,
15A-tps,http://wals.info/languoid/lect/wals_code_tps,15A,15,Left-edge: First or second,Willett-1982;Kim-1988,
15A-ywl,http://wals.info/languoid/lect/wals_code_ywl,15A,15,Fixed stress (no weight-sensitivity),Newman-1944,
15A-bua,http://wals.info/languoid/lect/wals_code_bua,15A,15,Fixed stress (no weight-sensitivity),Glasgow-1981;Glasgow-and-Glasgow-1967[1-14],
15A-guj,http://wals.info/languoid/lect/wals_code_guj,15A,15,Right-edge: Ultimate or penultimate,Cardona-1965,
15A-mng,http://wals.info/languoid/lect/wals_code_mng,15A,15,Right-edge: Ultimate or penultimate,Burger-1946;Verheijen-and-Grimes-1995,
15A-plh,http://wals.info/languoid/lect/wals_code_plh,15A,15,Fixed stress (no weight-sensitivity),Stresemann-1918,
15A-pme,http://wals.info/languoid/lect/wals_code_pme,15A,15,Fixed stress (no weight-sensitivity),McLendon-1975,
15A-aro,http://wals.info/languoid/lect/wals_code_aro,15A,15,Fixed stress (no weight-sensitivity),Capell-1971,
15A-god,http://wals.info/languoid/lect/wals_code_god,15A,15,Unbounded: Stress can be anywhere,Kodzasov-1999a;Saidova-1973,
15A-sio,http://wals.info/languoid/lect/wals_code_sio,15A,15,Right-edge: Ultimate or penultimate,Soetenga-1993,
15A-wrg,http://wals.info/languoid/lect/wals_code_wrg,15A,15,Left-edge: First or second,Dixon-1981,
15A-yin,http://wals.info/languoid/lect/wals_code_yin,15A,15,Left-edge: First or second,Wordick-1982;Kager-1992,
15A-au,http://wals.info/languoid/lect/wals_code_au,15A,15,Unbounded: Stress can be anywhere,Scorza-1985[215-273],
15A-slo,http://wals.info/languoid/lect/wals_code_slo,15A,15,Unbounded: Stress can be anywhere,Gvozdanovic-1999,
15A-taj,http://wals.info/languoid/lect/wals_code_taj,15A,15,Fixed stress (no weight-sensitivity),Rastorgueva-1963,
15A-tno,http://wals.info/languoid/lect/wals_code_tno,15A,15,Right-oriented: One of the last three,Sneddon-1975,
15A-crn,http://wals.info/languoid/lect/wals_code_crn,15A,15,Fixed stress (no weight-sensitivity),George-1993;Pool-1958;Thomas-1992b,
15A-ese,http://wals.info/languoid/lect/wals_code_ese,15A,15,Fixed stress (no weight-sensitivity),Key-1968,
15A-lmp,http://wals.info/languoid/lect/wals_code_lmp,15A,15,Fixed stress (no weight-sensitivity),Walker-1975a,
15A-naj,http://wals.info/languoid/lect/wals_code_naj,15A,15,Fixed stress (no weight-sensitivity),Khan-1999;Arsanis-1968[489-507],
15A-yuw,http://wals.info/languoid/lect/wals_code_yuw,15A,15,Unbounded: Stress can be anywhere,Williams-1980a,
15A-ceb,http://wals.info/languoid/lect/wals_code_ceb,15A,15,Right-edge: Ultimate or penultimate,Shryrock-1993,
15A-djr,http://wals.info/languoid/lect/wals_code_djr,15A,15,Unbounded: Stress can be anywhere,Tsunoda-1981,
15A-sro,http://wals.info/languoid/lect/wals_code_sro,15A,15,Fixed stress (no weight-sensitivity),Wells-1979,
15A-asy,http://wals.info/languoid/lect/wals_code_asy,15A,15,Right-oriented: One of the last three,McCarthy-1980[77-99],
15A-mnm,http://wals.info/languoid/lect/wals_code_mnm,15A,15,Right-oriented: One of the last three,Chaski-1985;Lichtenberk-1983,
15A-wbn,http://wals.info/languoid/lect/wals_code_wbn,15A,15,Fixed stress (no weight-sensitivity),de-Vries-and-de-Vries-Wiersma-1992,
15A-dji,http://wals.info/languoid/lect/wals_code_dji,15A,15,Fixed stress (no weight-sensitivity),Chadwick-1975,
15A-min,http://wals.info/languoid/lect/wals_code_min,15A,15,Fixed stress (no weight-sensitivity),Adelaar-1995a;van-der-Toorn-1899,
15A-moh,http://wals.info/languoid/lect/wals_code_moh,15A,15,Fixed stress (no weight-sensitivity),Bonvillain-1973;Michelson-1988,
15A-nua,http://wals.info/languoid/lect/wals_code_nua,15A,15,Fixed stress (no weight-sensitivity),Bolton-1990;Bolton-1989,
15A-irr,http://wals.info/languoid/lect/wals_code_irr,15A,15,Fixed stress (no weight-sensitivity),Voorhoeve-1995;Matsumura-1991b,
15A-koy,http://wals.info/languoid/lect/wals_code_koy,15A,15,Fixed stress (no weight-sensitivity),Tyler-1969,
15A-men,http://wals.info/languoid/lect/wals_code_men,15A,15,Unbounded: Stress can be anywhere,Bloomfield-1962;Pesetsky-1979,
15A-nia,http://wals.info/languoid/lect/wals_code_nia,15A,15,Fixed stress (no weight-sensitivity),Sundermann-1913b,
15A-ppi,http://wals.info/languoid/lect/wals_code_ppi,15A,15,Fixed stress (no weight-sensitivity),Blake-1979c;Blake-and-Breen-1971,
15A-rot,http://wals.info/languoid/lect/wals_code_rot,15A,15,Right-edge: Ultimate or penultimate,Churchward-1940,
15A-slp,http://wals.info/languoid/lect/wals_code_slp,15A,15,Fixed stress (no weight-sensitivity),McElhanon-1970b,
15A-shi,http://wals.info/languoid/lect/wals_code_shi,15A,15,Fixed stress (no weight-sensitivity),Migliazza-and-Grimes-1961,
15A-tol,http://wals.info/languoid/lect/wals_code_tol,15A,15,Right-edge: Ultimate or penultimate,Fleming-and-Dennis-1977,
15A-kam,http://wals.info/languoid/lect/wals_code_kam,15A,15,Fixed stress (no weight-sensitivity),Klamer-1994,
15A-mai,http://wals.info/languoid/lect/wals_code_mai,15A,15,Right-oriented: One of the last three,Davis-1984;Jha-1958;Yadav-1984,
15A-ser,http://wals.info/languoid/lect/wals_code_ser,15A,15,Unbounded: Stress can be anywhere,Marlett-1988,
15A-tng,http://wals.info/languoid/lect/wals_code_tng,15A,15,Right-edge: Ultimate or penultimate,Feldman-1978;Churchward-1953,
15A-wrl,http://wals.info/languoid/lect/wals_code_wrl,15A,15,Fixed stress (no weight-sensitivity),Nash-1986;Reece-1970,
15A-kws,http://wals.info/languoid/lect/wals_code_kws,15A,15,Right-edge: Ultimate or penultimate,Zigmond-et-al-1990-1991,
15A-aly,http://wals.info/languoid/lect/wals_code_aly,15A,15,Fixed stress (no weight-sensitivity),Yallop-1977,
15A-taw,http://wals.info/languoid/lect/wals_code_taw,15A,15,Fixed stress (no weight-sensitivity),Ezard-1991,
15A-kwk,http://wals.info/languoid/lect/wals_code_kwk,15A,15,Unbounded: Stress can be anywhere,Boas-1947;Bach-1975,
15A-mlt,http://wals.info/languoid/lect/wals_code_mlt,15A,15,Right-edge: Ultimate or penultimate,Aquilina-1959;French-1978;Schabert-1976;Sutcliffe-1936,
15A-wah,http://wals.info/languoid/lect/wals_code_wah,15A,15,Fixed stress (no weight-sensitivity),Luzbetak-1956;Phillips-1976,
15A-bae,http://wals.info/languoid/lect/wals_code_bae,15A,15,Fixed stress (no weight-sensitivity),Aikhenvald-1996,
15A-ben,http://wals.info/languoid/lect/wals_code_ben,15A,15,Fixed stress (no weight-sensitivity),Bykova-1981,
15A-mme,http://wals.info/languoid/lect/wals_code_mme,15A,15,Unbounded: Stress can be anywhere,Gruzov-1960;Itkonen-1955;Kangasmaa-Minn-1998;Sebeok-and-Ingemann-1961;Timofeeva-1961,
15A-sno,http://wals.info/languoid/lect/wals_code_sno,15A,15,Fixed stress (no weight-sensitivity),Itkonen-1955,
15A-kya,http://wals.info/languoid/lect/wals_code_kya,15A,15,Fixed stress (no weight-sensitivity),Oates-and-Oates-1964,
15A-sah,http://wals.info/languoid/lect/wals_code_sah,15A,15,Fixed stress (no weight-sensitivity),Visser-and-Voorhoeve-1987,
15A-skp,http://wals.info/languoid/lect/wals_code_skp,15A,15,Left-edge: First or second,McNaughton-1976,
15A-alw,http://wals.info/languoid/lect/wals_code_alw,15A,15,Fixed stress (no weight-sensitivity),Sharpe-1972,
15A-bbw,http://wals.info/languoid/lect/wals_code_bbw,15A,15,Fixed stress (no weight-sensitivity),Oates-1964a,
15A-grr,http://wals.info/languoid/lect/wals_code_grr,15A,15,Fixed stress (no weight-sensitivity),Furby-1974,
15A-kgu,http://wals.info/languoid/lect/wals_code_kgu,15A,15,Fixed stress (no weight-sensitivity),Blake-1969,
15A-tib,http://wals.info/languoid/lect/wals_code_tib,15A,15,Unbounded: Stress can be anywhere,Goldstein-and-Nornang-1978,
15A-cct,http://wals.info/languoid/lect/wals_code_cct,15A,15,Unbounded: Stress can be anywhere,Munro-and-Ulrich-1984;Nicklas-1974;Ulrich-1986;Nicklas-1975,
15A-oss,http://wals.info/languoid/lect/wals_code_oss,15A,15,Left-edge: First or second,Abaev-1964,
15A-tas,http://wals.info/languoid/lect/wals_code_tas,15A,15,Fixed stress (no weight-sensitivity),Applegate-1958,
15A-tla,http://wals.info/languoid/lect/wals_code_tla,15A,15,Fixed stress (no weight-sensitivity),Franklin-et-al-1974,
15A-yel,http://wals.info/languoid/lect/wals_code_yel,15A,15,Fixed stress (no weight-sensitivity),Henderson-1975;Henderson-1995,
15A-ara,http://wals.info/languoid/lect/wals_code_ara,15A,15,Fixed stress (no weight-sensitivity),Pet-1979,
15A-bto,http://wals.info/languoid/lect/wals_code_bto,15A,15,Fixed stress (no weight-sensitivity),Nababan-1981;van-der-Tuuk-1864;Percival-1981;Adelaar-1995b,
15A-snc,http://wals.info/languoid/lect/wals_code_snc,15A,15,Right-oriented: One of the last three,Chafe-1977;Chafe-and-Foster-1981;Foster-1982;Chafe-1960,
15A-tah,http://wals.info/languoid/lect/wals_code_tah,15A,15,Unbounded: Stress can be anywhere,Tryon-1976;Vergnaud-and-Halle-1978,
15A-uhi,http://wals.info/languoid/lect/wals_code_uhi,15A,15,Fixed stress (no weight-sensitivity),Crowley-1983;Hale-1976a,
15A-cze,http://wals.info/languoid/lect/wals_code_cze,15A,15,Fixed stress (no weight-sensitivity),Harkins-1953;Jakobson-1926,
15A-dsh,http://wals.info/languoid/lect/wals_code_dsh,15A,15,Combined: Right-edge and unbounded,Rischel-1970;Rischel-1972;Rischel-1982,
15A-kwa,http://wals.info/languoid/lect/wals_code_kwa,15A,15,Fixed stress (no weight-sensitivity),Keesing-1985,
15A-ctl,http://wals.info/languoid/lect/wals_code_ctl,15A,15,Right-edge: Ultimate or penultimate,Roca-1999;Wheeler-1979;Wheeler-1988b;Hualde-1992;Mascaro-1978;Gulsoy-1982;Fabra-1897;Fabra-1956,
15A-lui,http://wals.info/languoid/lect/wals_code_lui,15A,15,Left-edge: First or second,Kroeber-and-Grace-1960;Munro-1990,
15A-nmb,http://wals.info/languoid/lect/wals_code_nmb,15A,15,Fixed stress (no weight-sensitivity),Price-1976,
15A-por,http://wals.info/languoid/lect/wals_code_por,15A,15,Right-edge: Ultimate or penultimate,Mateus-et-al-1989;Abaurre-and-Wetzels-1992;Camara-and-Mattoso-1979;Martins-1982;Parkinson-1988;Roca-1999,
15A-sun,http://wals.info/languoid/lect/wals_code_sun,15A,15,Right-edge: Ultimate or penultimate,Coolsma-1904;Clynes-1995a,
15A-est,http://wals.info/languoid/lect/wals_code_est,15A,15,Fixed stress (no weight-sensitivity),Eek-1975;Hint-1973,
15A-gae,http://wals.info/languoid/lect/wals_code_gae,15A,15,Fixed stress (no weight-sensitivity),Gillies-1993;Dorian-1978,
15A-guu,http://wals.info/languoid/lect/wals_code_guu,15A,15,Fixed stress (no weight-sensitivity),de-Zwaan-1969,
15A-hop,http://wals.info/languoid/lect/wals_code_hop,15A,15,Left-edge: First or second,Whorf-1946a;Seaman-1985;Kalectaca-1978;Jeanne-1978;Hopi-Project-1998,
15A-mis,http://wals.info/languoid/lect/wals_code_mis,15A,15,Fixed stress (no weight-sensitivity),Anonymous-1985,
15A-tac,http://wals.info/languoid/lect/wals_code_tac,15A,15,Fixed stress (no weight-sensitivity),Key-1968,
15A-wiy,http://wals.info/languoid/lect/wals_code_wiy,15A,15,Unbounded: Stress can be anywhere,Proulx-1984,
15A-len,http://wals.info/languoid/lect/wals_code_len,15A,15,Fixed stress (no weight-sensitivity),Lynch-1974;Lynch-1978,
15A-mam,http://wals.info/languoid/lect/wals_code_mam,15A,15,Combined: Right-edge and unbounded,England-1983,
15A-arg,http://wals.info/languoid/lect/wals_code_arg,15A,15,Right-edge: Ultimate or penultimate,Qafisheh-1977,
15A-cub,http://wals.info/languoid/lect/wals_code_cub,15A,15,Unbounded: Stress can be anywhere,Morse-and-Maxwell-1999a,
15A-htc,http://wals.info/languoid/lect/wals_code_htc,15A,15,Unbounded: Stress can be anywhere,Larsen-and-Pike-1949,
15A-sed,http://wals.info/languoid/lect/wals_code_sed,15A,15,Fixed stress (no weight-sensitivity),Smith-1979,
15A-bsk,http://wals.info/languoid/lect/wals_code_bsk,15A,15,Fixed stress (no weight-sensitivity),Poppe-1964;Dmitriev-1948,
15A-mlk,http://wals.info/languoid/lect/wals_code_mlk,15A,15,Left-edge: First or second,Birk-1975,
15A-mns,http://wals.info/languoid/lect/wals_code_mns,15A,15,Fixed stress (no weight-sensitivity),Kalman-1965;Lako-1957;Rombandeeva-1973,
15A-mna,http://wals.info/languoid/lect/wals_code_mna,15A,15,Fixed stress (no weight-sensitivity),van-den-Berg-1989b,
15A-ngl,http://wals.info/languoid/lect/wals_code_ngl,15A,15,Fixed stress (no weight-sensitivity),Merlan-1983,
15A-scr,http://wals.info/languoid/lect/wals_code_scr,15A,15,Unbounded: Stress can be anywhere,Hodge-1946;Gvozdanovic-1999,
15A-arc,http://wals.info/languoid/lect/wals_code_arc,15A,15,Left-edge: First or second,Kodzasov-1999a;Kibrik-et-al-1977,
15A-ava,http://wals.info/languoid/lect/wals_code_ava,15A,15,Left-edge: First or second,Bokarev-1949a;Charachidze-1981;Kodzasov-1999a,
15A-mym,http://wals.info/languoid/lect/wals_code_mym,15A,15,Left-edge: First or second,Asher-and-Kumari-1997,
15A-awt,http://wals.info/languoid/lect/wals_code_awt,15A,15,Fixed stress (no weight-sensitivity),Feldman-1986,
15A-klm,http://wals.info/languoid/lect/wals_code_klm,15A,15,Unbounded: Stress can be anywhere,Barker-1964,
15A-nep,http://wals.info/languoid/lect/wals_code_nep,15A,15,Left-edge: First or second,Meerendonk-1949,
15A-nor,http://wals.info/languoid/lect/wals_code_nor,15A,15,Right-oriented: One of the last three,Rice-1999,
15A-bre,http://wals.info/languoid/lect/wals_code_bre,15A,15,Fixed stress (no weight-sensitivity),Bothorel-1982;Stephens-1993;Ternes-1992,
15A-psh,http://wals.info/languoid/lect/wals_code_psh,15A,15,Not predictable,Shafeev-1964;Becka-1969,
15A-wao,http://wals.info/languoid/lect/wals_code_wao,15A,15,Fixed stress (no weight-sensitivity),Pike-1964,
15A-kon,http://wals.info/languoid/lect/wals_code_kon,15A,15,Fixed stress (no weight-sensitivity),Bentley-1887,
15A-tsh,http://wals.info/languoid/lect/wals_code_tsh,15A,15,Left-edge: First or second,Dayley-1989a;Dayley-1989b,
15A-wel,http://wals.info/languoid/lect/wals_code_wel,15A,15,Fixed stress (no weight-sensitivity),Watkins-1993;Jones-1955;Williams-1980b;Ball-1993;Jones-and-Thomas-1977;MacAulay-1992c,
15A-yap,http://wals.info/languoid/lect/wals_code_yap,15A,15,Right-edge: Ultimate or penultimate,Jensen-et-al-1977a,
15A-iaa,http://wals.info/languoid/lect/wals_code_iaa,15A,15,Fixed stress (no weight-sensitivity),Tryon-1968,
15A-jaq,http://wals.info/languoid/lect/wals_code_jaq,15A,15,Fixed stress (no weight-sensitivity),Hardman-1966,
15A-tgk,http://wals.info/languoid/lect/wals_code_tgk,15A,15,Fixed stress (no weight-sensitivity),Beaumont-1979,
15A-die,http://wals.info/languoid/lect/wals_code_die,15A,15,Right-edge: Ultimate or penultimate,Couro-and-Hutcheson-1973;Langdon-1970,
15A-diy,http://wals.info/languoid/lect/wals_code_diy,15A,15,Fixed stress (no weight-sensitivity),Austin-1978;Austin-1981,
15A-ice,http://wals.info/languoid/lect/wals_code_ice,15A,15,Fixed stress (no weight-sensitivity),Arnasonar-1980,
15A-mne,http://wals.info/languoid/lect/wals_code_mne,15A,15,Left-edge: First or second,Robbins-1991;Shipley-1964,
15A-eka,http://wals.info/languoid/lect/wals_code_eka,15A,15,Left-edge: First or second,Doble-1962;Doble-1987;Drabbe-1952,
15A-mac,http://wals.info/languoid/lect/wals_code_mac,15A,15,Fixed stress (no weight-sensitivity),Abbott-1991;Carson-1982;Hawkins-1950,
15A-mrd,http://wals.info/languoid/lect/wals_code_mrd,15A,15,Fixed stress (no weight-sensitivity),Geurtjens-1926b;Drabbe-1955,
15A-swe,http://wals.info/languoid/lect/wals_code_swe,15A,15,Right-oriented: One of the last three,Bruce-1999a,
15A-ace,http://wals.info/languoid/lect/wals_code_ace,15A,15,Fixed stress (no weight-sensitivity),van-Langen-1889;Cowan-1981[522-549];Durie-1995;Durie-1985,
15A-chv,http://wals.info/languoid/lect/wals_code_chv,15A,15,Unbounded: Stress can be anywhere,Kruger-1961,
15A-dut,http://wals.info/languoid/lect/wals_code_dut,15A,15,Right-oriented: One of the last three,Kager-1989;Trommelen-and-Zonneveld-1999a;van-der-Hulst-1984,
15A-pur,http://wals.info/languoid/lect/wals_code_pur,15A,15,Fixed stress (no weight-sensitivity),Foster-1969,
15A-dyi,http://wals.info/languoid/lect/wals_code_dyi,15A,15,Fixed stress (no weight-sensitivity),Dixon-1972,
15A-haw,http://wals.info/languoid/lect/wals_code_haw,15A,15,Fixed stress (no weight-sensitivity),Elbert-and-Keala-1961;Elbert-and-Pukui-1979,
15A-ita,http://wals.info/languoid/lect/wals_code_ita,15A,15,Right-edge: Ultimate or penultimate,Muljacic-1972;Roca-1999;Saltarelli-1970;Vogel-and-Scalise-1982;Vincent-1988;Lepschy-1978;Malagoli-1946;Bertinetto-1981,
15A-lit,http://wals.info/languoid/lect/wals_code_lit,15A,15,Unbounded: Stress can be anywhere,Girdenis-1985;Otrebski-1958-1965;Leskien-1919;Ambrazas-1997;Mathiassen-1996;Young-1991,
15A-rom,http://wals.info/languoid/lect/wals_code_rom,15A,15,Right-edge: Ultimate or penultimate,Ulivi-1977;Avram-1978;Steriade-1984;Roca-1999;Ulivi-1985;Graur-and-Rosetti-1938;Lombard-1935;Augerot-1974,
15A-yuc,http://wals.info/languoid/lect/wals_code_yuc,15A,15,Not predictable,Wagner-1933-1938,
15A-zun,http://wals.info/languoid/lect/wals_code_zun,15A,15,Fixed stress (no weight-sensitivity),Bunzel-1933-1938;Miner-1986,
15A-snt,http://wals.info/languoid/lect/wals_code_snt,15A,15,Right-edge: Ultimate or penultimate,Cowan-1965;Foley-1986,
15A-ypk,http://wals.info/languoid/lect/wals_code_ypk,15A,15,Left-edge: First or second,Woodbury-1987;Leer-1985a;Jacobson-1985;Miyaoka-1985,
15A-pol,http://wals.info/languoid/lect/wals_code_pol,15A,15,Fixed stress (no weight-sensitivity),Franks-1985,
15A-ker,http://wals.info/languoid/lect/wals_code_ker,15A,15,Unbounded: Stress can be anywhere,Ebert-1979,
15A-wam,http://wals.info/languoid/lect/wals_code_wam,15A,15,Left-edge: First or second,Nordlinger-1998,
15A-car,http://wals.info/languoid/lect/wals_code_car,15A,15,Combined: Right-edge and unbounded,Hoff-1968;Derbyshire-1999,
15A-mak,http://wals.info/languoid/lect/wals_code_mak,15A,15,Left-edge: First or second,Jacobsen-1979,
15A-tsi,http://wals.info/languoid/lect/wals_code_tsi,15A,15,Fixed stress (no weight-sensitivity),Dunn-1995,
15A-tun,http://wals.info/languoid/lect/wals_code_tun,15A,15,Fixed stress (no weight-sensitivity),Haas-1953,
15A-mku,http://wals.info/languoid/lect/wals_code_mku,15A,15,Fixed stress (no weight-sensitivity),Tryon-1970b,
15A-mrl,http://wals.info/languoid/lect/wals_code_mrl,15A,15,Unbounded: Stress can be anywhere,Arensen-1982,
15A-psm,http://wals.info/languoid/lect/wals_code_psm,15A,15,Right-oriented: One of the last three,Teeter-and-LeSourd-1983;LeSourd-1993;Teeter-1971,
15A-pit,http://wals.info/languoid/lect/wals_code_pit,15A,15,Fixed stress (no weight-sensitivity),Glass-and-Hackett-1970;Douglas-1959,
15A-ana,http://wals.info/languoid/lect/wals_code_ana,15A,15,Fixed stress (no weight-sensitivity),de-Pitman-1981,
15A-cyv,http://wals.info/languoid/lect/wals_code_cyv,15A,15,Fixed stress (no weight-sensitivity),Key-1967;Key-and-Key-1967;Key-1963a;Key-1961,
15A-dio,http://wals.info/languoid/lect/wals_code_dio,15A,15,Fixed stress (no weight-sensitivity),Sapir-1965,
15A-arm,http://wals.info/languoid/lect/wals_code_arm,15A,15,Unbounded: Stress can be anywhere,Abeghian-1936;Gulian-1957;Fairbanks-1958,
15A-aym,http://wals.info/languoid/lect/wals_code_aym,15A,15,Fixed stress (no weight-sensitivity),Hardman-de-Bautista-et-al-1988,
15A-baw,http://wals.info/languoid/lect/wals_code_baw,15A,15,Fixed stress (no weight-sensitivity),Reichle-1981,
15A-nbd,http://wals.info/languoid/lect/wals_code_nbd,15A,15,Unbounded: Stress can be anywhere,Armbruster-1960,
15A-wrd,http://wals.info/languoid/lect/wals_code_wrd,15A,15,Fixed stress (no weight-sensitivity),Merlan-1994,
15A-kmu,http://wals.info/languoid/lect/wals_code_kmu,15A,15,Fixed stress (no weight-sensitivity),Premsrirat-1987,
15A-usa,http://wals.info/languoid/lect/wals_code_usa,15A,15,Not predictable,Reesink-1987,
15A-pai,http://wals.info/languoid/lect/wals_code_pai,15A,15,Fixed stress (no weight-sensitivity),Ferrell-1982,
15A-ung,http://wals.info/languoid/lect/wals_code_ung,15A,15,Left-edge: First or second,Capell-1970,
15A-bej,http://wals.info/languoid/lect/wals_code_bej,15A,15,Right-oriented: One of the last three,Almkvist-1881,
15A-dre,http://wals.info/languoid/lect/wals_code_dre,15A,15,Fixed stress (no weight-sensitivity),Tryon-1967a,
15A-pms,http://wals.info/languoid/lect/wals_code_pms,15A,15,Fixed stress (no weight-sensitivity),Crowley-1982,
15A-mss,http://wals.info/languoid/lect/wals_code_mss,15A,15,Left-edge: First or second,Broadbent-1964;Freeland-1951,
15A-sml,http://wals.info/languoid/lect/wals_code_sml,15A,15,Fixed stress (no weight-sensitivity),Kruspe-1999,
15A-nez,http://wals.info/languoid/lect/wals_code_nez,15A,15,Not predictable,Aoki-1970,
15A-cah,http://wals.info/languoid/lect/wals_code_cah,15A,15,Fixed stress (no weight-sensitivity),Seiler-1965;Seiler-1967;Seiler-1972,
15A-cle,http://wals.info/languoid/lect/wals_code_cle,15A,15,Not predictable,Rupp-1989,
15A-knm,http://wals.info/languoid/lect/wals_code_knm,15A,15,Right-oriented: One of the last three,Bender-1996;Tucker-and-Bryan-1966,
15A-zqc,http://wals.info/languoid/lect/wals_code_zqc,15A,15,Fixed stress (no weight-sensitivity),Wonderly-1951a;Knudson-1975,
15A-bkr,http://wals.info/languoid/lect/wals_code_bkr,15A,15,Right-edge: Ultimate or penultimate,Joustra-1901;Neumann-1922,
15A-cmn,http://wals.info/languoid/lect/wals_code_cmn,15A,15,Fixed stress (no weight-sensitivity),Charney-1993;Osborn-and-Smalley-1949,
15A-iri,http://wals.info/languoid/lect/wals_code_iri,15A,15,Fixed stress (no weight-sensitivity),Bammesberger-1983;O-Siadhail-1989,
15A-squ,http://wals.info/languoid/lect/wals_code_squ,15A,15,Fixed stress (no weight-sensitivity),Demers-and-Horn-1978,
15A-tru,http://wals.info/languoid/lect/wals_code_tru,15A,15,Fixed stress (no weight-sensitivity),Guirardello-1999a,
15A-dni,http://wals.info/languoid/lect/wals_code_dni,15A,15,Fixed stress (no weight-sensitivity),Bromley-1961,
15A-nen,http://wals.info/languoid/lect/wals_code_nen,15A,15,Fixed stress (no weight-sensitivity),Salminen-1993-99,
15A-urk,http://wals.info/languoid/lect/wals_code_urk,15A,15,Fixed stress (no weight-sensitivity),Kakumasu-1986,
15A-coo,http://wals.info/languoid/lect/wals_code_coo,15A,15,Right-edge: Ultimate or penultimate,Frachtenberg-1922a,
15A-cre,http://wals.info/languoid/lect/wals_code_cre,15A,15,Fixed stress (no weight-sensitivity),Okimasis-and-Ratt-1999;Wolfart-1996,
15A-nht,http://wals.info/languoid/lect/wals_code_nht,15A,15,Fixed stress (no weight-sensitivity),Pittman-1954,
15A-yim,http://wals.info/languoid/lect/wals_code_yim,15A,15,Fixed stress (no weight-sensitivity),Foley-1991,
15A-mun,http://wals.info/languoid/lect/wals_code_mun,15A,15,Right-edge: Ultimate or penultimate,Cook-1965,
15A-yid,http://wals.info/languoid/lect/wals_code_yid,15A,15,Unbounded: Stress can be anywhere,Dixon-1977b;Nash-1979;Dixon-1977a,
15A-krk,http://wals.info/languoid/lect/wals_code_krk,15A,15,Unbounded: Stress can be anywhere,Bright-1957,
15A-tab,http://wals.info/languoid/lect/wals_code_tab,15A,15,Fixed stress (no weight-sensitivity),Bowden-1997a,
15A-pau,http://wals.info/languoid/lect/wals_code_pau,15A,15,Fixed stress (no weight-sensitivity),Chapman-and-Derbyshire-1991,
15A-arp,http://wals.info/languoid/lect/wals_code_arp,15A,15,Fixed stress (no weight-sensitivity),Gerstner-1963;Conrad-and-Wogiga-1991;Fortune-1942,
15A-ond,http://wals.info/languoid/lect/wals_code_ond,15A,15,Fixed stress (no weight-sensitivity),Michelson-1988,
15A-asm,http://wals.info/languoid/lect/wals_code_asm,15A,15,Fixed stress (no weight-sensitivity),Voorhoeve-1965,
15A-grb,http://wals.info/languoid/lect/wals_code_grb,15A,15,Not predictable,Innes-1966,
15A-khs,http://wals.info/languoid/lect/wals_code_khs,15A,15,Fixed stress (no weight-sensitivity),Rabel-1961,
15A-khm,http://wals.info/languoid/lect/wals_code_khm,15A,15,Fixed stress (no weight-sensitivity),Griffith-1991;Jacob-1968;Huffman-1970b;Gorgoniyev-1966;Nacaskul-1978,
15A-wic,http://wals.info/languoid/lect/wals_code_wic,15A,15,Unbounded: Stress can be anywhere,Rood-1996,
15A-klv,http://wals.info/languoid/lect/wals_code_klv,15A,15,Right-edge: Ultimate or penultimate,Senft-1986,
15A-nug,http://wals.info/languoid/lect/wals_code_nug,15A,15,Fixed stress (no weight-sensitivity),Hore-1981,
15A-irq,http://wals.info/languoid/lect/wals_code_irq,15A,15,Combined: Right-edge and unbounded,Mous-1993,
15A-kew,http://wals.info/languoid/lect/wals_code_kew,15A,15,Not predictable,Franklin-1971;Franklin-1967;Franklin-and-Franklin-1978,
15A-snm,http://wals.info/languoid/lect/wals_code_snm,15A,15,Fixed stress (no weight-sensitivity),Borgman-1990,
15A-shk,http://wals.info/languoid/lect/wals_code_shk,15A,15,Left-edge: First or second,Faust-1973,
15A-epe,http://wals.info/languoid/lect/wals_code_epe,15A,15,Right-edge: Ultimate or penultimate,Harms-1994,
15A-koa,http://wals.info/languoid/lect/wals_code_koa,15A,15,Right-edge: Ultimate or penultimate,Kimball-1991,
15A-luv,http://wals.info/languoid/lect/wals_code_luv,15A,15,Fixed stress (no weight-sensitivity),Horton-1949,
15A-bag,http://wals.info/languoid/lect/wals_code_bag,15A,15,Fixed stress (no weight-sensitivity),Gaden-1909;Stevenson-1969,
15A-hzb,http://wals.info/languoid/lect/wals_code_hzb,15A,15,Right-edge: Ultimate or penultimate,van-den-Berg-1995,
15A-ing,http://wals.info/languoid/lect/wals_code_ing,15A,15,Fixed stress (no weight-sensitivity),Nichols-1994b,
15A-mau,http://wals.info/languoid/lect/wals_code_mau,15A,15,Fixed stress (no weight-sensitivity),Capell-and-Hinch-1970,
15A-kfe,http://wals.info/languoid/lect/wals_code_kfe,15A,15,Fixed stress (no weight-sensitivity),Rennison-1997,
15A-qim,http://wals.info/languoid/lect/wals_code_qim,15A,15,Fixed stress (no weight-sensitivity),Cole-1982,
15A-ram,http://wals.info/languoid/lect/wals_code_ram,15A,15,Not predictable,Grinevald-nd,
15A-wch,http://wals.info/languoid/lect/wals_code_wch,15A,15,Fixed stress (no weight-sensitivity),Vinas-Urquiza-1974,
15A-niv,http://wals.info/languoid/lect/wals_code_niv,15A,15,Fixed stress (no weight-sensitivity),Gruzdeva-1998,
15A-apu,http://wals.info/languoid/lect/wals_code_apu,15A,15,Right-edge: Ultimate or penultimate,Facundes-2000,
15A-bma,http://wals.info/languoid/lect/wals_code_bma,15A,15,Fixed stress (no weight-sensitivity),Abdel-Massih-1971,
15A-wra,http://wals.info/languoid/lect/wals_code_wra,15A,15,Fixed stress (no weight-sensitivity),Romero-Figueroa-1997;Osborn-1966,
15A-kob,http://wals.info/languoid/lect/wals_code_kob,15A,15,Fixed stress (no weight-sensitivity),Davies-1980,
15A-lat,http://wals.info/languoid/lect/wals_code_lat,15A,15,Fixed stress (no weight-sensitivity),Markus-1991;Ekblom-1933;Markus-1987;Fennell-and-Gelsen-1980,
15A-mar,http://wals.info/languoid/lect/wals_code_mar,15A,15,Fixed stress (no weight-sensitivity),Gordon-1986,
15A-ala,http://wals.info/languoid/lect/wals_code_ala,15A,15,Combined: Right-edge and unbounded,Bruce-1984,
15A-goo,http://wals.info/languoid/lect/wals_code_goo,15A,15,Fixed stress (no weight-sensitivity),McGregor-1990,
15A-kut,http://wals.info/languoid/lect/wals_code_kut,15A,15,Fixed stress (no weight-sensitivity),Garvin-1948a,
15A-lav,http://wals.info/languoid/lect/wals_code_lav,15A,15,Fixed stress (no weight-sensitivity),Terrill-1999,
15A-rap,http://wals.info/languoid/lect/wals_code_rap,15A,15,Fixed stress (no weight-sensitivity),Du-Feu-1996,
15A-jak,http://wals.info/languoid/lect/wals_code_jak,15A,15,Fixed stress (no weight-sensitivity),Day-1973,
15A-mrt,http://wals.info/languoid/lect/wals_code_mrt,15A,15,Fixed stress (no weight-sensitivity),Dench-1995;Dench-1987,
15A-prh,http://wals.info/languoid/lect/wals_code_prh,15A,15,Right-oriented: One of the last three,Everett-1988;Everett-and-Everett-1984,
15A-war,http://wals.info/languoid/lect/wals_code_war,15A,15,Fixed stress (no weight-sensitivity),Everett-and-Kern-1997,
15A-gua,http://wals.info/languoid/lect/wals_code_gua,15A,15,Fixed stress (no weight-sensitivity),Ayala-1993,
15A-ngi,http://wals.info/languoid/lect/wals_code_ngi,15A,15,Unbounded: Stress can be anywhere,Donaldson-1980;Donaldson-1977,
15A-kro,http://wals.info/languoid/lect/wals_code_kro,15A,15,Unbounded: Stress can be anywhere,Reh-1985,
15A-myi,http://wals.info/languoid/lect/wals_code_myi,15A,15,Fixed stress (no weight-sensitivity),Merlan-1989,
15A-tiw,http://wals.info/languoid/lect/wals_code_tiw,15A,15,Fixed stress (no weight-sensitivity),Lee-1987;Osborne-1974,
15A-kay,http://wals.info/languoid/lect/wals_code_kay,15A,15,Fixed stress (no weight-sensitivity),Evans-1995;Keen-1969,
15A-map,http://wals.info/languoid/lect/wals_code_map,15A,15,Fixed stress (no weight-sensitivity),Echeverria-and-Contreras-1965,
15A-yko,http://wals.info/languoid/lect/wals_code_yko,15A,15,Unbounded: Stress can be anywhere,Maslova-1999,
15A-may,http://wals.info/languoid/lect/wals_code_may,15A,15,Fixed stress (no weight-sensitivity),Dol-1999,
15A-tuk,http://wals.info/languoid/lect/wals_code_tuk,15A,15,Fixed stress (no weight-sensitivity),Donohue-1999a,
15A-bur,http://wals.info/languoid/lect/wals_code_bur,15A,15,Not predictable,Berger-1974;Morgenstierne-1945,
15A-cha,http://wals.info/languoid/lect/wals_code_cha,15A,15,Right-oriented: One of the last three,Chung-1983;Seiden-1960,
15A-chk,http://wals.info/languoid/lect/wals_code_chk,15A,15,Fixed stress (no weight-sensitivity),Bogoras-1922,
15A-fij,http://wals.info/languoid/lect/wals_code_fij,15A,15,Right-edge: Ultimate or penultimate,Dixon-1988;Schutz-1985,
15A-heb,http://wals.info/languoid/lect/wals_code_heb,15A,15,Fixed stress (no weight-sensitivity),Glinert-1989;Bolozky-1982,
15A-lan,http://wals.info/languoid/lect/wals_code_lan,15A,15,Fixed stress (no weight-sensitivity),Noonan-1992,
15A-yaq,http://wals.info/languoid/lect/wals_code_yaq,15A,15,Fixed stress (no weight-sensitivity),Johnson-1962,
15A-zul,http://wals.info/languoid/lect/wals_code_zul,15A,15,Fixed stress (no weight-sensitivity),Doke-1945,
15A-sla,http://wals.info/languoid/lect/wals_code_sla,15A,15,Not predictable,Rice-1989,
15A-aeg,http://wals.info/languoid/lect/wals_code_aeg,15A,15,Right-oriented: One of the last three,McCarthy-1979a;McCarthy-1979b[443-466],
15A-grw,http://wals.info/languoid/lect/wals_code_grw,15A,15,Fixed stress (no weight-sensitivity),Fortescue-1984;Schultz-Lorentzen-1945;Rischel-1974,
15A-hix,http://wals.info/languoid/lect/wals_code_hix,15A,15,Not predictable,Derbyshire-1979;Derbyshire-1985,
15A-swa,http://wals.info/languoid/lect/wals_code_swa,15A,15,Fixed stress (no weight-sensitivity),Wald-1987;Ashton-1947,
15A-hin,http://wals.info/languoid/lect/wals_code_hin,15A,15,Right-oriented: One of the last three,McGregor-1977;Fairbanks-1981,
15A-ckr,http://wals.info/languoid/lect/wals_code_ckr,15A,15,Fixed stress (no weight-sensitivity),Popjes-and-Popjes-1986,
15A-tag,http://wals.info/languoid/lect/wals_code_tag,15A,15,Fixed stress (no weight-sensitivity),Bloomfield-1917;Llamzon-1966;Schachter-and-Otanes-1972,
15A-geo,http://wals.info/languoid/lect/wals_code_geo,15A,15,Fixed stress (no weight-sensitivity),Vogt-1971;Tschenkeli-1958;Rudenko-1972;Aronson-1982;Fahnrich-1987,
15A-kha,http://wals.info/languoid/lect/wals_code_kha,15A,15,Unbounded: Stress can be anywhere,Street-1963;Poppe-1970,
15A-mal,http://wals.info/languoid/lect/wals_code_mal,15A,15,Fixed stress (no weight-sensitivity),Rajaonarimanana-1995,
15A-sup,http://wals.info/languoid/lect/wals_code_sup,15A,15,Fixed stress (no weight-sensitivity),Carlson-1994,
15A-mao,http://wals.info/languoid/lect/wals_code_mao,15A,15,Unbounded: Stress can be anywhere,Ngata-nd;Hohepa-1967,
15A-abk,http://wals.info/languoid/lect/wals_code_abk,15A,15,Not predictable,Hewitt-1979,
15A-eve,http://wals.info/languoid/lect/wals_code_eve,15A,15,Right-edge: Ultimate or penultimate,Nedjalkov-1997,
15A-prs,http://wals.info/languoid/lect/wals_code_prs,15A,15,Fixed stress (no weight-sensitivity),Lambton-1953,
15A-ame,http://wals.info/languoid/lect/wals_code_ame,15A,15,Unbounded: Stress can be anywhere,Roberts-1987,
15A-ger,http://wals.info/languoid/lect/wals_code_ger,15A,15,Right-oriented: One of the last three,Jessen-1999,
15A-grk,http://wals.info/languoid/lect/wals_code_grk,15A,15,Fixed stress (no weight-sensitivity),Drachman-and-Malikouti-Drachman-1999;Malikouti-Drachman-and-Drachman-1981,
15A-lez,http://wals.info/languoid/lect/wals_code_lez,15A,15,Left-edge: First or second,Haspelmath-1993;Kodzasov-1999a,
15A-mnd,http://wals.info/languoid/lect/wals_code_mnd,15A,15,Not predictable,Henne-et-al-1977,
15A-hun,http://wals.info/languoid/lect/wals_code_hun,15A,15,Fixed stress (no weight-sensitivity),Szinnyei-1912;Kerek-1971,
15A-ind,http://wals.info/languoid/lect/wals_code_ind,15A,15,Fixed stress (no weight-sensitivity),Halim-1974;Samsuri-1971,
15A-fin,http://wals.info/languoid/lect/wals_code_fin,15A,15,Fixed stress (no weight-sensitivity),Fromm-1982,
15A-rus,http://wals.info/languoid/lect/wals_code_rus,15A,15,Unbounded: Stress can be anywhere,Unbegaun-1957;Kodzasov-1999b;Hamilton-1980,
15A-spa,http://wals.info/languoid/lect/wals_code_spa,15A,15,Right-edge: Ultimate or penultimate,Alarcos-Llorach-1965;Harris-1983;Roca-1991;Roca-1999;Harris-1969a;Navarro-1965;Green-1988,
15A-tur,http://wals.info/languoid/lect/wals_code_tur,15A,15,Unbounded: Stress can be anywhere,Underhill-1976;Sezer-1983;Kornfilt-1997;Lees-1961,
15A-fre,http://wals.info/languoid/lect/wals_code_fre,15A,15,Right-edge: Ultimate or penultimate,Roca-1999;Dell-1984;van-Oostendorp-1995,
15A-eng,http://wals.info/languoid/lect/wals_code_eng,15A,15,Right-oriented: One of the last three,Trommelen-and-Zonneveld-1999b,
15A-pir,http://wals.info/languoid/lect/wals_code_pir,15A,15,Fixed stress (no weight-sensitivity),Matteson-1965,
15A-ndy,http://wals.info/languoid/lect/wals_code_ndy,15A,15,Unbounded: Stress can be anywhere,Huttar-and-Huttar-1994,
