ID,Language_ID,Parameter_ID,Contribution_ID,Value,Source,Comment
144I-buy,http://wals.info/languoid/lect/wals_code_buy,144I,144,Word&OnlyWithAnotherNeg,,
144I-lgt,http://wals.info/languoid/lect/wals_code_lgt,144I,144,No SNegVO,Tucker-1967[ 253],
144I-xar,http://wals.info/languoid/lect/wals_code_xar,144I,144,Word&NoDoubleNeg,,
144I-anu,http://wals.info/languoid/lect/wals_code_anu,144I,144,No SNegVO,Smye-2004[ 85],
144I-mrq,http://wals.info/languoid/lect/wals_code_mrq,144I,144,No SNegVO,Lynch-2002a[ 875],
144I-tmm,http://wals.info/languoid/lect/wals_code_tmm,144I,144,Word&NoDoubleNeg,Jauncey-2002[ 618],
144I-ssa,http://wals.info/languoid/lect/wals_code_ssa,144I,144,Word&NoDoubleNeg,Blass-1975[ passim],
144I-eko,http://wals.info/languoid/lect/wals_code_eko,144I,144,Prefix&OnlyWithAnotherNeg,Schadeberg-and-Mucanheia-2000[ 116-121],
144I-rim,http://wals.info/languoid/lect/wals_code_rim,144I,144,Prefix&NoDoubleNeg,"Olson-1964[ 183, 184, 188]",
144I-skm,http://wals.info/languoid/lect/wals_code_skm,144I,144,Prefix&OnlyWithAnotherNeg,Batibo-1985[ 283-286],
144I-tet,http://wals.info/languoid/lect/wals_code_tet,144I,144,Prefix&NoDoubleNeg,Wetshemongo-1996[ 401],
144I-tpr,http://wals.info/languoid/lect/wals_code_tpr,144I,144,No SNegVO,"Ruelland-1998[ 88, passim]",
144I-bik,http://wals.info/languoid/lect/wals_code_bik,144I,144,No SNegVO,van-den-Heuvel-2006[ 129],
144I-pog,http://wals.info/languoid/lect/wals_code_pog,144I,144,No SNegVO,"Hendle-1907[ 35, passim]",
144I-mkz,http://wals.info/languoid/lect/wals_code_mkz,144I,144,Prefix&OnlyWithAnotherNeg,Heath-2003[ 345-346],
144I-nke,http://wals.info/languoid/lect/wals_code_nke,144I,144,Word&OptDoubleNeg,Sibomana-1986[ 272-274],
144I-tan,http://wals.info/languoid/lect/wals_code_tan,144I,144,No SNegVO,Jungraithmayr-1991[ 61],
144I-tki,http://wals.info/languoid/lect/wals_code_tki,144I,144,Prefix&NoDoubleNeg,Biloa-1997[ passim],
144I-uli,http://wals.info/languoid/lect/wals_code_uli,144I,144,Word&NoDoubleNeg,Lynch-2002b[ 800],
144I-cga,http://wals.info/languoid/lect/wals_code_cga,144I,144,Prefix&NoDoubleNeg,Raum-1909[ 117-118],
144I-dma,http://wals.info/languoid/lect/wals_code_dma,144I,144,Word&OnlyWithAnotherNeg,Adam-1954[ 77],
144I-mhu,http://wals.info/languoid/lect/wals_code_mhu,144I,144,Word&NoDoubleNeg,Fourie-1993[ 23-27],
144I-nto,http://wals.info/languoid/lect/wals_code_nto,144I,144,Prefix&NoDoubleNeg,"Gilliard-1928[ 23, 27]",
144I-png,http://wals.info/languoid/lect/wals_code_png,144I,144,Prefix&NoDoubleNeg,Stirnimann-1983[ 122ff],
144I-bch,http://wals.info/languoid/lect/wals_code_bch,144I,144,Word&NoDoubleNeg,Penchoen-1973a[ 50],
144I-bol,http://wals.info/languoid/lect/wals_code_bol,144I,144,Prefix&OptDoubleNeg,Mamet-1960[ 58-59],
144I-ebi,http://wals.info/languoid/lect/wals_code_ebi,144I,144,Word&NoDoubleNeg,Adive-1989[ 71],
144I-mkd,http://wals.info/languoid/lect/wals_code_mkd,144I,144,Prefix&NoDoubleNeg,Harries-1940[ 122-125],
144I-sgl,http://wals.info/languoid/lect/wals_code_sgl,144I,144,Prefix&OnlyWithAnotherNeg,"Mangulu-2001[309-312, 320, passim]",
144I-tal,http://wals.info/languoid/lect/wals_code_tal,144I,144,Prefix&NoDoubleNeg,Paluku-1998[ passim],
144I-yao,http://wals.info/languoid/lect/wals_code_yao,144I,144,Prefix&NoDoubleNeg,"Whiteley-1966[ 55, 58, 59]",
144I-hol,http://wals.info/languoid/lect/wals_code_hol,144I,144,Prefix&NoDoubleNeg,Coupez-1955[ 67],
144I-mda,http://wals.info/languoid/lect/wals_code_mda,144I,144,No SNegVO,"Barreteau-and-Brunet-2000[ 86, 252]",
144I-rru,http://wals.info/languoid/lect/wals_code_rru,144I,144,Prefix&NoDoubleNeg,Rubongoya-1999[ 175],
144I-zpr,http://wals.info/languoid/lect/wals_code_zpr,144I,144,No SNegVO,"Peeke-1962[ 130, 157, 200]",
144I-aja,http://wals.info/languoid/lect/wals_code_aja,144I,144,No SNegVO,Santandrea-1976[ 61],
144I-aab,http://wals.info/languoid/lect/wals_code_aab,144I,144,No SNegVO,Nekitel-1985[ 101],
144I-bia,http://wals.info/languoid/lect/wals_code_bia,144I,144,Prefix&NoDoubleNeg,Kutsch-Lojenga-2003[ 469],
144I-gwo,http://wals.info/languoid/lect/wals_code_gwo,144I,144,No SNegVO,Adwiraah-1989[ 90],
144I-heh,http://wals.info/languoid/lect/wals_code_heh,144I,144,Prefix&NoDoubleNeg,Velten-1899a[ 179-183],
144I-leb,http://wals.info/languoid/lect/wals_code_leb,144I,144,Prefix&NoDoubleNeg,Gerard-1924[ 47],
144I-luc,http://wals.info/languoid/lect/wals_code_luc,144I,144,Prefix&NoDoubleNeg,"Fleisch-2001[185-190, 191]",
144I-mbe,http://wals.info/languoid/lect/wals_code_mbe,144I,144,Word&OnlyWithAnotherNeg,Adam-1954[ 76],
144I-one,http://wals.info/languoid/lect/wals_code_one,144I,144,Word&OnlyWithAnotherNeg,,
144I-blz,http://wals.info/languoid/lect/wals_code_blz,144I,144,Prefix&NoDoubleNeg,Fudemann-1999[ 80],
144I-kby,http://wals.info/languoid/lect/wals_code_kby,144I,144,Prefix&NoDoubleNeg,Lebikaza-1999[ 308],
144I-kdw,http://wals.info/languoid/lect/wals_code_kdw,144I,144,Prefix&NoDoubleNeg,Sandalo-1997[ 42],
144I-lgi,http://wals.info/languoid/lect/wals_code_lgi,144I,144,Prefix&NoDoubleNeg,Seidel-1898[ 405],
144I-leg,http://wals.info/languoid/lect/wals_code_leg,144I,144,Prefix&NoDoubleNeg,"Botne-2003[ 438];Meeussen-1971[ 27, 29, passim]",
144I-ma,http://wals.info/languoid/lect/wals_code_ma,144I,144,Prefix&OnlyWithAnotherNeg,Tucker-and-Bryan-1966[ 130-131],
144I-ngu,http://wals.info/languoid/lect/wals_code_ngu,144I,144,Word&NoDoubleNeg,"Schutz-1969a[ 24, passim]",
144I-tiv,http://wals.info/languoid/lect/wals_code_tiv,144I,144,No SNegVO,Abraham-1940[ 22],
144I-bob,http://wals.info/languoid/lect/wals_code_bob,144I,144,Word&OnlyWithAnotherNeg,Whitehead-1899[ 76-77],
144I-ega,http://wals.info/languoid/lect/wals_code_ega,144I,144,No SNegVO,,
144I-gla,http://wals.info/languoid/lect/wals_code_gla,144I,144,No SNegVO,Edmondson-2008[ 669],
144I-kga,http://wals.info/languoid/lect/wals_code_kga,144I,144,Prefix&NoDoubleNeg,Wolff-1905[ 80],
144I-kwz,http://wals.info/languoid/lect/wals_code_kwz,144I,144,No SNegVO,van-der-Voort-2004[ 519],
144I-mua,http://wals.info/languoid/lect/wals_code_mua,144I,144,Prefix&NoDoubleNeg,Woodward-1926[ 295-296],
144I-mgk,http://wals.info/languoid/lect/wals_code_mgk,144I,144,Word&OnlyWithAnotherNeg,Tischhauser-1992[ 24],
144I-nal,http://wals.info/languoid/lect/wals_code_nal,144I,144,Word&NoDoubleNeg,Volker-1998[ 58],
144I-nne,http://wals.info/languoid/lect/wals_code_nne,144I,144,Word&NoDoubleNeg,Tryon-1967b[ 47],
144I-shm,http://wals.info/languoid/lect/wals_code_shm,144I,144,Prefix&NoDoubleNeg,Besha-1993[ 18],
144I-ven,http://wals.info/languoid/lect/wals_code_ven,144I,144,Prefix&NoDoubleNeg,"Poulos-1990[ 254, 264]",
144I-bas,http://wals.info/languoid/lect/wals_code_bas,144I,144,No SNegVO,"Schurle-1912[ 73, 94]",
144I-fon,http://wals.info/languoid/lect/wals_code_fon,144I,144,Word&NoDoubleNeg,Lefebvre-and-Brousseau-2002[ 120-121],
144I-kil,http://wals.info/languoid/lect/wals_code_kil,144I,144,Prefix&NoDoubleNeg,DeClercq-1929[ 35],
144I-mtb,http://wals.info/languoid/lect/wals_code_mtb,144I,144,No SNegVO,Odden-1996[ passim],
144I-mus,http://wals.info/languoid/lect/wals_code_mus,144I,144,Word&NoDoubleNeg,Ross-2002b[ 164],
144I-ngw,http://wals.info/languoid/lect/wals_code_ngw,144I,144,No SNegVO,Breen-1981b[ 65],
144I-nse,http://wals.info/languoid/lect/wals_code_nse,144I,144,Prefix&NoDoubleNeg,Ranger-1928[ 58],
144I-rsu,http://wals.info/languoid/lect/wals_code_rsu,144I,144,No SNegVO,Haiman-1988[ 375-376],
144I-ron,http://wals.info/languoid/lect/wals_code_ron,144I,144,No SNegVO,Seibert-1998[ 116],
144I-bbl,http://wals.info/languoid/lect/wals_code_bbl,144I,144,Prefix&NoDoubleNeg,Leitch-1994[ 193],
144I-bku,http://wals.info/languoid/lect/wals_code_bku,144I,144,Prefix&NoDoubleNeg,Kagaya-1992[ 31],
144I-ige,http://wals.info/languoid/lect/wals_code_ige,144I,144,No SNegVO,Bergman-1981[ 37],
144I-mdo,http://wals.info/languoid/lect/wals_code_mdo,144I,144,No SNegVO,Boyd-1997[ 162],
144I-msm,http://wals.info/languoid/lect/wals_code_msm,144I,144,No SNegVO,Holzknecht-1997b[ 94],
144I-sob,http://wals.info/languoid/lect/wals_code_sob,144I,144,Word&NoDoubleNeg,Sterner-and-Ross-2002[ 183],
144I-toz,http://wals.info/languoid/lect/wals_code_toz,144I,144,Prefix&NoDoubleNeg,Collins-1962[ 44],
144I-agh,http://wals.info/languoid/lect/wals_code_agh,144I,144,Word&NoDoubleNeg,"Anderson-1979[ 118, 123]",
144I-ble,http://wals.info/languoid/lect/wals_code_ble,144I,144,No SNegVO,"Carteron-1972[ 42, 69-70]",
144I-bni,http://wals.info/languoid/lect/wals_code_bni,144I,144,Word&NoDoubleNeg,"Dunn-1968[ 26, 27, 31, passim]",
144I-deg,http://wals.info/languoid/lect/wals_code_deg,144I,144,Prefix&OnlyWithAnotherNeg,Kari-1997[ 47],
144I-dgo,http://wals.info/languoid/lect/wals_code_dgo,144I,144,No SNegVO,Tucker-and-Bryan-1966[ 130],
144I-kba,http://wals.info/languoid/lect/wals_code_kba,144I,144,Prefix&NoDoubleNeg,Whiteley-and-Muli-1962[ 50],
144I-ldo,http://wals.info/languoid/lect/wals_code_ldo,144I,144,Prefix&NoDoubleNeg,"Kuperus-1985[ 148, 150, passim]",
144I-msk,http://wals.info/languoid/lect/wals_code_msk,144I,144,No SNegVO,Tucker-and-Bryan-1966[ 286],
144I-mdg,http://wals.info/languoid/lect/wals_code_mdg,144I,144,No SNegVO,Elders-2000[ 440],
144I-stn,http://wals.info/languoid/lect/wals_code_stn,144I,144,Word&OnlyWithAnotherNeg,Ziervogel-et-al-1969[ 35],
144I-tbw,http://wals.info/languoid/lect/wals_code_tbw,144I,144,Prefix&NoDoubleNeg,de-Beerst-1896[ 301],
144I-taf,http://wals.info/languoid/lect/wals_code_taf,144I,144,Word&NoDoubleNeg,Ross-2002g[ 437],
144I-zqs,http://wals.info/languoid/lect/wals_code_zqs,144I,144,Word&NoDoubleNeg,"Elson-1967[ 276, 281]",
144I-bka,http://wals.info/languoid/lect/wals_code_bka,144I,144,No SNegVO,Tucker-and-Bryan-1966[ 80];Santandrea-1976[ 149],
144I-dua,http://wals.info/languoid/lect/wals_code_dua,144I,144,Word&NoDoubleNeg,Ittmann-1978[ 151],
144I-kpw,http://wals.info/languoid/lect/wals_code_kpw,144I,144,No SNegVO,Kato-2003[ 640],
144I-lew,http://wals.info/languoid/lect/wals_code_lew,144I,144,No SNegVO,Early-1994a[ passim],
144I-lou,http://wals.info/languoid/lect/wals_code_lou,144I,144,Word&OnlyWithAnotherNeg,Stutzman-1997[ 59],
144I-ndu,http://wals.info/languoid/lect/wals_code_ndu,144I,144,Prefix&OnlyWithAnotherNeg,Biton-1969[ 643],
144I-neh,http://wals.info/languoid/lect/wals_code_neh,144I,144,Word&NoDoubleNeg,Todd-1978[ 1209],
144I-sgu,http://wals.info/languoid/lect/wals_code_sgu,144I,144,Prefix&NoDoubleNeg,Idiata-1998[ 80-81],
144I-sht,http://wals.info/languoid/lect/wals_code_sht,144I,144,No SNegVO,Tucker-and-Bryan-1966[ passim],
144I-sir,http://wals.info/languoid/lect/wals_code_sir,144I,144,Word&NoDoubleNeg,Ross-2002f[ 420],
144I-adz,http://wals.info/languoid/lect/wals_code_adz,144I,144,Prefix&OptDoubleNeg,Holzknecht-1986[ 139],
144I-gnb,http://wals.info/languoid/lect/wals_code_gnb,144I,144,Type 1 / Type 2,"Harris-1969b[ 4, 12-13, 35-37]",
144I-jar,http://wals.info/languoid/lect/wals_code_jar,144I,144,No SNegVO,Lukas-and-Willms-1961[ 33],
144I-kel,http://wals.info/languoid/lect/wals_code_kel,144I,144,No SNegVO,Ross-2002k[ passim],
144I-kir,http://wals.info/languoid/lect/wals_code_kir,144I,144,Word&NoDoubleNeg,Prost-1964b[ passim],
144I-mmv,http://wals.info/languoid/lect/wals_code_mmv,144I,144,Prefix&NoDoubleNeg,Tucker-and-Bryan-1966[ 54],
144I-mpu,http://wals.info/languoid/lect/wals_code_mpu,144I,144,No SNegVO,Ode-2002[ 79],
144I-sap,http://wals.info/languoid/lect/wals_code_sap,144I,144,Word&NoDoubleNeg,Jacq-and-Sidwell-1999[ 22],
144I-sgb,http://wals.info/languoid/lect/wals_code_sgb,144I,144,No SNegVO,Reesink-2002[ 253],
144I-wrm,http://wals.info/languoid/lect/wals_code_wrm,144I,144,No SNegVO,Donohue-1999b[ passim],
144I-bvi,http://wals.info/languoid/lect/wals_code_bvi,144I,144,Word&NoDoubleNeg,Ross-2002c[ 383],
144I-gbk,http://wals.info/languoid/lect/wals_code_gbk,144I,144,No SNegVO,Tucker-and-Bryan-1966[ 101],
144I-ken,http://wals.info/languoid/lect/wals_code_ken,144I,144,No SNegVO,Vandame-1968[ 61],
144I-lmh,http://wals.info/languoid/lect/wals_code_lmh,144I,144,No SNegVO,Arndt-1937[ 99];Nishiyama-and-Kelen-2007[ 69],
144I-nad,http://wals.info/languoid/lect/wals_code_nad,144I,144,No SNegVO,Weir-1994[ 294-298],
144I-nza,http://wals.info/languoid/lect/wals_code_nza,144I,144,No SNegVO,Tucker-and-Bryan-1966[ 155],
144I-plg,http://wals.info/languoid/lect/wals_code_plg,144I,144,Word&NoDoubleNeg,Milne-1921[ passim],
144I-pre,http://wals.info/languoid/lect/wals_code_pre,144I,144,Prefix&NoDoubleNeg,Kotz-1964[ 7-8],
144I-pat,http://wals.info/languoid/lect/wals_code_pat,144I,144,No SNegVO,Lauck-1976[ passim],
144I-aml,http://wals.info/languoid/lect/wals_code_aml,144I,144,Word&OnlyWithAnotherNeg,"Hyslop-2001[ 231, 259, passim]",
144I-bnn,http://wals.info/languoid/lect/wals_code_bnn,144I,144,Word&NoDoubleNeg,"Lincoln-1976[ 126-127, 132, 134-135, 138]",
144I-bsh,http://wals.info/languoid/lect/wals_code_bsh,144I,144,Prefix&NoDoubleNeg,Edmiston-1932[ 87],
144I-gku,http://wals.info/languoid/lect/wals_code_gku,144I,144,Prefix&NoDoubleNeg,Casamiquela-1983[ 79],
144I-hya,http://wals.info/languoid/lect/wals_code_hya,144I,144,Prefix&NoDoubleNeg,Byarushengo-1977[ 11],
144I-ila,http://wals.info/languoid/lect/wals_code_ila,144I,144,Prefix&NoDoubleNeg,Smith-1907[ 164],
144I-kni,http://wals.info/languoid/lect/wals_code_kni,144I,144,Word&NoDoubleNeg,Cahill-1999[ 20],
144I-lag,http://wals.info/languoid/lect/wals_code_lag,144I,144,No SNegVO,Lukas-1936[ 47],
144I-mmb,http://wals.info/languoid/lect/wals_code_mmb,144I,144,No SNegVO,"Bugenhagen-1995[ 126, 131]",
144I-mas,http://wals.info/languoid/lect/wals_code_mas,144I,144,No SNegVO,Caitucoli-1986[ 48],
144I-mea,http://wals.info/languoid/lect/wals_code_mea,144I,144,No SNegVO,Gravelle-2004[ 203];Gravelle-2002[ 168],
144I-mwe,http://wals.info/languoid/lect/wals_code_mwe,144I,144,Prefix&NoDoubleNeg,Harries-1950[ 100],
144I-tob,http://wals.info/languoid/lect/wals_code_tob,144I,144,Prefix&NoDoubleNeg,Klein-2001[ 37];Klein-1973[ passim],
144I-alk,http://wals.info/languoid/lect/wals_code_alk,144I,144,No SNegVO,DJernes-2002[ 265],
144I-bgr,http://wals.info/languoid/lect/wals_code_bgr,144I,144,No SNegVO,"Boyeldieu-2000[ 225, 227]",
144I-goe,http://wals.info/languoid/lect/wals_code_goe,144I,144,No SNegVO,Hellwig-2003[ 39],
144I-kar,http://wals.info/languoid/lect/wals_code_kar,144I,144,No SNegVO,"Santandrea-1970[ 127, 153, 159];Boyeldieu-1987[ 90]",
144I-laa,http://wals.info/languoid/lect/wals_code_laa,144I,144,No SNegVO,Boyeldieu-1982[ 189-190],
144I-mbt,http://wals.info/languoid/lect/wals_code_mbt,144I,144,No SNegVO,Tucker-and-Bryan-1966[ 54],
144I-mbr,http://wals.info/languoid/lect/wals_code_mbr,144I,144,No SNegVO,Tourneux-et-al-1986[ 190],
144I-bmb,http://wals.info/languoid/lect/wals_code_bmb,144I,144,Word&OptDoubleNeg,"Jacobs-1970[ 99-101, 114, 128-129]",
144I-bgo,http://wals.info/languoid/lect/wals_code_bgo,144I,144,Word&OnlyWithAnotherNeg,"Santandrea-1963[ 58, 68]",
144I-bum,http://wals.info/languoid/lect/wals_code_bum,144I,144,No SNegVO,Tryon-2002[ 583],
144I-cai,http://wals.info/languoid/lect/wals_code_cai,144I,144,Word&NoDoubleNeg,Last-and-Lucassen-1998[ 419],
144I-gul,http://wals.info/languoid/lect/wals_code_gul,144I,144,No SNegVO,Nougayrol-1999[ 68],
144I-kau,http://wals.info/languoid/lect/wals_code_kau,144I,144,No SNegVO,Ross-2002i[ 401],
144I-mlu,http://wals.info/languoid/lect/wals_code_mlu,144I,144,No SNegVO,Haywood-1996[ 177],
144I-mwo,http://wals.info/languoid/lect/wals_code_mwo,144I,144,Word&OnlyWithAnotherNeg,"Crowley-2002d[ 595, 597]",
144I-ngo,http://wals.info/languoid/lect/wals_code_ngo,144I,144,Prefix&NoDoubleNeg,Ngonyani-2003[ 86],
144I-srd,http://wals.info/languoid/lect/wals_code_srd,144I,144,Word&NoDoubleNeg,Jones-1988[ 341],
144I-arq,http://wals.info/languoid/lect/wals_code_arq,144I,144,Prefix&NoDoubleNeg,Erwin-1963[ 328],
144I-hnd,http://wals.info/languoid/lect/wals_code_hnd,144I,144,Prefix&NoDoubleNeg,Kahombo-1992[ 33],
144I-ktl,http://wals.info/languoid/lect/wals_code_ktl,144I,144,Word&OnlyWithAnotherNeg,Tucker-and-Bryan-1966[ 268],
144I-ldu,http://wals.info/languoid/lect/wals_code_ldu,144I,144,No SNegVO,Tucker-and-Bryan-1966[ 54],
144I-let,http://wals.info/languoid/lect/wals_code_let,144I,144,Prefix&NoDoubleNeg,van-Engelenhoven-1995[ 213],
144I-mae,http://wals.info/languoid/lect/wals_code_mae,144I,144,Word&NoDoubleNeg,Capell-1962a[ 26],
144I-nhm,http://wals.info/languoid/lect/wals_code_nhm,144I,144,Word&NoDoubleNeg,Sischo-1979[ 313],
144I-paa,http://wals.info/languoid/lect/wals_code_paa,144I,144,Word&OnlyWithAnotherNeg,Skinner-1979[ 51],
144I-rny,http://wals.info/languoid/lect/wals_code_rny,144I,144,Prefix&NoDoubleNeg,Morris-and-Kirwan-1972[ 7],
144I-sak,http://wals.info/languoid/lect/wals_code_sak,144I,144,Prefix&NoDoubleNeg,Guy-1974a[ 48],
144I-sis,http://wals.info/languoid/lect/wals_code_sis,144I,144,Word&NoDoubleNeg,Ross-2002l[ 464],
144I-sti,http://wals.info/languoid/lect/wals_code_sti,144I,144,Word&NoDoubleNeg,Miller-1976[ 37],
144I-wrn,http://wals.info/languoid/lect/wals_code_wrn,144I,144,Prefix&OptDoubleNeg,"Heath-1980b[ 59, 78, 96]",
144I-bii,http://wals.info/languoid/lect/wals_code_bii,144I,144,Word&NoDoubleNeg,Terrill-1998[ 46],
144I-juk,http://wals.info/languoid/lect/wals_code_juk,144I,144,No SNegVO,"Welmers-1968b[ 56];Shimuzu-1980[ 276, 315]",
144I-kin,http://wals.info/languoid/lect/wals_code_kin,144I,144,Prefix&NoDoubleNeg,"Hurel-1959[ 74-75, 83]",
144I-maj,http://wals.info/languoid/lect/wals_code_maj,144I,144,No SNegVO,Unseth-1989[ 119],
144I-mlg,http://wals.info/languoid/lect/wals_code_mlg,144I,144,No SNegVO,"Lohr-2002[ 178-179, 183, 189, 192-196, 199]",
144I-nkn,http://wals.info/languoid/lect/wals_code_nkn,144I,144,Prefix&NoDoubleNeg,"Reineke-1972[ 52, 55]",
144I-ocu,http://wals.info/languoid/lect/wals_code_ocu,144I,144,Prefix&NoDoubleNeg,Muntzel-1986[ 125],
144I-uld,http://wals.info/languoid/lect/wals_code_uld,144I,144,No SNegVO,de-Colombel-1997[ 81],
144I-wal,http://wals.info/languoid/lect/wals_code_wal,144I,144,Word&NoDoubleNeg,,
144I-yng,http://wals.info/languoid/lect/wals_code_yng,144I,144,Word&NoDoubleNeg,Dench-1998[ 63],
144I-acg,http://wals.info/languoid/lect/wals_code_acg,144I,144,Word&NoDoubleNeg,Wilson-and-Levinsohn-1992[ 131],
144I-amq,http://wals.info/languoid/lect/wals_code_amq,144I,144,No SNegVO,Silzer-1983[ 214-215],
144I-duk,http://wals.info/languoid/lect/wals_code_duk,144I,144,No SNegVO,"Bendor-Samuel-et-al-1973[ passim, 72]",
144I-gok,http://wals.info/languoid/lect/wals_code_gok,144I,144,Word&NoDoubleNeg,,
144I-hal,http://wals.info/languoid/lect/wals_code_hal,144I,144,Word&OnlyWithAnotherNeg,"Allen-and-Allen-1965[ 11-12, passim]",
144I-kbw,http://wals.info/languoid/lect/wals_code_kbw,144I,144,Prefix&OnlyWithAnotherNeg,"Henderson-1997[ xiii, passim]",
144I-kre,http://wals.info/languoid/lect/wals_code_kre,144I,144,Word&OnlyWithAnotherNeg,"Tucker-and-Bryan-1966[ 80-81];Brown-1994[ 165];Santandrea-1976[ 61, 130]",
144I-mut,http://wals.info/languoid/lect/wals_code_mut,144I,144,Word&NoDoubleNeg,Okrand-1977[ 296],
144I-ndb,http://wals.info/languoid/lect/wals_code_ndb,144I,144,Prefix&OnlyWithAnotherNeg,Bowern-and-Lotridge-2002[ 32],
144I-olo,http://wals.info/languoid/lect/wals_code_olo,144I,144,No SNegVO,"Staley-1995[ passim, 111, passim]",
144I-pga,http://wals.info/languoid/lect/wals_code_pga,144I,144,Prefix&NoDoubleNeg,"Vidal-2001[ 132, 283]",
144I-teo,http://wals.info/languoid/lect/wals_code_teo,144I,144,Word&OnlyWithAnotherNeg,Mosel-and-Spriggs-1992[ 84],
144I-xho,http://wals.info/languoid/lect/wals_code_xho,144I,144,Prefix&NoDoubleNeg,McLaren-1939[ 103],
144I-adi,http://wals.info/languoid/lect/wals_code_adi,144I,144,No SNegVO,Herault-1978[ 353ff],
144I-bak,http://wals.info/languoid/lect/wals_code_bak,144I,144,No SNegVO,Kilian-Hatz-1989[ xxiii];Kilian-Hatz-1995[ 61],
144I-brf,http://wals.info/languoid/lect/wals_code_brf,144I,144,Word&NoDoubleNeg,"Kossmann-2000[ 150, 173]",
144I-bra,http://wals.info/languoid/lect/wals_code_bra,144I,144,Word&NoDoubleNeg,"Keller-1976[ 42, 44]",
144I-hak,http://wals.info/languoid/lect/wals_code_hak,144I,144,Word&NoDoubleNeg,Hashimoto-1973[ passim],
144I-izi,http://wals.info/languoid/lect/wals_code_izi,144I,144,Word&OnlyWithAnotherNeg,Meier-et-al-1975[ 216],
144I-mcd,http://wals.info/languoid/lect/wals_code_mcd,144I,144,Word&NoDoubleNeg,Friedman-1993[ 290],
144I-tmn,http://wals.info/languoid/lect/wals_code_tmn,144I,144,No SNegVO,Tucker-and-Bryan-1966[ 260],
144I-aln,http://wals.info/languoid/lect/wals_code_aln,144I,144,No SNegVO,Niggemeyer-1951[ passim],
144I-ane,http://wals.info/languoid/lect/wals_code_ane,144I,144,No SNegVO,Thurston-1982[ 31],
144I-dga,http://wals.info/languoid/lect/wals_code_dga,144I,144,Word&NoDoubleNeg,Bodomo-1997[ 84-85],
144I-ga,http://wals.info/languoid/lect/wals_code_ga,144I,144,No SNegVO,"Ablorh-Odjidja-1968[ 65, 69, 72]",
144I-gmz,http://wals.info/languoid/lect/wals_code_gmz,144I,144,No SNegVO,Bender-1979[ 53];Uzar-1989[ 382],
144I-lbu,http://wals.info/languoid/lect/wals_code_lbu,144I,144,Prefix&OnlyWithAnotherNeg,Kawasha-2003[ 218],
144I-mor,http://wals.info/languoid/lect/wals_code_mor,144I,144,No SNegVO,Laycock-1978[ 300],
144I-obg,http://wals.info/languoid/lect/wals_code_obg,144I,144,Prefix&NoDoubleNeg,Kari-2000[ 33-40],
144I-ten,http://wals.info/languoid/lect/wals_code_ten,144I,144,No SNegVO,Randal-1998[ 247],
144I-tes,http://wals.info/languoid/lect/wals_code_tes,144I,144,No SNegVO,"Hilders-and-Lawrance-1956[ xix, 46]",
144I-fua,http://wals.info/languoid/lect/wals_code_fua,144I,144,No SNegVO,"Taylor-1953[ 75-78];Stennes-1967[ 136, 167];Arnott-1970[ 290-298]",
144I-iqu,http://wals.info/languoid/lect/wals_code_iqu,144I,144,No SNegVO,"Eastman-and-Eastman-1963[ 158-160, 179]",
144I-kik,http://wals.info/languoid/lect/wals_code_kik,144I,144,Prefix&NoDoubleNeg,Barlow-1960[ 38],
144I-mba,http://wals.info/languoid/lect/wals_code_mba,144I,144,No SNegVO,Tucker-and-Bryan-1966[ 130],
144I-mon,http://wals.info/languoid/lect/wals_code_mon,144I,144,Word&NoDoubleNeg,"Bauer-1982a[ 403, 455]",
144I-mou,http://wals.info/languoid/lect/wals_code_mou,144I,144,No SNegVO,Tucker-1967[ 253-254];Tucker-and-Bryan-1966[ 54];Andersen-1984[ 29],
144I-mgu,http://wals.info/languoid/lect/wals_code_mgu,144I,144,No SNegVO,"Meyer-Bahlburg-1972[ 162, 185-186]",
144I-pkn,http://wals.info/languoid/lect/wals_code_pkn,144I,144,No SNegVO,Hercus-1982[ 228],
144I-pul,http://wals.info/languoid/lect/wals_code_pul,144I,144,Word&NoDoubleNeg,Elbert-1974[ 85],
144I-shl,http://wals.info/languoid/lect/wals_code_shl,144I,144,Word&NoDoubleNeg,Kohnen-1933[ 147-149],
144I-url,http://wals.info/languoid/lect/wals_code_url,144I,144,Word&NoDoubleNeg,Hogan-1988[ 56],
144I-chw,http://wals.info/languoid/lect/wals_code_chw,144I,144,No SNegVO,Baumgartner-1998[ 5],
144I-cmy,http://wals.info/languoid/lect/wals_code_cmy,144I,144,Word&NoDoubleNeg,Knowles-1984[ 318],
144I-coc,http://wals.info/languoid/lect/wals_code_coc,144I,144,No SNegVO,Faust-1972[ 72];Faust-1971[ passim],
144I-jmo,http://wals.info/languoid/lect/wals_code_jmo,144I,144,No SNegVO,"Persson-1981[ 110, 112]",
144I-plh,http://wals.info/languoid/lect/wals_code_plh,144I,144,Word&OptDoubleNeg,"Stresemann-1918[ 74, passim]",
144I-aro,http://wals.info/languoid/lect/wals_code_aro,144I,144,Word&NoDoubleNeg,Capell-1971[ passim],
144I-cic,http://wals.info/languoid/lect/wals_code_cic,144I,144,Prefix&NoDoubleNeg,"Price-1966[ 22];Bentley-and-Kulemeka-2001[ 28, 33]",
144I-igs,http://wals.info/languoid/lect/wals_code_igs,144I,144,No SNegVO,Bender-1989[ 168],
144I-mbm,http://wals.info/languoid/lect/wals_code_mbm,144I,144,No SNegVO,"Hagege-1970[ passim, 321]",
144I-meh,http://wals.info/languoid/lect/wals_code_meh,144I,144,No SNegVO,Simeone-Senelle-1997[ 414],
144I-ngm,http://wals.info/languoid/lect/wals_code_ngm,144I,144,No SNegVO,"Vandame-1963[ 116];Thayer-1978[ 32, passim]",
144I-sio,http://wals.info/languoid/lect/wals_code_sio,144I,144,No SNegVO,Clark-and-Clark-1987[ 87],
144I-yin,http://wals.info/languoid/lect/wals_code_yin,144I,144,Word&NoDoubleNeg,Wordick-1982[ passim],
144I-au,http://wals.info/languoid/lect/wals_code_au,144I,144,Word&NoDoubleNeg,"Scorza-1985[ 244, 257]",
144I-moo,http://wals.info/languoid/lect/wals_code_moo,144I,144,Word&OnlyWithAnotherNeg,"Lehr-et-al-1966[ xxiv-xxxv, 31, 96]",
144I-nup,http://wals.info/languoid/lect/wals_code_nup,144I,144,No SNegVO,Smith-1967a[ 39],
144I-slo,http://wals.info/languoid/lect/wals_code_slo,144I,144,Word&NoDoubleNeg,Priestly-1993[ 429],
144I-tmr,http://wals.info/languoid/lect/wals_code_tmr,144I,144,Word&NoDoubleNeg,"Benjamin-1976[ 165, passim]",
144I-twn,http://wals.info/languoid/lect/wals_code_twn,144I,144,Prefix&NoDoubleNeg,Trager-1946[ 202],
144I-bud,http://wals.info/languoid/lect/wals_code_bud,144I,144,No SNegVO,Lukas-and-Nachtigal-1939[ 58],
144I-egn,http://wals.info/languoid/lect/wals_code_egn,144I,144,No SNegVO,Thomas-1978[ 68],
144I-kom,http://wals.info/languoid/lect/wals_code_kom,144I,144,Word&NoDoubleNeg,"Tucker-and-Bryan-1966[ 364, 367]",
144I-lmp,http://wals.info/languoid/lect/wals_code_lmp,144I,144,Prefix&NoDoubleNeg,Walker-1976[ 8-9],
144I-llm,http://wals.info/languoid/lect/wals_code_llm,144I,144,Prefix&NoDoubleNeg,Hoftmann-1971[ 51],
144I-lin,http://wals.info/languoid/lect/wals_code_lin,144I,144,No SNegVO,Meeuwis-1998[ 40],
144I-jab,http://wals.info/languoid/lect/wals_code_jab,144I,144,No SNegVO,Dempwolff-1939[ 69],
144I-nak,http://wals.info/languoid/lect/wals_code_nak,144I,144,Word&NoDoubleNeg,"Johnston-1980[ 60, 62]",
144I-sul,http://wals.info/languoid/lect/wals_code_sul,144I,144,Prefix&NoDoubleNeg,Tharp-1996[ 94],
144I-yul,http://wals.info/languoid/lect/wals_code_yul,144I,144,No SNegVO,Santandrea-1970[ passim],
144I-asy,http://wals.info/languoid/lect/wals_code_asy,144I,144,Word&NoDoubleNeg,Cowell-1964[ 383],
144I-brn,http://wals.info/languoid/lect/wals_code_brn,144I,144,No SNegVO,Kiessling-1994[ 209],
144I-mad,http://wals.info/languoid/lect/wals_code_mad,144I,144,No SNegVO,"Tucker-1967[ 253, Blackings and Fabb 2003]",
144I-ndt,http://wals.info/languoid/lect/wals_code_ndt,144I,144,No SNegVO,Morgan-1996[ 89-90],
144I-obo,http://wals.info/languoid/lect/wals_code_obo,144I,144,Prefix&NoDoubleNeg,Faraclas-1984[ 82-83],
144I-wol,http://wals.info/languoid/lect/wals_code_wol,144I,144,Word&NoDoubleNeg,"Sohn-1975[ 84-86, 211, 218-224]",
144I-bai,http://wals.info/languoid/lect/wals_code_bai,144I,144,Word&NoDoubleNeg,Wiersma-2003[ 672],
144I-mos,http://wals.info/languoid/lect/wals_code_mos,144I,144,Word&NoDoubleNeg,Sakel-2002a[ 258],
144I-nua,http://wals.info/languoid/lect/wals_code_nua,144I,144,No SNegVO,"Bolton-1990[ 82, 126]",
144I-anc,http://wals.info/languoid/lect/wals_code_anc,144I,144,No SNegVO,"Burquest-1973[ 32, 174-178]",
144I-gud,http://wals.info/languoid/lect/wals_code_gud,144I,144,No SNegVO,Hoskison-1983[ 90-91],
144I-irr,http://wals.info/languoid/lect/wals_code_irr,144I,144,No SNegVO,Matsumura-1991a[ 83],
144I-rot,http://wals.info/languoid/lect/wals_code_rot,144I,144,Word&OnlyWithAnotherNeg,Schmidt-2002[ 830],
144I-fut,http://wals.info/languoid/lect/wals_code_fut,144I,144,Word&NoDoubleNeg,Dougherty-1983[ passim],
144I-kzy,http://wals.info/languoid/lect/wals_code_kzy,144I,144,Word&NoDoubleNeg,Hausenberg-1998[ 320],
144I-lao,http://wals.info/languoid/lect/wals_code_lao,144I,144,Word&NoDoubleNeg,"Yates-and-Sayisthsena-1970[ 312, passim];Hospitalier-1937[ 222]",
144I-lnd,http://wals.info/languoid/lect/wals_code_lnd,144I,144,Prefix&OnlyWithAnotherNeg,"Cloarec-Heiss-1986[ 62, 95-97, 356-362, 456-458]",
144I-shn,http://wals.info/languoid/lect/wals_code_shn,144I,144,Prefix&NoDoubleNeg,Fortune-1955[ 251-255],
144I-sre,http://wals.info/languoid/lect/wals_code_sre,144I,144,Word&NoDoubleNeg,Manley-1972[ 230],
144I-gwa,http://wals.info/languoid/lect/wals_code_gwa,144I,144,Word&OnlyWithAnotherNeg,Hyman-and-Magaji-1970[ 118],
144I-lon,http://wals.info/languoid/lect/wals_code_lon,144I,144,No SNegVO,Hamel-1985[ 226],
144I-noo,http://wals.info/languoid/lect/wals_code_noo,144I,144,No SNegVO,Soukka-2000[ 185-187],
144I-sal,http://wals.info/languoid/lect/wals_code_sal,144I,144,Prefix&OnlyWithAnotherNeg,Turner-1987[ 132];Mason-1918[ 41],
144I-kan,http://wals.info/languoid/lect/wals_code_kan,144I,144,Word&NoDoubleNeg,Ikoro-1996[ passim],
144I-non,http://wals.info/languoid/lect/wals_code_non,144I,144,Word&OnlyWithAnotherNeg,"Hyman-1981b[ 57-62, 71-72]",
144I-per,http://wals.info/languoid/lect/wals_code_per,144I,144,Word&OnlyWithAnotherNeg,Frajzyngier-1989[ 209-212],
144I-ber,http://wals.info/languoid/lect/wals_code_ber,144I,144,Prefix&NoDoubleNeg,Tucker-and-Bryan-1966[ 351],
144I-ewo,http://wals.info/languoid/lect/wals_code_ewo,144I,144,Word&OptDoubleNeg,"Redden-1979[ 79, 86, 97]",
144I-ksg,http://wals.info/languoid/lect/wals_code_ksg,144I,144,Word&OnlyWithAnotherNeg,"Jones-1961[ 17, 50, 52, passim]",
144I-wrk,http://wals.info/languoid/lect/wals_code_wrk,144I,144,Word&OnlyWithAnotherNeg,Aikhenvald-1998[ 264],
144I-bae,http://wals.info/languoid/lect/wals_code_bae,144I,144,Word&NoDoubleNeg,,
144I-bar,http://wals.info/languoid/lect/wals_code_bar,144I,144,Word&NoDoubleNeg,Spagnolo-1933[ 120],
144I-err,http://wals.info/languoid/lect/wals_code_err,144I,144,Prefix&NoDoubleNeg,"Crowley-1998a[ 105, 199]",
144I-mby,http://wals.info/languoid/lect/wals_code_mby,144I,144,No SNegVO,"Fortier-1971[ 7, 73]",
144I-ukr,http://wals.info/languoid/lect/wals_code_ukr,144I,144,Word&NoDoubleNeg,Stechishin-1958[ 137],
144I-yuk,http://wals.info/languoid/lect/wals_code_yuk,144I,144,No SNegVO,Keen-1983[ 237],
144I-kkv,http://wals.info/languoid/lect/wals_code_kkv,144I,144,No SNegVO,Counts-1969[ 129-131],
144I-sah,http://wals.info/languoid/lect/wals_code_sah,144I,144,No SNegVO,Visser-and-Voorhoeve-1987[ passim],
144I-fye,http://wals.info/languoid/lect/wals_code_fye,144I,144,No SNegVO,Nettle-1998[ 48-49],
144I-mro,http://wals.info/languoid/lect/wals_code_mro,144I,144,Word&NoDoubleNeg,Black-and-Black-1971[ 70],
144I-zan,http://wals.info/languoid/lect/wals_code_zan,144I,144,No SNegVO,Tucker-and-Bryan-1966[ 155],
144I-cop,http://wals.info/languoid/lect/wals_code_cop,144I,144,Prefix&OptDoubleNeg,,
144I-dgb,http://wals.info/languoid/lect/wals_code_dgb,144I,144,Word&NoDoubleNeg,Olawsky-1999[ 49],
144I-kos,http://wals.info/languoid/lect/wals_code_kos,144I,144,Word&NoDoubleNeg,Lee-1975[ 310],
144I-ara,http://wals.info/languoid/lect/wals_code_ara,144I,144,No SNegVO,Pet-1987[ passim],
144I-bir,http://wals.info/languoid/lect/wals_code_bir,144I,144,No SNegVO,"Bouquiaux-1970[ 384, 394]",
144I-cze,http://wals.info/languoid/lect/wals_code_cze,144I,144,Prefix&NoDoubleNeg,Harkins-1953[ 19-20],
144I-dsh,http://wals.info/languoid/lect/wals_code_dsh,144I,144,Word&NoDoubleNeg,"Allan-et-al-1995[ 491-492, 515];Bredsdorff-1958[ 105, 165-171]",
144I-knk,http://wals.info/languoid/lect/wals_code_knk,144I,144,Word&OnlyWithAnotherNeg,Newman-1974[ 59],
144I-kwa,http://wals.info/languoid/lect/wals_code_kwa,144I,144,Word&NoDoubleNeg,Keesing-1985[ 127],
144I-lel,http://wals.info/languoid/lect/wals_code_lel,144I,144,No SNegVO,Frajzyngier-2001[ 297],
144I-tne,http://wals.info/languoid/lect/wals_code_tne,144I,144,No SNegVO,Scott-1956[ 19];Wilson-1961a[ 25],
144I-ctl,http://wals.info/languoid/lect/wals_code_ctl,144I,144,Word&OptDoubleNeg,Hualde-1992[ passim],
144I-por,http://wals.info/languoid/lect/wals_code_por,144I,144,Word&NoDoubleNeg,Parkinson-1988[ 158],
144I-sun,http://wals.info/languoid/lect/wals_code_sun,144I,144,Word&NoDoubleNeg,Hardjadibrata-1985[ 49-50],
144I-chr,http://wals.info/languoid/lect/wals_code_chr,144I,144,Word&OptDoubleNeg,Thomas-1971[ 143-144],
144I-est,http://wals.info/languoid/lect/wals_code_est,144I,144,Word&NoDoubleNeg,"de-Sivers-1969[ 69-71];Tauli-1983[ 32, 150];Tauli-1973[ 94]",
144I-mum,http://wals.info/languoid/lect/wals_code_mum,144I,144,Word&OnlyWithAnotherNeg,"Shimizu-1983[ 102-111, 126]",
144I-ter,http://wals.info/languoid/lect/wals_code_ter,144I,144,Word&OnlyWithAnotherNeg,"Newman-1970[ 15, passim, 128-129]",
144I-wma,http://wals.info/languoid/lect/wals_code_wma,144I,144,No SNegVO,Voorhoeve-1982[ 27],
144I-abu,http://wals.info/languoid/lect/wals_code_abu,144I,144,Word&OnlyWithAnotherNeg,Berry-1995b[ 82],
144I-bab,http://wals.info/languoid/lect/wals_code_bab,144I,144,Word&OnlyWithAnotherNeg,Schaub-1985[ 91],
144I-doy,http://wals.info/languoid/lect/wals_code_doy,144I,144,Word&OnlyWithAnotherNeg,"Wiering-and-Wiering-1994[ 56, 80-81]",
144I-len,http://wals.info/languoid/lect/wals_code_len,144I,144,Prefix&OnlyWithAnotherNeg,Lynch-1978[ 64],
144I-ttn,http://wals.info/languoid/lect/wals_code_ttn,144I,144,Word&NoDoubleNeg,van-Klinken-1997[ 226],
144I-tid,http://wals.info/languoid/lect/wals_code_tid,144I,144,Word&OnlyWithAnotherNeg,"van-Staden-2000[ 41, 154, 232]",
144I-arg,http://wals.info/languoid/lect/wals_code_arg,144I,144,Word&NoDoubleNeg,Holes-1990[ 71],
144I-htc,http://wals.info/languoid/lect/wals_code_htc,144I,144,Word&NoDoubleNeg,"Edmonson-1988[ 531, 546]",
144I-nun,http://wals.info/languoid/lect/wals_code_nun,144I,144,Word&NoDoubleNeg,Saul-and-Wilson-1980[ 44ff],
144I-sed,http://wals.info/languoid/lect/wals_code_sed,144I,144,Word&NoDoubleNeg,Smith-1979[ 107-108],
144I-mna,http://wals.info/languoid/lect/wals_code_mna,144I,144,Word&NoDoubleNeg,"van-den-Berg-1989b[ 43, 59, 207ff]",
144I-mup,http://wals.info/languoid/lect/wals_code_mup,144I,144,No SNegVO,Frajzyngier-1993[ 353],
144I-tin,http://wals.info/languoid/lect/wals_code_tin,144I,144,Word&NoDoubleNeg,Osumi-1995[ 190],
144I-gbb,http://wals.info/languoid/lect/wals_code_gbb,144I,144,Word&OnlyWithAnotherNeg,Samarin-1966[ 83],
144I-miy,http://wals.info/languoid/lect/wals_code_miy,144I,144,Word&OnlyWithAnotherNeg,Schuh-1998[ 280],
144I-ngz,http://wals.info/languoid/lect/wals_code_ngz,144I,144,No SNegVO,"Schuh-1972[ 33, 237-238, 454-455]",
144I-poh,http://wals.info/languoid/lect/wals_code_poh,144I,144,Word&NoDoubleNeg,Rehg-1981[ 326],
144I-hat,http://wals.info/languoid/lect/wals_code_hat,144I,144,No SNegVO,Reesink-1999[ 96],
144I-mok,http://wals.info/languoid/lect/wals_code_mok,144I,144,Word&NoDoubleNeg,Harrison-and-Albert-1976[ 187],
144I-nor,http://wals.info/languoid/lect/wals_code_nor,144I,144,Word&NoDoubleNeg,Strandskogen-and-Strandskogen-1986[ 188ff];Olson-1901[ passim],
144I-bre,http://wals.info/languoid/lect/wals_code_bre,144I,144,Word&OnlyWithAnotherNeg,Ternes-1970[ 284];Stephens-1993[ 376],
144I-luo,http://wals.info/languoid/lect/wals_code_luo,144I,144,Word&NoDoubleNeg,Omondi-1982[ 152-155],
144I-pal,http://wals.info/languoid/lect/wals_code_pal,144I,144,Word&NoDoubleNeg,Josephs-1975[ 362ff],
144I-akn,http://wals.info/languoid/lect/wals_code_akn,144I,144,Prefix&NoDoubleNeg,Welmers-1946[ 40];Christaller-1875[ 60],
144I-kis,http://wals.info/languoid/lect/wals_code_kis,144I,144,No SNegVO,"Childs-1995[ 125, 142, 220-222, 227, 260-261]",
144I-kon,http://wals.info/languoid/lect/wals_code_kon,144I,144,Word&OnlyWithAnotherNeg,"Bentley-1887[ 607, 648];Lumwamu-1973[ 213]",
144I-lug,http://wals.info/languoid/lect/wals_code_lug,144I,144,No SNegVO,Crazzolara-1960[ 92-93];Barr-1965[ 22],
144I-iaa,http://wals.info/languoid/lect/wals_code_iaa,144I,144,Word&NoDoubleNeg,Tryon-1968[ 56],
144I-tgk,http://wals.info/languoid/lect/wals_code_tgk,144I,144,Word&NoDoubleNeg,Beaumont-1979[ 77],
144I-ton,http://wals.info/languoid/lect/wals_code_ton,144I,144,No SNegVO,Troike-1967[ 329];Hoijer-1933-1938[ 82],
144I-tzu,http://wals.info/languoid/lect/wals_code_tzu,144I,144,Word&NoDoubleNeg,"Dayley-1985[ 8, 244, 321]",
144I-ice,http://wals.info/languoid/lect/wals_code_ice,144I,144,Word&NoDoubleNeg,,
144I-mrg,http://wals.info/languoid/lect/wals_code_mrg,144I,144,No SNegVO,"Hoffmann-1963[ 169, 179, 228]",
144I-swe,http://wals.info/languoid/lect/wals_code_swe,144I,144,Word&NoDoubleNeg,Holmes-and-Hinchliffe-1994[ 521-524],
144I-wlf,http://wals.info/languoid/lect/wals_code_wlf,144I,144,Word&NoDoubleNeg,"Njie-1982[ 128-129, 147, 168]",
144I-dut,http://wals.info/languoid/lect/wals_code_dut,144I,144,No SNegVO,Shetter-1958[ passim],
144I-kas,http://wals.info/languoid/lect/wals_code_kas,144I,144,No SNegVO,Wali-and-Koul-1997[ 113],
144I-ita,http://wals.info/languoid/lect/wals_code_ita,144I,144,Word&NoDoubleNeg,Sauer-1891[ 40];Maiden-and-Robustelli-2000[ 401],
144I-kch,http://wals.info/languoid/lect/wals_code_kch,144I,144,Word&NoDoubleNeg,"Heath-1999b[ 125, 155]",
144I-lit,http://wals.info/languoid/lect/wals_code_lit,144I,144,Prefix&NoDoubleNeg,Dambriunas-et-al-1966[ 27],
144I-rom,http://wals.info/languoid/lect/wals_code_rom,144I,144,Word&NoDoubleNeg,Mallinson-1986[ 134-135],
144I-bul,http://wals.info/languoid/lect/wals_code_bul,144I,144,Word&NoDoubleNeg,Scatton-1984[ 377];Hubenova-et-al-1968[ 31],
144I-cnt,http://wals.info/languoid/lect/wals_code_cnt,144I,144,Word&NoDoubleNeg,Matthews-and-Yip-1994[ 252-254];Cheung-1983[ 7],
144I-pol,http://wals.info/languoid/lect/wals_code_pol,144I,144,Word&NoDoubleNeg,Bielec-1998[ 25-26],
144I-ker,http://wals.info/languoid/lect/wals_code_ker,144I,144,No SNegVO,Ebert-1979[ 222],
144I-alb,http://wals.info/languoid/lect/wals_code_alb,144I,144,Word&NoDoubleNeg,Newmark-et-al-1982[ 318];Newmark-1957[ 102],
144I-kyl,http://wals.info/languoid/lect/wals_code_kyl,144I,144,No SNegVO,Solnit-1986[ 329],
144I-nti,http://wals.info/languoid/lect/wals_code_nti,144I,144,No SNegVO,"Kutsch-Lojenga-1994[ 242, 391]",
144I-dio,http://wals.info/languoid/lect/wals_code_dio,144I,144,No SNegVO,Sapir-1965[ 92-94],
144I-arm,http://wals.info/languoid/lect/wals_code_arm,144I,144,Word&NoDoubleNeg,,
144I-dre,http://wals.info/languoid/lect/wals_code_dre,144I,144,No SNegVO,Moyse-Faurie-1983[ 103],
144I-pms,http://wals.info/languoid/lect/wals_code_pms,144I,144,Prefix&NoDoubleNeg,"Crowley-1982[ 129, 140]",
144I-bkr,http://wals.info/languoid/lect/wals_code_bkr,144I,144,Word&NoDoubleNeg,Woollams-1996[ 251],
144I-nko,http://wals.info/languoid/lect/wals_code_nko,144I,144,Prefix&NoDoubleNeg,Taylor-1985[ 58-59],
144I-tru,http://wals.info/languoid/lect/wals_code_tru,144I,144,No SNegVO,"Monod-Becquelin-1975[ 179, 199, 211];Guirardello-1999a[ 233]",
144I-tab,http://wals.info/languoid/lect/wals_code_tab,144I,144,No SNegVO,Bowden-1997a[ passim],
144I-pau,http://wals.info/languoid/lect/wals_code_pau,144I,144,Word&NoDoubleNeg,"Chapman-and-Derbyshire-1991[ 220-223, 322]",
144I-arp,http://wals.info/languoid/lect/wals_code_arp,144I,144,Word&OptDoubleNeg,Conrad-and-Wogiga-1991[ 99-101],
144I-ewe,http://wals.info/languoid/lect/wals_code_ewe,144I,144,Word&OnlyWithAnotherNeg,"Warburton-et-al-1968[ 32, 192];Ameka-1991[ 64]",
144I-hmo,http://wals.info/languoid/lect/wals_code_hmo,144I,144,Word&NoDoubleNeg,Lyman-1979[ passim],
144I-khs,http://wals.info/languoid/lect/wals_code_khs,144I,144,Word&NoDoubleNeg,"Rabel-1961[ 61, 123]",
144I-khm,http://wals.info/languoid/lect/wals_code_khm,144I,144,Word&NoDoubleNeg,Jacob-1968[ 60],
144I-juh,http://wals.info/languoid/lect/wals_code_juh,144I,144,Word&NoDoubleNeg,"Snyman-1970[ 9, 154];Dickens-1992[ 1]",
144I-luv,http://wals.info/languoid/lect/wals_code_luv,144I,144,Word&OnlyWithAnotherNeg,"Horton-1949[ 127, 134]",
144I-san,http://wals.info/languoid/lect/wals_code_san,144I,144,No SNegVO,Samarin-1967b[ 148],
144I-bag,http://wals.info/languoid/lect/wals_code_bag,144I,144,No SNegVO,"Stevenson-1969[ 83, 91-92]",
144I-mau,http://wals.info/languoid/lect/wals_code_mau,144I,144,Word&NoDoubleNeg,Capell-and-Hinch-1970[ 67],
144I-kfe,http://wals.info/languoid/lect/wals_code_kfe,144I,144,Word&NoDoubleNeg,Rennison-1997[ 98],
144I-wch,http://wals.info/languoid/lect/wals_code_wch,144I,144,Word&NoDoubleNeg,"Vinas-Urquiza-1974[ 103, passim, 148];Tovar-1981[ 222]",
144I-apu,http://wals.info/languoid/lect/wals_code_apu,144I,144,Word&NoDoubleNeg,Facundes-2000[ 535],
144I-lat,http://wals.info/languoid/lect/wals_code_lat,144I,144,Prefix&NoDoubleNeg,Lazdina-1966[ 24],
144I-mrt,http://wals.info/languoid/lect/wals_code_mrt,144I,144,Word&NoDoubleNeg,Dench-1995[ 178],
144I-gua,http://wals.info/languoid/lect/wals_code_gua,144I,144,Word&OnlyWithAnotherNeg,Gregores-and-Suarez-1967[ 151],
144I-tiw,http://wals.info/languoid/lect/wals_code_tiw,144I,144,Word&NoDoubleNeg,Osborne-1974[ 68-69],
144I-map,http://wals.info/languoid/lect/wals_code_map,144I,144,No SNegVO,Augusta-1903[ 28],
144I-yor,http://wals.info/languoid/lect/wals_code_yor,144I,144,Word&NoDoubleNeg,Ogunbowale-1970[ 62-63];Rowlands-1969[ 13];Bamgbose-1966[ 72],
144I-may,http://wals.info/languoid/lect/wals_code_may,144I,144,No SNegVO,"Dol-1999[ 127, 187]",
144I-heb,http://wals.info/languoid/lect/wals_code_heb,144I,144,Word&NoDoubleNeg,Glinert-1989[ 294-295],
144I-lan,http://wals.info/languoid/lect/wals_code_lan,144I,144,Word&NoDoubleNeg,Noonan-1992[ 122],
144I-tha,http://wals.info/languoid/lect/wals_code_tha,144I,144,Word&NoDoubleNeg,Anthony-et-al-1968[ 14],
144I-zul,http://wals.info/languoid/lect/wals_code_zul,144I,144,Prefix&OptDoubleNeg,"Ziervogel-et-al-1981[ 82-83, 88, 92];Poulos-and-Bosch-1997[ 21-23]",
144I-aeg,http://wals.info/languoid/lect/wals_code_aeg,144I,144,Type 1 / Type 2,Gary-and-Gamal-Eldin-1982[ 38],
144I-swa,http://wals.info/languoid/lect/wals_code_swa,144I,144,Prefix&NoDoubleNeg,Ashton-1947[ 70],
144I-vie,http://wals.info/languoid/lect/wals_code_vie,144I,144,Word&NoDoubleNeg,Vuong-Gia-Thuy-1975[ 110?],
144I-hau,http://wals.info/languoid/lect/wals_code_hau,144I,144,Word&OptDoubleNeg,"Migeod-1914[ 179];Newman-2000[ 357ff];Kraft-and-Kirk-Greene-1973[ 37];Kraft-1963[ Vol. 1:125, 132-134, 149]",
144I-mao,http://wals.info/languoid/lect/wals_code_mao,144I,144,No SNegVO,Bauer-1993[ 139],
144I-ger,http://wals.info/languoid/lect/wals_code_ger,144I,144,No SNegVO,Lederer-1969[ 583],
144I-grk,http://wals.info/languoid/lect/wals_code_grk,144I,144,Word&NoDoubleNeg,Mackridge-1985[ 243-244],
144I-mnd,http://wals.info/languoid/lect/wals_code_mnd,144I,144,Word&NoDoubleNeg,,
144I-hun,http://wals.info/languoid/lect/wals_code_hun,144I,144,Word&NoDoubleNeg,Kenesei-et-al-1998[ 112-113];Kiefer-1967[ 188],
144I-ind,http://wals.info/languoid/lect/wals_code_ind,144I,144,Word&NoDoubleNeg,Macdonald-1976[ 99],
144I-fin,http://wals.info/languoid/lect/wals_code_fin,144I,144,Word&NoDoubleNeg,Sulkala-and-Karjalainen-1992[ 115-116],
144I-rus,http://wals.info/languoid/lect/wals_code_rus,144I,144,Word&NoDoubleNeg,Launer-1974[ 36],
144I-spa,http://wals.info/languoid/lect/wals_code_spa,144I,144,Word&NoDoubleNeg,,
144I-fre,http://wals.info/languoid/lect/wals_code_fre,144I,144,Word&OnlyWithAnotherNeg,,
144I-eng,http://wals.info/languoid/lect/wals_code_eng,144I,144,Word&NoDoubleNeg,,
144I-ncm,http://wals.info/languoid/lect/wals_code_ncm,144I,144,Word&NoDoubleNeg,Cox-1998[ 109],
144I-myg,http://wals.info/languoid/lect/wals_code_myg,144I,144,No SNegVO,Sawka-2001[ 102],
144I-kwy,http://wals.info/languoid/lect/wals_code_kwy,144I,144,Prefix&OnlyWithAnotherNeg,"Mingas-1994[ 258, 260-261]",
144I-hna,http://wals.info/languoid/lect/wals_code_hna,144I,144,No SNegVO,Frajzyngier-and-Johnston-2005[ 261],
144I-arj,http://wals.info/languoid/lect/wals_code_arj,144I,144,Word&NoDoubleNeg,,
144I-ksn,http://wals.info/languoid/lect/wals_code_ksn,144I,144,Word&NoDoubleNeg,Sunee-2003[ 168],
144I-lic,http://wals.info/languoid/lect/wals_code_lic,144I,144,Word&NoDoubleNeg,Ostapirat-2008[ 647],
144I-lab,http://wals.info/languoid/lect/wals_code_lab,144I,144,No SNegVO,Siegel-1984[ 111],
144I-vnm,http://wals.info/languoid/lect/wals_code_vnm,144I,144,Prefix&OnlyWithAnotherNeg,Crowley-2002g[648],
144I-psw,http://wals.info/languoid/lect/wals_code_psw,144I,144,Prefix&NoDoubleNeg,Crowley-2002e[ 658],
144I-lmu,http://wals.info/languoid/lect/wals_code_lmu,144I,144,Word&OnlyWithAnotherNeg,Early-2002b[ 679],
144I-erk,http://wals.info/languoid/lect/wals_code_erk,144I,144,Word&OnlyWithAnotherNeg,,
144I-mxe,http://wals.info/languoid/lect/wals_code_mxe,144I,144,Prefix&OnlyWithAnotherNeg,,
144I-urt,http://wals.info/languoid/lect/wals_code_urt,144I,144,Word&OptDoubleNeg,Sposato-2008[18],
144I-xbi,http://wals.info/languoid/lect/wals_code_xbi,144I,144,Word&NoDoubleNeg,Yi-2008[ 23],
144I-tee,http://wals.info/languoid/lect/wals_code_tee,144I,144,Word&NoDoubleNeg,Kung-2007[ 578ff],
144I-huc,http://wals.info/languoid/lect/wals_code_huc,144I,144,Word&NoDoubleNeg,Anonymous-6[passim],
144I-mcv,http://wals.info/languoid/lect/wals_code_mcv,144I,144,Prefix&NoDoubleNeg,"Grondona-1998[ 93, 178]",
144I-ndy,http://wals.info/languoid/lect/wals_code_ndy,144I,144,Word&NoDoubleNeg,Huttar-and-Huttar-1994[ passim],
144I-nbm,http://wals.info/languoid/lect/wals_code_nbm,144I,144,No SNegVO,Thomas-1963[ 245],
