ID,Language_ID,Parameter_ID,Contribution_ID,Value,Source,Comment
11A-cve,http://wals.info/languoid/lect/wals_code_cve,11A,11,None,Thurman-1970,
11A-nbk,http://wals.info/languoid/lect/wals_code_nbk,11A,11,High and mid,Wurm-1972b,
11A-ach,http://wals.info/languoid/lect/wals_code_ach,11A,11,None,Susnik-1974,
11A-aiz,http://wals.info/languoid/lect/wals_code_aiz,11A,11,None,Herault-1971,
11A-brb,http://wals.info/languoid/lect/wals_code_brb,11A,11,None,Welmers-1952a,
11A-koh,http://wals.info/languoid/lect/wals_code_koh,11A,11,None,Cook-1969b,
11A-mrn,http://wals.info/languoid/lect/wals_code_mrn,11A,11,None,McKaughan-1958;McKaughan-and-Macaraya-1967,
11A-mxm,http://wals.info/languoid/lect/wals_code_mxm,11A,11,None,Hunter-and-Pike-1969,
11A-sab,http://wals.info/languoid/lect/wals_code_sab,11A,11,None,Clayre-1973,
11A-tks,http://wals.info/languoid/lect/wals_code_tks,11A,11,None,Paulian-1975,
11A-wdo,http://wals.info/languoid/lect/wals_code_wdo,11A,11,None,Douglas-1964;Douglas-1955,
11A-wuc,http://wals.info/languoid/lect/wals_code_wuc,11A,11,High only,Chao-1970,
11A-ald,http://wals.info/languoid/lect/wals_code_ald,11A,11,None,Dumestre-and-Duponchel-1971;Duponchel-1971,
11A-bki,http://wals.info/languoid/lect/wals_code_bki,11A,11,None,Wheatley-1969;Wheatley-1973,
11A-brd,http://wals.info/languoid/lect/wals_code_brd,11A,11,None,Metcalfe-1971,
11A-bee,http://wals.info/languoid/lect/wals_code_bee,11A,11,None,Jacquot-1962;Jacquot-1981,
11A-bbf,http://wals.info/languoid/lect/wals_code_bbf,11A,11,None,Morse-1976;Bris-and-Prost-1981,
11A-brw,http://wals.info/languoid/lect/wals_code_brw,11A,11,None,Thongkum-1979,
11A-cad,http://wals.info/languoid/lect/wals_code_cad,11A,11,None,Chafe-1979;Chafe-1976,
11A-dad,http://wals.info/languoid/lect/wals_code_dad,11A,11,None,MacDonald-1973,
11A-ddf,http://wals.info/languoid/lect/wals_code_ddf,11A,11,None,Thelwall-1981;Tucker-and-Bryan-1966,
11A-dnw,http://wals.info/languoid/lect/wals_code_dnw,11A,11,None,Fedry-1977,
11A-dar,http://wals.info/languoid/lect/wals_code_dar,11A,11,None,Kotapish-and-Kotapish-1973;Kotapish-and-Kotapish-1975,
11A-det,http://wals.info/languoid/lect/wals_code_det,11A,11,None,Vossen-1997,
11A-dts,http://wals.info/languoid/lect/wals_code_dts,11A,11,None,Bendor-Samuel-et-al-1989;Plungian-1995,
11A-fuz,http://wals.info/languoid/lect/wals_code_fuz,11A,11,High and mid,Chan-1985;Chen-and-Norman-1965;Hanyu-1960;Norman-1988,
11A-gla,http://wals.info/languoid/lect/wals_code_gla,11A,11,None,He-1981;He-1983,
11A-had,http://wals.info/languoid/lect/wals_code_had,11A,11,None,Sands-et-al-1996;Tucker-et-al-1977,
11A-hba,http://wals.info/languoid/lect/wals_code_hba,11A,11,None,Bolozky-1978;Bolozky-1997,
11A-ird,http://wals.info/languoid/lect/wals_code_ird,11A,11,None,Ni-Chasaide-1999;O-Dochartaigh-1992,
11A-iso,http://wals.info/languoid/lect/wals_code_iso,11A,11,None,Donwa-1982,
11A-ivs,http://wals.info/languoid/lect/wals_code_ivs,11A,11,None,Cottle-and-Cottle-1958;Heye-and-Hidalgo-1967;Hidalgo-and-Hidalgo-1971,
11A-jpr,http://wals.info/languoid/lect/wals_code_jpr,11A,11,None,Durbin-and-Seijas-1972,
11A-jom,http://wals.info/languoid/lect/wals_code_jom,11A,11,None,Schadeberg-1981a,
11A-kzh,http://wals.info/languoid/lect/wals_code_kzh,11A,11,None,Zheng-and-Quan-1988,
11A-ked,http://wals.info/languoid/lect/wals_code_ked,11A,11,None,Korner-1985;Samely-1991,
11A-kss,http://wals.info/languoid/lect/wals_code_kss,11A,11,None,Childs-1995,
11A-kpa,http://wals.info/languoid/lect/wals_code_kpa,11A,11,None,Shimizu-1971,
11A-lkk,http://wals.info/languoid/lect/wals_code_lkk,11A,11,None,Haudricourt-1967;Solnit-1988,
11A-lam,http://wals.info/languoid/lect/wals_code_lam,11A,11,None,Sachnine-1982,
11A-lua,http://wals.info/languoid/lect/wals_code_lua,11A,11,None,Boyeldieu-1985,
11A-mya,http://wals.info/languoid/lect/wals_code_mya,11A,11,None,van-der-Leeden-1993;Remijsen-2001,
11A-nkt,http://wals.info/languoid/lect/wals_code_nkt,11A,11,None,Diffloth-1984;Thongkum-1982;Thongkum-1984,
11A-nyg,http://wals.info/languoid/lect/wals_code_nyg,11A,11,None,Heine-1975a,
11A-ogb,http://wals.info/languoid/lect/wals_code_ogb,11A,11,None,Williamson-1970;Williamson-1972,
11A-puk,http://wals.info/languoid/lect/wals_code_puk,11A,11,None,Diffloth-1980;Qiu-et-al-1980;Maddieson-and-Ladefoged-1985,
11A-phl,http://wals.info/languoid/lect/wals_code_phl,11A,11,None,Cooke-et-al-1976,
11A-poa,http://wals.info/languoid/lect/wals_code_poa,11A,11,None,,
11A-rsc,http://wals.info/languoid/lect/wals_code_rsc,11A,11,None,Soler-and-Ebneter-1988,
11A-rtk,http://wals.info/languoid/lect/wals_code_rtk,11A,11,None,Firchow-and-Firchow-1969;Firchow-et-al-1973,
11A-scs,http://wals.info/languoid/lect/wals_code_scs,11A,11,None,Hasselbrink-1965;Kert-1971,
11A-svs,http://wals.info/languoid/lect/wals_code_svs,11A,11,None,Todd-1975,
11A-sui,http://wals.info/languoid/lect/wals_code_sui,11A,11,None,Li-1948,
11A-tmp,http://wals.info/languoid/lect/wals_code_tmp,11A,11,None,Bergman-et-al-1969,
11A-tok,http://wals.info/languoid/lect/wals_code_tok,11A,11,None,Robinson-1976,
11A-tza,http://wals.info/languoid/lect/wals_code_tza,11A,11,None,Kaufman-1971,
11A-umb,http://wals.info/languoid/lect/wals_code_umb,11A,11,None,Schadeberg-1990;Schadeberg-1982,
11A-wnt,http://wals.info/languoid/lect/wals_code_wnt,11A,11,None,Davis-1969,
11A-wps,http://wals.info/languoid/lect/wals_code_wps,11A,11,None,Tracy-1972,
11A-xia,http://wals.info/languoid/lect/wals_code_xia,11A,11,None,Hanyu-1960;Norman-1988;Ramsey-1987,
11A-aik,http://wals.info/languoid/lect/wals_code_aik,11A,11,High and mid,Hanke-1956;Aikhenvald-and-Dixon-1999[362-363],
11A-akw,http://wals.info/languoid/lect/wals_code_akw,11A,11,None,Edwards-1978,
11A-aea,http://wals.info/languoid/lect/wals_code_aea,11A,11,None,Cho-et-al-1997;Jacobson-1944;Menovshchikov-1968;Rozelle-1997;Bergsland-1994;Bergsland-1956;Bergsland-1959,
11A-chu,http://wals.info/languoid/lect/wals_code_chu,11A,11,None,Stell-1972,
11A-fef,http://wals.info/languoid/lect/wals_code_fef,11A,11,None,Hyman-1972,
11A-kef,http://wals.info/languoid/lect/wals_code_kef,11A,11,None,Fleming-1976,
11A-ktk,http://wals.info/languoid/lect/wals_code_ktk,11A,11,None,Bouny-1977,
11A-lu,http://wals.info/languoid/lect/wals_code_lu,11A,11,None,Li-1964;Morev-1978,
11A-nap,http://wals.info/languoid/lect/wals_code_nap,11A,11,None,Garbell-1965,
11A-orm,http://wals.info/languoid/lect/wals_code_orm,11A,11,None,Efimov-1986,
11A-snd,http://wals.info/languoid/lect/wals_code_snd,11A,11,None,Welmers-1950,
11A-wrs,http://wals.info/languoid/lect/wals_code_wrs,11A,11,None,Brown-1988b,
11A-byu,http://wals.info/languoid/lect/wals_code_byu,11A,11,None,Cunningham-1969,
11A-bno,http://wals.info/languoid/lect/wals_code_bno,11A,11,None,Stolte-and-Stolte-1971,
11A-bis,http://wals.info/languoid/lect/wals_code_bis,11A,11,None,Naden-1973,
11A-cac,http://wals.info/languoid/lect/wals_code_cac,11A,11,None,Cathcart-1979;Anderton-1989,
11A-iwm,http://wals.info/languoid/lect/wals_code_iwm,11A,11,None,Laycock-1965b,
11A-jeh,http://wals.info/languoid/lect/wals_code_jeh,11A,11,None,Gradin-1966;Gradin-and-Gradin-1979;Cohen-1966,
11A-kek,http://wals.info/languoid/lect/wals_code_kek,11A,11,None,Freeze-1975;Haeseriju-1966,
11A-kul,http://wals.info/languoid/lect/wals_code_kul,11A,11,None,Allan-1976a,
11A-max,http://wals.info/languoid/lect/wals_code_max,11A,11,None,Gudschinsky-et-al-1970,
11A-mtp,http://wals.info/languoid/lect/wals_code_mtp,11A,11,None,Crawford-1963;Schoenhals-and-Schoenhals-1965,
11A-toa,http://wals.info/languoid/lect/wals_code_toa,11A,11,None,Brown-1973,
11A-yey,http://wals.info/languoid/lect/wals_code_yey,11A,11,None,Gowlett-1997,
11A-agh,http://wals.info/languoid/lect/wals_code_agh,11A,11,None,Hyman-1979,
11A-aht,http://wals.info/languoid/lect/wals_code_aht,11A,11,None,Kari-1990,
11A-eya,http://wals.info/languoid/lect/wals_code_eya,11A,11,None,Krauss-1965,
11A-kly,http://wals.info/languoid/lect/wals_code_kly,11A,11,None,Kennedy-1981;Wurm-1972a,
11A-kot,http://wals.info/languoid/lect/wals_code_kot,11A,11,None,Emeneau-1944,
11A-lus,http://wals.info/languoid/lect/wals_code_lus,11A,11,None,Bates-et-al-1994,
11A-nob,http://wals.info/languoid/lect/wals_code_nob,11A,11,None,Werner-1987;Bell-1971;Bell-1968,
11A-pac,http://wals.info/languoid/lect/wals_code_pac,11A,11,None,Watson-1964,
11A-qco,http://wals.info/languoid/lect/wals_code_qco,11A,11,None,Lastra-1968,
11A-ror,http://wals.info/languoid/lect/wals_code_ror,11A,11,None,Davis-1974;Bluhme-1970,
11A-soq,http://wals.info/languoid/lect/wals_code_soq,11A,11,None,Leslau-1938;Johnstone-1975,
11A-ant,http://wals.info/languoid/lect/wals_code_ant,11A,11,None,Huisman-1973;Huisman-and-Lloyd-1981;Huisman-et-al-1981,
11A-bng,http://wals.info/languoid/lect/wals_code_bng,11A,11,None,Parker-and-Parker-1974,
11A-cck,http://wals.info/languoid/lect/wals_code_cck,11A,11,None,Gordon-et-al-2000;Munro-et-al-2002,
11A-cof,http://wals.info/languoid/lect/wals_code_cof,11A,11,None,Borman-1962,
11A-dah,http://wals.info/languoid/lect/wals_code_dah,11A,11,None,Maddieson-et-al-1993;Nurse-1986;Tucker-et-al-1977,
11A-eja,http://wals.info/languoid/lect/wals_code_eja,11A,11,High only,Watters-1981,
11A-ghb,http://wals.info/languoid/lect/wals_code_ghb,11A,11,None,Kondo-and-Kondo-1967,
11A-kal,http://wals.info/languoid/lect/wals_code_kal,11A,11,None,Baart-1997,
11A-kkn,http://wals.info/languoid/lect/wals_code_kkn,11A,11,None,Gajendragadkar-1970;Madtha-1984;Major-1979,
11A-kur,http://wals.info/languoid/lect/wals_code_kur,11A,11,None,Pfeiffer-1972;Pinnow-1964,
11A-sha,http://wals.info/languoid/lect/wals_code_sha,11A,11,None,Chao-1951;Cheng-1973b;Chan-1980,
11A-tsg,http://wals.info/languoid/lect/wals_code_tsg,11A,11,None,Ashley-1963,
11A-try,http://wals.info/languoid/lect/wals_code_try,11A,11,None,Schlegel-1971;Post-1966,
11A-uzn,http://wals.info/languoid/lect/wals_code_uzn,11A,11,None,Sjoberg-1963;Sjoberg-1962,
11A-adz,http://wals.info/languoid/lect/wals_code_adz,11A,11,None,Holzknecht-1973,
11A-amz,http://wals.info/languoid/lect/wals_code_amz,11A,11,None,Bauernschmidt-1965;Longacre-1966,
11A-cil,http://wals.info/languoid/lect/wals_code_cil,11A,11,None,de-Schryver-1999,
11A-gmb,http://wals.info/languoid/lect/wals_code_gmb,11A,11,None,Branks-and-Branks-1973;Caudmont-1954,
11A-maz,http://wals.info/languoid/lect/wals_code_maz,11A,11,None,Spotts-1953,
11A-nax,http://wals.info/languoid/lect/wals_code_nax,11A,11,High only,Jiang-1985;Jiang-1980;Bradley-1975,
11A-pnr,http://wals.info/languoid/lect/wals_code_pnr,11A,11,None,Cauty-1974a;Payne-1990b;Cauty-1978;Cauty-1974b,
11A-sdh,http://wals.info/languoid/lect/wals_code_sdh,11A,11,None,Nihalani-1999,
11A-bet,http://wals.info/languoid/lect/wals_code_bet,11A,11,None,Werle-and-Gbalehi-1976,
11A-mov,http://wals.info/languoid/lect/wals_code_mov,11A,11,None,Aikhenvald-and-Dixon-1999;Judy-and-Judy-1962b,
11A-nim,http://wals.info/languoid/lect/wals_code_nim,11A,11,None,Anceaux-1965,
11A-teh,http://wals.info/languoid/lect/wals_code_teh,11A,11,None,Fernandez-Garay-1998,
11A-yan,http://wals.info/languoid/lect/wals_code_yan,11A,11,None,Sapir-and-Swadesh-1960,
11A-yaw,http://wals.info/languoid/lect/wals_code_yaw,11A,11,None,Jones-1986b,
11A-khr,http://wals.info/languoid/lect/wals_code_khr,11A,11,None,Biligiri-1965;Pinnow-1959,
11A-mla,http://wals.info/languoid/lect/wals_code_mla,11A,11,None,Connell-2000;Perrin-and-Hill-1969,
11A-mbb,http://wals.info/languoid/lect/wals_code_mbb,11A,11,None,Dixon-1966a;Dixon-1966b,
11A-arb,http://wals.info/languoid/lect/wals_code_arb,11A,11,None,Rich-1963,
11A-awn,http://wals.info/languoid/lect/wals_code_awn,11A,11,None,Hetzron-1969;Hetzron-1976,
11A-chl,http://wals.info/languoid/lect/wals_code_chl,11A,11,None,Kinkade-1963,
11A-kla,http://wals.info/languoid/lect/wals_code_kla,11A,11,None,Singler-1979,
11A-kun,http://wals.info/languoid/lect/wals_code_kun,11A,11,None,Baptista-and-Wallin-1974;Sherzer-1983,
11A-oca,http://wals.info/languoid/lect/wals_code_oca,11A,11,None,Agnew-and-Pike-1957;Aschmann-1993,
11A-sba,http://wals.info/languoid/lect/wals_code_sba,11A,11,None,Benaissa-1979,
11A-irx,http://wals.info/languoid/lect/wals_code_irx,11A,11,None,Meader-1967,
11A-kad,http://wals.info/languoid/lect/wals_code_kad,11A,11,None,Abdalla-1973;Matsushita-1984,
11A-sor,http://wals.info/languoid/lect/wals_code_sor,11A,11,None,Ramamurti-1986,
11A-ycn,http://wals.info/languoid/lect/wals_code_ycn,11A,11,None,Schauer-and-Schauer-1967,
11A-shs,http://wals.info/languoid/lect/wals_code_shs,11A,11,None,Silver-1964;Silver-1966,
11A-tso,http://wals.info/languoid/lect/wals_code_tso,11A,11,None,Tung-1964;Wright-and-Ladefoged-1994,
11A-yct,http://wals.info/languoid/lect/wals_code_yct,11A,11,None,Straight-1976,
11A-der,http://wals.info/languoid/lect/wals_code_der,11A,11,None,Voorhoeve-1971,
11A-gan,http://wals.info/languoid/lect/wals_code_gan,11A,11,None,Yadav-nd,
11A-sdw,http://wals.info/languoid/lect/wals_code_sdw,11A,11,None,Kagaya-1993;Tucker-et-al-1977;Maddieson-et-al-1999;Dempwolff-1916;Elderkin-1982,
11A-tug,http://wals.info/languoid/lect/wals_code_tug,11A,11,None,Louali-Reynal-et-al-1997;Prasse-1972,
11A-abm,http://wals.info/languoid/lect/wals_code_abm,11A,11,None,Rand-1968,
11A-cam,http://wals.info/languoid/lect/wals_code_cam,11A,11,None,Howard-1967;Howard-1972;Mongui-Sanchez-1981,
11A-hmr,http://wals.info/languoid/lect/wals_code_hmr,11A,11,None,Lydall-1976,
11A-seb,http://wals.info/languoid/lect/wals_code_seb,11A,11,None,Montgomery-1970,
11A-yay,http://wals.info/languoid/lect/wals_code_yay,11A,11,None,Gedney-1965,
11A-bra,http://wals.info/languoid/lect/wals_code_bra,11A,11,None,Keller-1976,
11A-hak,http://wals.info/languoid/lect/wals_code_hak,11A,11,None,Hashimoto-1973,
11A-mui,http://wals.info/languoid/lect/wals_code_mui,11A,11,None,Aschmann-1993;Walton-and-Walton-1967,
11A-nai,http://wals.info/languoid/lect/wals_code_nai,11A,11,None,Avrorin-1968,
11A-tma,http://wals.info/languoid/lect/wals_code_tma,11A,11,None,Tucker-and-Bryan-1966,
11A-tmn,http://wals.info/languoid/lect/wals_code_tmn,11A,11,None,Tucker-and-Bryan-1966,
11A-yny,http://wals.info/languoid/lect/wals_code_yny,11A,11,None,Kirton-and-Charlie-1978;Huttar-and-Kirton-1981;Kirton-1967,
11A-efi,http://wals.info/languoid/lect/wals_code_efi,11A,11,None,Cook-1969a,
11A-ga,http://wals.info/languoid/lect/wals_code_ga,11A,11,None,Berry-nd;Kropp-1987,
11A-ign,http://wals.info/languoid/lect/wals_code_ign,11A,11,None,Ott-and-Ott-1967a,
11A-mog,http://wals.info/languoid/lect/wals_code_mog,11A,11,None,Weiers-1971,
11A-mor,http://wals.info/languoid/lect/wals_code_mor,11A,11,None,Laycock-1978,
11A-woi,http://wals.info/languoid/lect/wals_code_woi,11A,11,None,Stokhof-1979,
11A-adk,http://wals.info/languoid/lect/wals_code_adk,11A,11,None,Landaburu-1979,
11A-ful,http://wals.info/languoid/lect/wals_code_ful,11A,11,None,Lapenda-1968,
11A-ito,http://wals.info/languoid/lect/wals_code_ito,11A,11,None,Liccardi-and-Grimes-1968,
11A-jav,http://wals.info/languoid/lect/wals_code_jav,11A,11,None,Fagan-1988;Herrfurth-1964;Horne-1961;Uhlenbeck-1963,
11A-koi,http://wals.info/languoid/lect/wals_code_koi,11A,11,None,Dutton-1996;Dutton-1969,
11A-mzc,http://wals.info/languoid/lect/wals_code_mzc,11A,11,None,Jamieson-1976b;Jamieson-1976a,
11A-mba,http://wals.info/languoid/lect/wals_code_mba,11A,11,None,Pasch-1986,
11A-nnc,http://wals.info/languoid/lect/wals_code_nnc,11A,11,None,Das-1977;Radhakrishnan-1981,
11A-amo,http://wals.info/languoid/lect/wals_code_amo,11A,11,None,Di-Luzio-1972;Anderson-1980,
11A-amu,http://wals.info/languoid/lect/wals_code_amu,11A,11,None,Wise-1958;Fast-1953,
11A-bua,http://wals.info/languoid/lect/wals_code_bua,11A,11,None,Glasgow-and-Glasgow-1967,
11A-chw,http://wals.info/languoid/lect/wals_code_chw,11A,11,None,Blood-1967;Edmondson-and-Gregerson-1993,
11A-fas,http://wals.info/languoid/lect/wals_code_fas,11A,11,None,Loeweke-and-May-1964,
11A-nyi,http://wals.info/languoid/lect/wals_code_nyi,11A,11,None,Tucker-and-Bryan-1966;Stevenson-1957,
11A-sin,http://wals.info/languoid/lect/wals_code_sin,11A,11,None,Wheeler-and-Wheeler-1962,
11A-tul,http://wals.info/languoid/lect/wals_code_tul,11A,11,None,Bhat-1967,
11A-baj,http://wals.info/languoid/lect/wals_code_baj,11A,11,None,Verheijen-1986,
11A-gds,http://wals.info/languoid/lect/wals_code_gds,11A,11,None,Frantz-and-Frantz-1966,
11A-igs,http://wals.info/languoid/lect/wals_code_igs,11A,11,None,Crewe-1975;Tucker-and-Bryan-1966,
11A-kpe,http://wals.info/languoid/lect/wals_code_kpe,11A,11,None,Hyman-1973;Welmers-1962;Welmers-1973,
11A-tic,http://wals.info/languoid/lect/wals_code_tic,11A,11,None,Anderson-1959;Anderson-1962,
11A-wry,http://wals.info/languoid/lect/wals_code_wry,11A,11,None,Harvey-1986,
11A-wmu,http://wals.info/languoid/lect/wals_code_wmu,11A,11,None,McConnel-1945;Sayers-and-Godfrey-1964,
11A-paw,http://wals.info/languoid/lect/wals_code_paw,11A,11,None,MacDonald-1973;Trefry-1972,
11A-pec,http://wals.info/languoid/lect/wals_code_pec,11A,11,None,Holt-1999b;Holt-1986,
11A-twn,http://wals.info/languoid/lect/wals_code_twn,11A,11,None,Trager-1971;Hoijer-and-Dozier-1949,
11A-kom,http://wals.info/languoid/lect/wals_code_kom,11A,11,None,Tucker-and-Bryan-1966,
11A-kmp,http://wals.info/languoid/lect/wals_code_kmp,11A,11,None,Pence-1966,
11A-llm,http://wals.info/languoid/lect/wals_code_llm,11A,11,None,Hoftmann-1971,
11A-nis,http://wals.info/languoid/lect/wals_code_nis,11A,11,None,Namkung-1996;Ray-1967,
11A-rut,http://wals.info/languoid/lect/wals_code_rut,11A,11,None,Kodzasov-1990b;Ibragimov-1978;Dzhejranishvili-1967,
11A-yar,http://wals.info/languoid/lect/wals_code_yar,11A,11,None,Weimer-and-Weimer-1972,
11A-yes,http://wals.info/languoid/lect/wals_code_yes,11A,11,None,Foreman-and-Marten-1973,
11A-yus,http://wals.info/languoid/lect/wals_code_yus,11A,11,None,Krauss-1975,
11A-cti,http://wals.info/languoid/lect/wals_code_cti,11A,11,None,Henderson-1965,
11A-xoo,http://wals.info/languoid/lect/wals_code_xoo,11A,11,None,Traill-1985;Traill-1994,
11A-yul,http://wals.info/languoid/lect/wals_code_yul,11A,11,None,Boyeldieu-1987,
11A-kng,http://wals.info/languoid/lect/wals_code_kng,11A,11,None,Henry-1935;Wiesemann-1972;Kindell-1972,
11A-ndt,http://wals.info/languoid/lect/wals_code_ndt,11A,11,None,Gueye-1986,
11A-nga,http://wals.info/languoid/lect/wals_code_nga,11A,11,High only,Castren-1966;Tereshchenko-1979;Tereshchenko-1966c,
11A-ytu,http://wals.info/languoid/lect/wals_code_ytu,11A,11,Mid only,Krejnovich-1958;Krejnovich-1968c,
11A-amc,http://wals.info/languoid/lect/wals_code_amc,11A,11,None,Osborn-1948,
11A-bai,http://wals.info/languoid/lect/wals_code_bai,11A,11,None,Dell-1981,
11A-cay,http://wals.info/languoid/lect/wals_code_cay,11A,11,None,Lindskoog-and-Brend-1962,
11A-chp,http://wals.info/languoid/lect/wals_code_chp,11A,11,None,Li-1932;Li-1933;Li-1946,
11A-kry,http://wals.info/languoid/lect/wals_code_kry,11A,11,None,Zhukova-1980,
11A-acm,http://wals.info/languoid/lect/wals_code_acm,11A,11,None,Olmsted-1964;Olmsted-1966,
11A-anc,http://wals.info/languoid/lect/wals_code_anc,11A,11,None,Burquest-1971,
11A-api,http://wals.info/languoid/lect/wals_code_api,11A,11,None,Burgess-and-Ham-1968,
11A-bod,http://wals.info/languoid/lect/wals_code_bod,11A,11,None,Bhat-1968,
11A-chq,http://wals.info/languoid/lect/wals_code_chq,11A,11,High and mid,Robbins-1961;Robbins-1968,
11A-dan,http://wals.info/languoid/lect/wals_code_dan,11A,11,None,Bearth-and-Zemp-1967,
11A-diz,http://wals.info/languoid/lect/wals_code_diz,11A,11,None,Allan-1976b,
11A-irr,http://wals.info/languoid/lect/wals_code_irr,11A,11,None,Voorhoeve-1989,
11A-koy,http://wals.info/languoid/lect/wals_code_koy,11A,11,None,Tyler-1969,
11A-mie,http://wals.info/languoid/lect/wals_code_mie,11A,11,None,Purnell-1965;Mao-et-al-1982,
11A-slp,http://wals.info/languoid/lect/wals_code_slp,11A,11,None,McElhanon-1970b;McElhanon-1970c,
11A-shi,http://wals.info/languoid/lect/wals_code_shi,11A,11,None,Migliazza-and-Grimes-1961,
11A-tol,http://wals.info/languoid/lect/wals_code_tol,11A,11,None,Holt-1999a;Fleming-and-Dennis-1977,
11A-ani,http://wals.info/languoid/lect/wals_code_ani,11A,11,None,Vossen-1986;Vossen-1997,
11A-ccp,http://wals.info/languoid/lect/wals_code_ccp,11A,11,None,Crawford-1966[13],
11A-hum,http://wals.info/languoid/lect/wals_code_hum,11A,11,None,Petersen-de-Pineros-1994;Minor-et-al-1982;Aschmann-1993;Burtch-1983,
11A-jiv,http://wals.info/languoid/lect/wals_code_jiv,11A,11,None,Beasley-and-Pike-1957,
11A-kzy,http://wals.info/languoid/lect/wals_code_kzy,11A,11,None,Lytkin-1966b;Bubrix-1949,
11A-nhn,http://wals.info/languoid/lect/wals_code_nhn,11A,11,None,Brockway-1963,
11A-sre,http://wals.info/languoid/lect/wals_code_sre,11A,11,None,Manley-1972,
11A-gwa,http://wals.info/languoid/lect/wals_code_gwa,11A,11,None,Hyman-and-Magaji-1970,
11A-kws,http://wals.info/languoid/lect/wals_code_kws,11A,11,None,Zigmond-et-al-1990-1991,
11A-kgz,http://wals.info/languoid/lect/wals_code_kgz,11A,11,High and mid,Herbert-and-Poppe-1963;Junusaliev-1966,
11A-kiw,http://wals.info/languoid/lect/wals_code_kiw,11A,11,None,Wurm-1977,
11A-kwo,http://wals.info/languoid/lect/wals_code_kwo,11A,11,None,Kooyers-et-al-1971,
11A-mnc,http://wals.info/languoid/lect/wals_code_mnc,11A,11,Mid only,Austin-1962,
11A-non,http://wals.info/languoid/lect/wals_code_non,11A,11,None,Hyman-1981b,
11A-bco,http://wals.info/languoid/lect/wals_code_bco,11A,11,None,Nater-1984;Newman-1947,
11A-ber,http://wals.info/languoid/lect/wals_code_ber,11A,11,None,Triulzi-et-al-1976a,
11A-cso,http://wals.info/languoid/lect/wals_code_cso,11A,11,None,Pride-1965,
11A-ewo,http://wals.info/languoid/lect/wals_code_ewo,11A,11,None,Abega-1970;Nnomo-and-Mbezele-1982;Redden-1979,
11A-ksg,http://wals.info/languoid/lect/wals_code_ksg,11A,11,None,Jones-1961,
11A-kwk,http://wals.info/languoid/lect/wals_code_kwk,11A,11,None,Newman-1950;Boas-1911a;Boas-1947;Grubb-1977,
11A-ruk,http://wals.info/languoid/lect/wals_code_ruk,11A,11,None,Li-1977b;Li-1973,
11A-wah,http://wals.info/languoid/lect/wals_code_wah,11A,11,None,Phillips-1976;Ladefoged-et-al-1977,
11A-ata,http://wals.info/languoid/lect/wals_code_ata,11A,11,None,Egerod-1966b,
11A-aze,http://wals.info/languoid/lect/wals_code_aze,11A,11,High and mid,Householder-and-Lofti-1965,
11A-ben,http://wals.info/languoid/lect/wals_code_ben,11A,11,None,Ferguson-and-Chowdhury-1960;Klaiman-1990,
11A-iba,http://wals.info/languoid/lect/wals_code_iba,11A,11,None,Omar-1981;Scott-1957,
11A-jeb,http://wals.info/languoid/lect/wals_code_jeb,11A,11,None,Bendor-Samuel-1961b,
11A-jng,http://wals.info/languoid/lect/wals_code_jng,11A,11,None,Liu-1964,
11A-mme,http://wals.info/languoid/lect/wals_code_mme,11A,11,High and mid,Ristinen-1960;Kovedjaeva-1966,
11A-mpa,http://wals.info/languoid/lect/wals_code_mpa,11A,11,None,Street-and-Mollinjin-1981,
11A-new,http://wals.info/languoid/lect/wals_code_new,11A,11,None,Manandhar-1986;Hale-and-Hale-1969,
11A-kkv,http://wals.info/languoid/lect/wals_code_kkv,11A,11,None,Counts-1969,
11A-kya,http://wals.info/languoid/lect/wals_code_kya,11A,11,None,Oates-1964b;Oates-and-Oates-1964;Wurm-1972a,
11A-skp,http://wals.info/languoid/lect/wals_code_skp,11A,11,High and mid,Katz-1975b;Prokofjeva-1966,
11A-ttu,http://wals.info/languoid/lect/wals_code_ttu,11A,11,None,Desheriev-1953,
11A-alw,http://wals.info/languoid/lect/wals_code_alw,11A,11,None,Sharpe-1972,
11A-ao,http://wals.info/languoid/lect/wals_code_ao,11A,11,None,Gowda-1972;Gowda-1975,
11A-fye,http://wals.info/languoid/lect/wals_code_fye,11A,11,None,Nettle-1998,
11A-grr,http://wals.info/languoid/lect/wals_code_grr,11A,11,None,Furby-1974,
11A-kgu,http://wals.info/languoid/lect/wals_code_kgu,11A,11,None,Blake-1979b,
11A-mro,http://wals.info/languoid/lect/wals_code_mro,11A,11,None,Schadeberg-1981b;Black-and-Black-1971,
11A-nar,http://wals.info/languoid/lect/wals_code_nar,11A,11,None,Thompson-1976a;Bender-1968,
11A-tam,http://wals.info/languoid/lect/wals_code_tam,11A,11,None,Mazaudon-1973,
11A-tib,http://wals.info/languoid/lect/wals_code_tib,11A,11,High and mid,Denwood-1999,
11A-zan,http://wals.info/languoid/lect/wals_code_zan,11A,11,None,Tucker-and-Hackett-1959,
11A-dgb,http://wals.info/languoid/lect/wals_code_dgb,11A,11,None,Olawsky-1999;Wilson-and-Bendor-Samuel-1969,
11A-dum,http://wals.info/languoid/lect/wals_code_dum,11A,11,None,Ross-1980,
11A-nuu,http://wals.info/languoid/lect/wals_code_nuu,11A,11,None,Carlson-et-al-2001;Stonham-1999,
11A-snh,http://wals.info/languoid/lect/wals_code_snh,11A,11,None,Coates-and-da-Silva-1960,
11A-tas,http://wals.info/languoid/lect/wals_code_tas,11A,11,None,Applegate-1958,
11A-yel,http://wals.info/languoid/lect/wals_code_yel,11A,11,None,,
11A-bto,http://wals.info/languoid/lect/wals_code_bto,11A,11,None,van-der-Tuuk-1971,
11A-bir,http://wals.info/languoid/lect/wals_code_bir,11A,11,None,Bouquiaux-1970;Wolff-1959,
11A-din,http://wals.info/languoid/lect/wals_code_din,11A,11,None,Andersen-1987;Malou-1988,
11A-evn,http://wals.info/languoid/lect/wals_code_evn,11A,11,None,Novikova-1960;Novikova-1966,
11A-goa,http://wals.info/languoid/lect/wals_code_goa,11A,11,None,Holmer-1949d;Mansen-1967,
11A-mgg,http://wals.info/languoid/lect/wals_code_mgg,11A,11,None,Todaeva-1973,
11A-oji,http://wals.info/languoid/lect/wals_code_oji,11A,11,None,Bloomfield-1957,
11A-res,http://wals.info/languoid/lect/wals_code_res,11A,11,None,Allin-1976,
11A-snc,http://wals.info/languoid/lect/wals_code_snc,11A,11,None,Chafe-1967,
11A-srn,http://wals.info/languoid/lect/wals_code_srn,11A,11,None,Firestone-1965,
11A-che,http://wals.info/languoid/lect/wals_code_che,11A,11,None,Bender-and-Harris-1946;Cook-1979;Walker-1975b,
11A-hup,http://wals.info/languoid/lect/wals_code_hup,11A,11,None,Golla-1970;Gordon-1996;Woodward-1964,
11A-ite,http://wals.info/languoid/lect/wals_code_ite,11A,11,None,Volodin-1976,
11A-kab,http://wals.info/languoid/lect/wals_code_kab,11A,11,None,Kuipers-1960,
11A-knk,http://wals.info/languoid/lect/wals_code_knk,11A,11,None,Newman-1974,
11A-kwa,http://wals.info/languoid/lect/wals_code_kwa,11A,11,None,Keesing-1985,
11A-shu,http://wals.info/languoid/lect/wals_code_shu,11A,11,None,Kuipers-1974,
11A-tne,http://wals.info/languoid/lect/wals_code_tne,11A,11,None,Wilson-1961a;Dalby-1966,
11A-ctl,http://wals.info/languoid/lect/wals_code_ctl,11A,11,None,Carbonell-and-Llisteri-1999,
11A-lui,http://wals.info/languoid/lect/wals_code_lui,11A,11,None,Bright-1965a;Bright-1968;Hyde-1971;Kroeber-and-Grace-1960;Malecot-1963b,
11A-nmb,http://wals.info/languoid/lect/wals_code_nmb,11A,11,None,Kroeker-1972;Price-1976,
11A-nas,http://wals.info/languoid/lect/wals_code_nas,11A,11,None,Hurd-and-Hurd-1966,
11A-hop,http://wals.info/languoid/lect/wals_code_hop,11A,11,Mid only,Kluckhohn-and-MacLeish-1955;Voegelin-1956;Whorf-1946a,
11A-mum,http://wals.info/languoid/lect/wals_code_mum,11A,11,None,Shimizu-1983,
11A-tac,http://wals.info/languoid/lect/wals_code_tac,11A,11,None,Van-Wynen-and-Van-Wynen-1962;Key-1968,
11A-ter,http://wals.info/languoid/lect/wals_code_ter,11A,11,None,Newman-1970,
11A-wma,http://wals.info/languoid/lect/wals_code_wma,11A,11,None,Voorhoeve-1982;Watuseke-1976,
11A-wiy,http://wals.info/languoid/lect/wals_code_wiy,11A,11,None,Teeter-1964,
11A-brr,http://wals.info/languoid/lect/wals_code_brr,11A,11,None,Crowell-1979,
11A-djp,http://wals.info/languoid/lect/wals_code_djp,11A,11,None,Rose-et-al-1982;Morphy-1983,
11A-doy,http://wals.info/languoid/lect/wals_code_doy,11A,11,None,Wiering-1974,
11A-krd,http://wals.info/languoid/lect/wals_code_krd,11A,11,None,Abdulla-and-McCarus-1967;McCarus-1958,
11A-len,http://wals.info/languoid/lect/wals_code_len,11A,11,None,Lynch-1978,
11A-qaw,http://wals.info/languoid/lect/wals_code_qaw,11A,11,None,Clairis-1985;Clairis-1977,
11A-ttn,http://wals.info/languoid/lect/wals_code_ttn,11A,11,None,Morris-1984,
11A-ygr,http://wals.info/languoid/lect/wals_code_ygr,11A,11,None,Haiman-1980;Renck-1975;Renck-1967,
11A-cub,http://wals.info/languoid/lect/wals_code_cub,11A,11,None,Morse-and-Maxwell-1999b;Salser-1971,
11A-dgr,http://wals.info/languoid/lect/wals_code_dgr,11A,11,High only,Bao-1982,
11A-htc,http://wals.info/languoid/lect/wals_code_htc,11A,11,None,Larsen-and-Pike-1949;McQuown-1984;Peralta-1984,
11A-ik,http://wals.info/languoid/lect/wals_code_ik,11A,11,None,Heine-1975b;Tucker-1971,
11A-nun,http://wals.info/languoid/lect/wals_code_nun,11A,11,None,Li-1977a,
11A-pae,http://wals.info/languoid/lect/wals_code_pae,11A,11,None,Gerdel-1973;Jung-1989;Gerdel-1985,
11A-sed,http://wals.info/languoid/lect/wals_code_sed,11A,11,None,Smith-1979;Smith-1968,
11A-bsk,http://wals.info/languoid/lect/wals_code_bsk,11A,11,High and mid,Poppe-1964,
11A-mlk,http://wals.info/languoid/lect/wals_code_mlk,11A,11,Mid only,Tryon-1974;Birk-1975,
11A-arc,http://wals.info/languoid/lect/wals_code_arc,11A,11,None,Kodzasov-1977,
11A-ava,http://wals.info/languoid/lect/wals_code_ava,11A,11,None,Charachidze-1981;Zhirkov-1936,
11A-gbb,http://wals.info/languoid/lect/wals_code_gbb,11A,11,None,Monino-and-Roulon-1972;Samarin-1966,
11A-ngz,http://wals.info/languoid/lect/wals_code_ngz,11A,11,None,Schuh-1981,
11A-poh,http://wals.info/languoid/lect/wals_code_poh,11A,11,None,Rehg-1984a;Rehg-1984b;Rehg-1981,
11A-hve,http://wals.info/languoid/lect/wals_code_hve,11A,11,None,Stairs-Kreger-and-Scharfe-de-Stairs-1981;Suarez-1975,
11A-kty,http://wals.info/languoid/lect/wals_code_kty,11A,11,None,Gulya-1966;Nikolaeva-1999,
11A-tel,http://wals.info/languoid/lect/wals_code_tel,11A,11,None,Krishnamurti-1961;Lisker-1963;Sastry-1972;Kelley-1963;Kostic-et-al-1977,
11A-ykt,http://wals.info/languoid/lect/wals_code_ykt,11A,11,High and mid,Bohtlingk-1964;Ubrjatova-1966;Krueger-1962,
11A-klm,http://wals.info/languoid/lect/wals_code_klm,11A,11,None,Barker-1963a;Barker-1964,
11A-nep,http://wals.info/languoid/lect/wals_code_nep,11A,11,None,Bandhu-et-al-1971,
11A-tgr,http://wals.info/languoid/lect/wals_code_tgr,11A,11,None,Palmer-1962;Klingenheben-1966,
11A-tuv,http://wals.info/languoid/lect/wals_code_tuv,11A,11,High and mid,Sat-1966;Anderson-and-Harrison-1999;Song-1982;Seglenmej-1979,
11A-nor,http://wals.info/languoid/lect/wals_code_nor,11A,11,High and mid,Vanvik-1972,
11A-qui,http://wals.info/languoid/lect/wals_code_qui,11A,11,None,Powell-1975;Hoard-1993,
11A-bre,http://wals.info/languoid/lect/wals_code_bre,11A,11,High and mid,Bothorel-1982;Ternes-1970,
11A-ijo,http://wals.info/languoid/lect/wals_code_ijo,11A,11,None,Williamson-1965,
11A-luo,http://wals.info/languoid/lect/wals_code_luo,11A,11,None,Gregersen-1961,
11A-psh,http://wals.info/languoid/lect/wals_code_psh,11A,11,None,Penzl-1955;Shafeev-1964;Grjunberg-1987,
11A-wao,http://wals.info/languoid/lect/wals_code_wao,11A,11,None,Saint-and-Pike-1962,
11A-wap,http://wals.info/languoid/lect/wals_code_wap,11A,11,None,Sawyer-1965,
11A-win,http://wals.info/languoid/lect/wals_code_win,11A,11,None,Schlichter-1981;Pitkin-1984,
11A-akn,http://wals.info/languoid/lect/wals_code_akn,11A,11,None,Ladefoged-1964;Dolphyne-1988;Schachter-and-Fromkin-1968;Stewart-1967;Welmers-1946,
11A-bri,http://wals.info/languoid/lect/wals_code_bri,11A,11,None,Arroyo-1972,
11A-cax,http://wals.info/languoid/lect/wals_code_cax,11A,11,None,Dirks-1953;Payne-1981,
11A-lug,http://wals.info/languoid/lect/wals_code_lug,11A,11,None,Anderson-1986;Tucker-and-Bryan-1966;Crazzolara-1960,
11A-maa,http://wals.info/languoid/lect/wals_code_maa,11A,11,None,Tucker-and-Bryan-1966;Tucker-and-Mpaayei-1955,
11A-yap,http://wals.info/languoid/lect/wals_code_yap,11A,11,None,Jensen-et-al-1977a;Hsu-1969,
11A-iaa,http://wals.info/languoid/lect/wals_code_iaa,11A,11,High and mid,Haudricourt-1971;Maddieson-and-Anderson-1995;Ozanne-Rivierre-1976,
11A-jaq,http://wals.info/languoid/lect/wals_code_jaq,11A,11,None,Hardman-2000,
11A-tgk,http://wals.info/languoid/lect/wals_code_tgk,11A,11,None,Beaumont-1979,
11A-ton,http://wals.info/languoid/lect/wals_code_ton,11A,11,None,Hoijer-1972;Hoijer-1949;Hoijer-1946b,
11A-amp,http://wals.info/languoid/lect/wals_code_amp,11A,11,None,Henderson-1994,
11A-die,http://wals.info/languoid/lect/wals_code_die,11A,11,None,Langdon-1970,
11A-diy,http://wals.info/languoid/lect/wals_code_diy,11A,11,None,Austin-1981,
11A-lak,http://wals.info/languoid/lect/wals_code_lak,11A,11,None,Murkelinskij-1967;Khajdakov-1966b;Zhirkov-1955,
11A-mne,http://wals.info/languoid/lect/wals_code_mne,11A,11,None,Shipley-1956;Shipley-1964,
11A-eka,http://wals.info/languoid/lect/wals_code_eka,11A,11,None,Doble-1987;Steltenpool-1969,
11A-ham,http://wals.info/languoid/lect/wals_code_ham,11A,11,None,Healey-1981;Oates-and-Oates-1968,
11A-mrg,http://wals.info/languoid/lect/wals_code_mrg,11A,11,None,Hoffmann-1963;Maddieson-1987,
11A-nan,http://wals.info/languoid/lect/wals_code_nan,11A,11,None,Creider-and-Creider-1989,
11A-mrd,http://wals.info/languoid/lect/wals_code_mrd,11A,11,None,Drabbe-1955,
11A-abi,http://wals.info/languoid/lect/wals_code_abi,11A,11,None,Najlis-1966,
11A-mab,http://wals.info/languoid/lect/wals_code_mab,11A,11,None,Tucker-and-Bryan-1966,
11A-wlf,http://wals.info/languoid/lect/wals_code_wlf,11A,11,None,Sauvageot-1965;Manessy-and-Sauvageot-1963;Ka-1994;Ward-1963,
11A-chv,http://wals.info/languoid/lect/wals_code_chv,11A,11,High and mid,Andreev-1966;Krueger-1961,
11A-kas,http://wals.info/languoid/lect/wals_code_kas,11A,11,None,Bhat-1987;Kelkar-and-Trisal-1964;Zakharin-1974;Zakharin-and-Edelman-1971,
11A-pur,http://wals.info/languoid/lect/wals_code_pur,11A,11,None,Chamereau-2000;Foster-1969;de-Paul-1989,
11A-una,http://wals.info/languoid/lect/wals_code_una,11A,11,None,Louwerse-1988,
11A-dyi,http://wals.info/languoid/lect/wals_code_dyi,11A,11,None,Dixon-1972,
11A-haw,http://wals.info/languoid/lect/wals_code_haw,11A,11,None,Elbert-and-Pukui-1979;Pukui-and-Elbert-1965;Schutz-1981,
11A-kch,http://wals.info/languoid/lect/wals_code_kch,11A,11,None,Heath-1999b,
11A-lit,http://wals.info/languoid/lect/wals_code_lit,11A,11,None,Ambrazas-et-al-1966;Augustitis-1964;Senn-1966,
11A-ood,http://wals.info/languoid/lect/wals_code_ood,11A,11,None,Saxton-1963;Saxton-and-Saxton-1969;Hale-1959,
11A-rom,http://wals.info/languoid/lect/wals_code_rom,11A,11,None,Ruhlen-1973;Agard-1958;Tataru-1978,
11A-bul,http://wals.info/languoid/lect/wals_code_bul,11A,11,None,Klagstad-1958;Scatton-1984;Bidwell-1968;Aronson-1968;Ternes-and-Vladimirova-Buhtz-1999,
11A-lah,http://wals.info/languoid/lect/wals_code_lah,11A,11,None,Matisoff-1973;Matisoff-1988,
11A-yuc,http://wals.info/languoid/lect/wals_code_yuc,11A,11,None,Crawford-1973;Ballard-1975,
11A-pso,http://wals.info/languoid/lect/wals_code_pso,11A,11,None,Moshinsky-1974,
11A-zun,http://wals.info/languoid/lect/wals_code_zun,11A,11,None,Newman-1965;Walker-1972,
11A-snt,http://wals.info/languoid/lect/wals_code_snt,11A,11,None,Cowan-1965,
11A-krb,http://wals.info/languoid/lect/wals_code_krb,11A,11,None,Groves-et-al-1985,
11A-som,http://wals.info/languoid/lect/wals_code_som,11A,11,None,Farnetani-1981;Hyman-1981a;Armstrong-1964;Cardona-1981;Andrzejewsky-1956;Andrzejewsky-1955,
11A-cnt,http://wals.info/languoid/lect/wals_code_cnt,11A,11,High and mid,Zee-1999,
11A-fur,http://wals.info/languoid/lect/wals_code_fur,11A,11,None,Jakobi-1990;Tucker-and-Bryan-1966;Beaton-1968,
11A-pol,http://wals.info/languoid/lect/wals_code_pol,11A,11,None,,
11A-ker,http://wals.info/languoid/lect/wals_code_ker,11A,11,None,Ebert-1976;Ebert-1979,
11A-lad,http://wals.info/languoid/lect/wals_code_lad,11A,11,None,Koshal-1979,
11A-lep,http://wals.info/languoid/lect/wals_code_lep,11A,11,Mid only,Ju-1996;Mainwaring-1876;Mainwaring-1898,
11A-tli,http://wals.info/languoid/lect/wals_code_tli,11A,11,None,Maddieson-et-al-2001,
11A-wam,http://wals.info/languoid/lect/wals_code_wam,11A,11,None,Nordlinger-1998,
11A-alb,http://wals.info/languoid/lect/wals_code_alb,11A,11,High only,Newmark-1957,
11A-bam,http://wals.info/languoid/lect/wals_code_bam,11A,11,None,Bird-et-al-1977,
11A-kyl,http://wals.info/languoid/lect/wals_code_kyl,11A,11,None,Solnit-1997,
11A-nti,http://wals.info/languoid/lect/wals_code_nti,11A,11,None,Kutsch-Lojenga-1994,
11A-car,http://wals.info/languoid/lect/wals_code_car,11A,11,None,Peasgood-1972;Hoff-1968,
11A-mak,http://wals.info/languoid/lect/wals_code_mak,11A,11,None,Jacobsen-1999,
11A-tsi,http://wals.info/languoid/lect/wals_code_tsi,11A,11,None,Dunn-1995;Hoard-1978;Mulder-1988;Dunn-1979;Dunn-1970,
11A-tun,http://wals.info/languoid/lect/wals_code_tun,11A,11,None,Haas-1940,
11A-sue,http://wals.info/languoid/lect/wals_code_sue,11A,11,None,Wilson-1974;Wilson-1969,
11A-mku,http://wals.info/languoid/lect/wals_code_mku,11A,11,None,Tryon-1970b,
11A-mrl,http://wals.info/languoid/lect/wals_code_mrl,11A,11,None,Arensen-1982;Yigezu-2001,
11A-psm,http://wals.info/languoid/lect/wals_code_psm,11A,11,None,Leavitt-1996;LeSourd-1993;Sherwood-1986,
11A-pit,http://wals.info/languoid/lect/wals_code_pit,11A,11,None,Eckert-and-Hudson-1988;Glass-and-Hackett-1970,
11A-amh,http://wals.info/languoid/lect/wals_code_amh,11A,11,None,Hayward-and-Hayward-1999,
11A-ana,http://wals.info/languoid/lect/wals_code_ana,11A,11,None,de-Pitman-1981,
11A-cyv,http://wals.info/languoid/lect/wals_code_cyv,11A,11,None,Key-1967;Key-1961,
11A-dio,http://wals.info/languoid/lect/wals_code_dio,11A,11,None,Sapir-1965,
11A-arm,http://wals.info/languoid/lect/wals_code_arm,11A,11,None,Allen-1950,
11A-aym,http://wals.info/languoid/lect/wals_code_aym,11A,11,None,Martin-1969,
11A-baw,http://wals.info/languoid/lect/wals_code_baw,11A,11,None,Reichle-1981,
11A-wrd,http://wals.info/languoid/lect/wals_code_wrd,11A,11,None,Merlan-1994,
11A-hai,http://wals.info/languoid/lect/wals_code_hai,11A,11,None,Sapir-1923,
11A-kmu,http://wals.info/languoid/lect/wals_code_kmu,11A,11,None,Svantesson-1983,
11A-usa,http://wals.info/languoid/lect/wals_code_usa,11A,11,None,Reesink-1987,
11A-pai,http://wals.info/languoid/lect/wals_code_pai,11A,11,None,Ho-1977;Ferrel-1982,
11A-ung,http://wals.info/languoid/lect/wals_code_ung,11A,11,None,Coate-and-Elkin-1974;Rumsey-1982;Coate-and-Oates-1970,
11A-bej,http://wals.info/languoid/lect/wals_code_bej,11A,11,None,Hudson-1974;Hudson-1976b,
11A-dre,http://wals.info/languoid/lect/wals_code_dre,11A,11,None,Moyse-Faurie-1983,
11A-gar,http://wals.info/languoid/lect/wals_code_gar,11A,11,None,Burling-1961,
11A-pms,http://wals.info/languoid/lect/wals_code_pms,11A,11,None,Crowley-1982,
11A-mss,http://wals.info/languoid/lect/wals_code_mss,11A,11,None,Broadbent-1964;Freeland-1951,
11A-sml,http://wals.info/languoid/lect/wals_code_sml,11A,11,None,Kruspe-1999,
11A-yur,http://wals.info/languoid/lect/wals_code_yur,11A,11,None,Robins-1958,
11A-dag,http://wals.info/languoid/lect/wals_code_dag,11A,11,None,Murane-1974,
11A-otm,http://wals.info/languoid/lect/wals_code_otm,11A,11,None,Wallis-1968;Sinclair-and-Pike-1948;Hess-1968,
11A-igb,http://wals.info/languoid/lect/wals_code_igb,11A,11,None,Ikekeonwu-1999,
11A-nez,http://wals.info/languoid/lect/wals_code_nez,11A,11,None,Aoki-1994,
11A-brh,http://wals.info/languoid/lect/wals_code_brh,11A,11,None,De-Armond-1975;Emeneau-1937;Emeneau-1962,
11A-cah,http://wals.info/languoid/lect/wals_code_cah,11A,11,None,Seiler-1977;Sauvel-and-Munro-1981;Bright-1965b,
11A-cle,http://wals.info/languoid/lect/wals_code_cle,11A,11,None,Rupp-1989;Rupp-1990,
11A-knm,http://wals.info/languoid/lect/wals_code_knm,11A,11,None,Bender-1996,
11A-nav,http://wals.info/languoid/lect/wals_code_nav,11A,11,None,Young-and-Morgan-1972;Sapir-and-Hoijer-1967,
11A-zqc,http://wals.info/languoid/lect/wals_code_zqc,11A,11,None,Wonderly-1951a,
11A-bkr,http://wals.info/languoid/lect/wals_code_bkr,11A,11,None,Woollams-1996,
11A-cmn,http://wals.info/languoid/lect/wals_code_cmn,11A,11,None,Charney-1993;Wistrand-Robinson-and-Armagost-1990,
11A-nko,http://wals.info/languoid/lect/wals_code_nko,11A,11,None,Taylor-1985,
11A-squ,http://wals.info/languoid/lect/wals_code_squ,11A,11,None,Kuipers-1967,
11A-tru,http://wals.info/languoid/lect/wals_code_tru,11A,11,None,Guirardello-1992;Monod-Becquelin-1975;Guirardello-1999b,
11A-dni,http://wals.info/languoid/lect/wals_code_dni,11A,11,None,Bromley-1961;van-der-Stap-1966,
11A-nen,http://wals.info/languoid/lect/wals_code_nen,11A,11,None,Ristinen-1965;Hajdu-1963;Decsy-1966;Katz-1975a;Ristinen-1968;Tereshchenko-1966a,
11A-urk,http://wals.info/languoid/lect/wals_code_urk,11A,11,None,Kakumasu-1986,
11A-coo,http://wals.info/languoid/lect/wals_code_coo,11A,11,None,Zenk-1990,
11A-cre,http://wals.info/languoid/lect/wals_code_cre,11A,11,None,Dahlstrom-1991;Vinay-1992,
11A-nht,http://wals.info/languoid/lect/wals_code_nht,11A,11,None,Tuggy-1979,
11A-yim,http://wals.info/languoid/lect/wals_code_yim,11A,11,None,Foley-1991,
11A-ika,http://wals.info/languoid/lect/wals_code_ika,11A,11,None,Frank-1990;Tracy-and-Tracy-1973,
11A-kse,http://wals.info/languoid/lect/wals_code_kse,11A,11,None,Prost-1956;Williamson-1967,
11A-mun,http://wals.info/languoid/lect/wals_code_mun,11A,11,None,Gumperz-and-Bilibiri-1957;Sinha-1975;Pinnow-1959,
11A-yid,http://wals.info/languoid/lect/wals_code_yid,11A,11,None,Dixon-1977a,
11A-krk,http://wals.info/languoid/lect/wals_code_krk,11A,11,None,Bright-1957,
11A-tab,http://wals.info/languoid/lect/wals_code_tab,11A,11,None,Bowden-and-Hajek-1999;Bowden-1997a,
11A-aco,http://wals.info/languoid/lect/wals_code_aco,11A,11,None,Miller-1966,
11A-pau,http://wals.info/languoid/lect/wals_code_pau,11A,11,None,Chapman-and-Derbyshire-1991;Chapman-1981,
11A-arp,http://wals.info/languoid/lect/wals_code_arp,11A,11,None,Conrad-and-Wogiga-1991,
11A-ond,http://wals.info/languoid/lect/wals_code_ond,11A,11,None,Michelson-1988;Abbott-2000,
11A-asm,http://wals.info/languoid/lect/wals_code_asm,11A,11,None,Voorhoeve-1965,
11A-ewe,http://wals.info/languoid/lect/wals_code_ewe,11A,11,None,Pasch-1995,
11A-grb,http://wals.info/languoid/lect/wals_code_grb,11A,11,None,Innes-1966,
11A-hmo,http://wals.info/languoid/lect/wals_code_hmo,11A,11,None,Harriehausen-1990;Lyman-1974;Purnell-1972;Smalley-1976;Wang-1983;Wang-1985,
11A-khs,http://wals.info/languoid/lect/wals_code_khs,11A,11,None,Rabel-1961,
11A-khm,http://wals.info/languoid/lect/wals_code_khm,11A,11,None,Ehrman-1972b;Huffman-1970a;Huffman-1970b;Jacob-1968,
11A-kio,http://wals.info/languoid/lect/wals_code_kio,11A,11,None,Sivertsen-1956;Watkins-1984,
11A-wic,http://wals.info/languoid/lect/wals_code_wic,11A,11,None,Rood-1976,
11A-juh,http://wals.info/languoid/lect/wals_code_juh,11A,11,None,Dickens-1994;Snyman-1970;Snyman-1975,
11A-klv,http://wals.info/languoid/lect/wals_code_klv,11A,11,None,Senft-1986,
11A-nug,http://wals.info/languoid/lect/wals_code_nug,11A,11,None,Heath-1984;Hughes-and-Leeding-1971,
11A-irq,http://wals.info/languoid/lect/wals_code_irq,11A,11,None,Maghway-1995;Mous-1993;Nordbustad-1988;Whiteley-1958,
11A-kew,http://wals.info/languoid/lect/wals_code_kew,11A,11,None,Franklin-and-Franklin-1962,
11A-snm,http://wals.info/languoid/lect/wals_code_snm,11A,11,None,Borgman-1990;Aikhenvald-and-Dixon-1999,
11A-shk,http://wals.info/languoid/lect/wals_code_shk,11A,11,None,Loriot-et-al-1993;Valenzuela-et-al-2001,
11A-epe,http://wals.info/languoid/lect/wals_code_epe,11A,11,None,Harms-1984;Harms-1985;Harms-1994,
11A-ket,http://wals.info/languoid/lect/wals_code_ket,11A,11,None,Dulzon-1968;Feev-1998;Krejnovich-1968a;Vajda-2000,
11A-koa,http://wals.info/languoid/lect/wals_code_koa,11A,11,None,Haas-1944;Rising-1992,
11A-luv,http://wals.info/languoid/lect/wals_code_luv,11A,11,None,Horton-1949,
11A-san,http://wals.info/languoid/lect/wals_code_san,11A,11,None,Samarin-1967b;Samarin-1967a,
11A-bag,http://wals.info/languoid/lect/wals_code_bag,11A,11,None,Stevenson-1969,
11A-hzb,http://wals.info/languoid/lect/wals_code_hzb,11A,11,None,van-den-Berg-1995,
11A-ing,http://wals.info/languoid/lect/wals_code_ing,11A,11,None,Nichols-1994b,
11A-mau,http://wals.info/languoid/lect/wals_code_mau,11A,11,None,Capell-and-Hinch-1970,
11A-kfe,http://wals.info/languoid/lect/wals_code_kfe,11A,11,None,Rennison-1997,
11A-ram,http://wals.info/languoid/lect/wals_code_ram,11A,11,None,Grinevald-1988,
11A-wch,http://wals.info/languoid/lect/wals_code_wch,11A,11,None,Hunt-1940;Tovar-1981;Vinas-Urquiza-1974,
11A-yag,http://wals.info/languoid/lect/wals_code_yag,11A,11,None,Payne-1985,
11A-niv,http://wals.info/languoid/lect/wals_code_niv,11A,11,None,Gruzdeva-1998;Krejnovich-1937,
11A-apu,http://wals.info/languoid/lect/wals_code_apu,11A,11,None,Facundes-2000,
11A-bma,http://wals.info/languoid/lect/wals_code_bma,11A,11,None,Abdel-Massih-1971;Penchoen-1973b,
11A-wra,http://wals.info/languoid/lect/wals_code_wra,11A,11,None,Osborn-1966;de-Goeje-1930;Romero-Figueroa-1997;Vaquero-1965,
11A-imo,http://wals.info/languoid/lect/wals_code_imo,11A,11,None,Seiler-1985,
11A-awp,http://wals.info/languoid/lect/wals_code_awp,11A,11,None,Curnow-1997,
11A-kob,http://wals.info/languoid/lect/wals_code_kob,11A,11,None,Davies-1981b;Davies-1980,
11A-lat,http://wals.info/languoid/lect/wals_code_lat,11A,11,None,Mathiassen-1997,
11A-mar,http://wals.info/languoid/lect/wals_code_mar,11A,11,None,Gordon-1986,
11A-ala,http://wals.info/languoid/lect/wals_code_ala,11A,11,None,Bruce-1984,
11A-goo,http://wals.info/languoid/lect/wals_code_goo,11A,11,None,McGregor-1990,
11A-kut,http://wals.info/languoid/lect/wals_code_kut,11A,11,None,Garvin-1948a;Morgan-1991,
11A-mxc,http://wals.info/languoid/lect/wals_code_mxc,11A,11,None,Macaulay-1996,
11A-lav,http://wals.info/languoid/lect/wals_code_lav,11A,11,None,Terrill-1999,
11A-rap,http://wals.info/languoid/lect/wals_code_rap,11A,11,None,Du-Feu-1996,
11A-ain,http://wals.info/languoid/lect/wals_code_ain,11A,11,None,Patrie-1982;Simeon-1969,
11A-jak,http://wals.info/languoid/lect/wals_code_jak,11A,11,None,Craig-1977;Day-1973,
11A-lkt,http://wals.info/languoid/lect/wals_code_lkt,11A,11,None,Carter-1974,
11A-mrt,http://wals.info/languoid/lect/wals_code_mrt,11A,11,None,Dench-1995,
11A-prh,http://wals.info/languoid/lect/wals_code_prh,11A,11,None,Everett-1986,
11A-war,http://wals.info/languoid/lect/wals_code_war,11A,11,High and mid,Everett-and-Kern-1997;MacEachern-et-al-1997,
11A-gua,http://wals.info/languoid/lect/wals_code_gua,11A,11,None,Gregores-and-Suarez-1967;Lunt-1973;Uldall-1956,
11A-kho,http://wals.info/languoid/lect/wals_code_kho,11A,11,None,Vossen-1997;Hagman-1977;Ladefoged-and-Traill-1984,
11A-mei,http://wals.info/languoid/lect/wals_code_mei,11A,11,None,Chelliah-1997;Bhat-and-Ningomba-1997,
11A-ngi,http://wals.info/languoid/lect/wals_code_ngi,11A,11,None,Donaldson-1980,
11A-brm,http://wals.info/languoid/lect/wals_code_brm,11A,11,None,Okell-1969;Watkins-2001,
11A-kro,http://wals.info/languoid/lect/wals_code_kro,11A,11,None,Reh-1985,
11A-myi,http://wals.info/languoid/lect/wals_code_myi,11A,11,None,Merlan-1982,
11A-tiw,http://wals.info/languoid/lect/wals_code_tiw,11A,11,None,Anderson-and-Maddieson-1994;Lee-1984;Osborne-1974;Lee-1983,
11A-knr,http://wals.info/languoid/lect/wals_code_knr,11A,11,None,Awobuluyi-1971;Hutchison-1981;Lukas-1937,
11A-kay,http://wals.info/languoid/lect/wals_code_kay,11A,11,None,Evans-1995,
11A-map,http://wals.info/languoid/lect/wals_code_map,11A,11,None,Smeets-1989,
11A-yor,http://wals.info/languoid/lect/wals_code_yor,11A,11,None,Bamgbose-1966,
11A-yko,http://wals.info/languoid/lect/wals_code_yko,11A,11,Mid only,Maslova-1999,
11A-may,http://wals.info/languoid/lect/wals_code_may,11A,11,None,Dol-1999,
11A-tuk,http://wals.info/languoid/lect/wals_code_tuk,11A,11,None,Donohue-1999a;Donohue-1999c,
11A-bur,http://wals.info/languoid/lect/wals_code_bur,11A,11,None,Morgenstierne-1945;Anderson-1997b,
11A-cha,http://wals.info/languoid/lect/wals_code_cha,11A,11,None,Seiden-1960;Topping-1973,
11A-chk,http://wals.info/languoid/lect/wals_code_chk,11A,11,None,Krause-1980;Skorik-1961;Skorik-1968,
11A-fij,http://wals.info/languoid/lect/wals_code_fij,11A,11,None,Dixon-1988,
11A-lan,http://wals.info/languoid/lect/wals_code_lan,11A,11,None,Okello-1975,
11A-orh,http://wals.info/languoid/lect/wals_code_orh,11A,11,None,Owens-1985,
11A-tha,http://wals.info/languoid/lect/wals_code_tha,11A,11,None,Kalaya-and-Abramson-1999;Haas-1964;Noss-1964;Abramson-1962;Kruatrachue-1960;Noss-1954,
11A-yaq,http://wals.info/languoid/lect/wals_code_yaq,11A,11,None,Kurath-and-Spicer-1947;Dedrick-and-Casad-1999,
11A-zul,http://wals.info/languoid/lect/wals_code_zul,11A,11,None,Canonici-1989;Doke-1926;Doke-1961;Poulos-and-Bosch-1997;Ziervogel-et-al-1981;Poulos-and-Msimang-1998,
11A-sla,http://wals.info/languoid/lect/wals_code_sla,11A,11,None,Rice-1978;Rice-1989;Rice-1976,
11A-aeg,http://wals.info/languoid/lect/wals_code_aeg,11A,11,None,Kennedy-1960;Tomiche-1964;Mitchell-1962,
11A-grw,http://wals.info/languoid/lect/wals_code_grw,11A,11,None,Rischel-1974,
11A-hix,http://wals.info/languoid/lect/wals_code_hix,11A,11,None,Derbyshire-1985,
11A-swa,http://wals.info/languoid/lect/wals_code_swa,11A,11,None,Polome-nd,
11A-vie,http://wals.info/languoid/lect/wals_code_vie,11A,11,None,Nguyen-1974a;Emeneau-1951;Thompson-1965;Nguyen-1990,
11A-hin,http://wals.info/languoid/lect/wals_code_hin,11A,11,None,Kelkar-1968;Ohala-1983;Ohala-1999,
11A-ckr,http://wals.info/languoid/lect/wals_code_ckr,11A,11,None,Popjes-and-Popjes-1986,
11A-tag,http://wals.info/languoid/lect/wals_code_tag,11A,11,None,Schachter-and-Otanes-1972;Bloomfield-1917,
11A-geo,http://wals.info/languoid/lect/wals_code_geo,11A,11,None,Tschenkeli-1958;Neisser-1953;Vogt-1971;Selmer-1935;Vogt-1938;Hewitt-1995;Vogt-1958;Robins-and-Waterson-1952,
11A-knd,http://wals.info/languoid/lect/wals_code_knd,11A,11,None,Sridhar-1990;Steever-1998b;Upadhyaya-1972,
11A-kha,http://wals.info/languoid/lect/wals_code_kha,11A,11,None,Hangin-1968;Svantesson-1985;Luvsanvandan-1964;Street-1963,
11A-mal,http://wals.info/languoid/lect/wals_code_mal,11A,11,None,Dyen-1971b;Dahl-1952,
11A-sup,http://wals.info/languoid/lect/wals_code_sup,11A,11,None,Carlson-1994,
11A-hau,http://wals.info/languoid/lect/wals_code_hau,11A,11,None,Newman-2000;Schuh-and-Bagari-1999,
11A-mao,http://wals.info/languoid/lect/wals_code_mao,11A,11,None,Bauer-1993,
11A-bsq,http://wals.info/languoid/lect/wals_code_bsq,11A,11,None,Saltarelli-et-al-1988,
11A-abk,http://wals.info/languoid/lect/wals_code_abk,11A,11,None,Hewitt-1979,
11A-eve,http://wals.info/languoid/lect/wals_code_eve,11A,11,None,Bulatova-and-Grenoble-1999;Nedjalkov-1997,
11A-kor,http://wals.info/languoid/lect/wals_code_kor,11A,11,None,Martin-and-Lee-1969;Kim-1986;Cho-1967;Kim-1972;Lee-1999;Martin-1951;Martin-1954,
11A-prs,http://wals.info/languoid/lect/wals_code_prs,11A,11,None,Majidi-and-Ternes-1999;Obolensky-et-al-1963,
11A-ame,http://wals.info/languoid/lect/wals_code_ame,11A,11,None,Roberts-1987,
11A-ger,http://wals.info/languoid/lect/wals_code_ger,11A,11,High and mid,Moulton-1962;Kohler-1999;Wangler-1972,
11A-grk,http://wals.info/languoid/lect/wals_code_grk,11A,11,None,Householder-et-al-1964,
11A-lez,http://wals.info/languoid/lect/wals_code_lez,11A,11,High only,Kodzasov-1990a;Haspelmath-1993,
11A-jpn,http://wals.info/languoid/lect/wals_code_jpn,11A,11,None,Jorden-1963;Shibatani-1990;Bloch-1950;Martin-1952,
11A-mnd,http://wals.info/languoid/lect/wals_code_mnd,11A,11,High only,Cheng-1973a;Dow-1972;Hanyu-1960;Chao-1968,
11A-hun,http://wals.info/languoid/lect/wals_code_hun,11A,11,High and mid,Banhidi-et-al-1965;Hall-1944;Szende-1999,
11A-ind,http://wals.info/languoid/lect/wals_code_ind,11A,11,None,Alwi-et-al-1998,
11A-fin,http://wals.info/languoid/lect/wals_code_fin,11A,11,High and mid,Harms-1964;Lehtinen-1970;Wiik-1965,
11A-rus,http://wals.info/languoid/lect/wals_code_rus,11A,11,None,Jones-and-Ward-1969;Halle-1959,
11A-spa,http://wals.info/languoid/lect/wals_code_spa,11A,11,None,Navarro-1961;Harris-1969a;Saporta-and-Contreras-1962,
11A-tur,http://wals.info/languoid/lect/wals_code_tur,11A,11,High and mid,Zimmer-and-Orgun-1999,
11A-fre,http://wals.info/languoid/lect/wals_code_fre,11A,11,High and mid,Sten-1963;Fougeron-and-Smith-1999,
11A-eng,http://wals.info/languoid/lect/wals_code_eng,11A,11,None,Gimson-1970,
11A-ndy,http://wals.info/languoid/lect/wals_code_ndy,11A,11,None,Huttar-and-Huttar-1994;Huttar-and-Huttar-1972,
