ID,Language_ID,Parameter_ID,Contribution_ID,Value,Source,Comment
5A-kgi,http://wals.info/languoid/lect/wals_code_kgi,5A,5,None missing in /p t k b d g/,Santos-1977,
5A-cve,http://wals.info/languoid/lect/wals_code_cve,5A,5,Missing /p/,Thurman-1970,
5A-nbk,http://wals.info/languoid/lect/wals_code_nbk,5A,5,Other,Wurm-1972b,
5A-ach,http://wals.info/languoid/lect/wals_code_ach,5A,5,Other,Susnik-1974,
5A-aiz,http://wals.info/languoid/lect/wals_code_aiz,5A,5,None missing in /p t k b d g/,Herault-1971,
5A-brb,http://wals.info/languoid/lect/wals_code_brb,5A,5,None missing in /p t k b d g/,Welmers-1952a,
5A-koh,http://wals.info/languoid/lect/wals_code_koh,5A,5,None missing in /p t k b d g/,Cook-1969b,
5A-mrn,http://wals.info/languoid/lect/wals_code_mrn,5A,5,None missing in /p t k b d g/,McKaughan-1958;McKaughan-and-Macaraya-1967,
5A-mxm,http://wals.info/languoid/lect/wals_code_mxm,5A,5,Other,Hunter-and-Pike-1969,
5A-sab,http://wals.info/languoid/lect/wals_code_sab,5A,5,None missing in /p t k b d g/,Clayre-1973,
5A-tks,http://wals.info/languoid/lect/wals_code_tks,5A,5,None missing in /p t k b d g/,Paulian-1975,
5A-wdo,http://wals.info/languoid/lect/wals_code_wdo,5A,5,Other,Douglas-1955;Douglas-1964,
5A-wuc,http://wals.info/languoid/lect/wals_code_wuc,5A,5,Other,Chao-1970,
5A-ald,http://wals.info/languoid/lect/wals_code_ald,5A,5,None missing in /p t k b d g/,Dumestre-and-Duponchel-1971;Duponchel-1971,
5A-bki,http://wals.info/languoid/lect/wals_code_bki,5A,5,None missing in /p t k b d g/,Wheatley-1969;Wheatley-1973,
5A-brd,http://wals.info/languoid/lect/wals_code_brd,5A,5,Other,Metcalfe-1971,
5A-bee,http://wals.info/languoid/lect/wals_code_bee,5A,5,Other,Jacquot-1962;Jacquot-1981,
5A-bbf,http://wals.info/languoid/lect/wals_code_bbf,5A,5,None missing in /p t k b d g/,Morse-1976;Bris-and-Prost-1981,
5A-brw,http://wals.info/languoid/lect/wals_code_brw,5A,5,Missing /g/,Thongkum-1979,
5A-cad,http://wals.info/languoid/lect/wals_code_cad,5A,5,Missing /g/,Chafe-1979;Chafe-1976,
5A-dad,http://wals.info/languoid/lect/wals_code_dad,5A,5,Other,MacDonald-1973,
5A-ddf,http://wals.info/languoid/lect/wals_code_ddf,5A,5,None missing in /p t k b d g/,Thelwall-1981;Tucker-and-Bryan-1966,
5A-dnw,http://wals.info/languoid/lect/wals_code_dnw,5A,5,None missing in /p t k b d g/,Fedry-1977,
5A-dar,http://wals.info/languoid/lect/wals_code_dar,5A,5,None missing in /p t k b d g/,Kotapish-and-Kotapish-1973;Kotapish-and-Kotapish-1975,
5A-det,http://wals.info/languoid/lect/wals_code_det,5A,5,None missing in /p t k b d g/,Vossen-1997,
5A-dts,http://wals.info/languoid/lect/wals_code_dts,5A,5,None missing in /p t k b d g/,Bendor-Samuel-et-al-1989;Plungian-1995,
5A-fuz,http://wals.info/languoid/lect/wals_code_fuz,5A,5,Other,Chan-1985;Chen-and-Norman-1965;Hanyu-1960;Norman-1988,
5A-gla,http://wals.info/languoid/lect/wals_code_gla,5A,5,Other,He-1981;He-1983,
5A-had,http://wals.info/languoid/lect/wals_code_had,5A,5,None missing in /p t k b d g/,Sands-et-al-1996;Tucker-et-al-1977,
5A-hba,http://wals.info/languoid/lect/wals_code_hba,5A,5,None missing in /p t k b d g/,Bolozky-1978;Bolozky-1997,
5A-ird,http://wals.info/languoid/lect/wals_code_ird,5A,5,None missing in /p t k b d g/,Ni-Chasaide-1999;O-Dochartaigh-1992,
5A-iso,http://wals.info/languoid/lect/wals_code_iso,5A,5,None missing in /p t k b d g/,Donwa-1982,
5A-ivs,http://wals.info/languoid/lect/wals_code_ivs,5A,5,None missing in /p t k b d g/,Cottle-and-Cottle-1958;Heye-and-Hidalgo-1967;Hidalgo-and-Hidalgo-1971,
5A-jpr,http://wals.info/languoid/lect/wals_code_jpr,5A,5,Other,Durbin-and-Seijas-1972,
5A-jom,http://wals.info/languoid/lect/wals_code_jom,5A,5,Other,Schadeberg-1981a,
5A-kzh,http://wals.info/languoid/lect/wals_code_kzh,5A,5,Other,Zheng-and-Quan-1988,
5A-ked,http://wals.info/languoid/lect/wals_code_ked,5A,5,None missing in /p t k b d g/,Korner-1985;Samely-1991,
5A-kss,http://wals.info/languoid/lect/wals_code_kss,5A,5,Other,Childs-1995,
5A-kpa,http://wals.info/languoid/lect/wals_code_kpa,5A,5,None missing in /p t k b d g/,Shimizu-1971,
5A-lkk,http://wals.info/languoid/lect/wals_code_lkk,5A,5,Other,Haudricourt-1967;Solnit-1988,
5A-lam,http://wals.info/languoid/lect/wals_code_lam,5A,5,None missing in /p t k b d g/,Sachnine-1982,
5A-lua,http://wals.info/languoid/lect/wals_code_lua,5A,5,None missing in /p t k b d g/,Boyeldieu-1985,
5A-mya,http://wals.info/languoid/lect/wals_code_mya,5A,5,None missing in /p t k b d g/,van-der-Leeden-1993;Remijsen-2001,
5A-nkt,http://wals.info/languoid/lect/wals_code_nkt,5A,5,Missing /g/,Thongkum-1984;Diffloth-1984;Thongkum-1982,
5A-nyg,http://wals.info/languoid/lect/wals_code_nyg,5A,5,Other,Heine-1975a,
5A-ogb,http://wals.info/languoid/lect/wals_code_ogb,5A,5,None missing in /p t k b d g/,Williamson-1972;Williamson-1970,
5A-puk,http://wals.info/languoid/lect/wals_code_puk,5A,5,None missing in /p t k b d g/,Qiu-et-al-1980;Maddieson-and-Ladefoged-1985;Diffloth-1980,
5A-phl,http://wals.info/languoid/lect/wals_code_phl,5A,5,Other,Cooke-et-al-1976,
5A-poa,http://wals.info/languoid/lect/wals_code_poa,5A,5,Other,,
5A-rsc,http://wals.info/languoid/lect/wals_code_rsc,5A,5,None missing in /p t k b d g/,Soler-and-Ebneter-1988,
5A-rtk,http://wals.info/languoid/lect/wals_code_rtk,5A,5,Other,Firchow-and-Firchow-1969;Firchow-et-al-1973,
5A-scs,http://wals.info/languoid/lect/wals_code_scs,5A,5,None missing in /p t k b d g/,Hasselbrink-1965;Kert-1971,
5A-svs,http://wals.info/languoid/lect/wals_code_svs,5A,5,Other,Todd-1975,
5A-sui,http://wals.info/languoid/lect/wals_code_sui,5A,5,Missing /g/,Li-1948,
5A-tmp,http://wals.info/languoid/lect/wals_code_tmp,5A,5,None missing in /p t k b d g/,Bergman-et-al-1969,
5A-tok,http://wals.info/languoid/lect/wals_code_tok,5A,5,None missing in /p t k b d g/,Robinson-1976,
5A-tza,http://wals.info/languoid/lect/wals_code_tza,5A,5,None missing in /p t k b d g/,Kaufman-1971,
5A-umb,http://wals.info/languoid/lect/wals_code_umb,5A,5,Other,Schadeberg-1990;Schadeberg-1982,
5A-wnt,http://wals.info/languoid/lect/wals_code_wnt,5A,5,Other,Davis-1969,
5A-wps,http://wals.info/languoid/lect/wals_code_wps,5A,5,Other,Tracy-1972,
5A-xia,http://wals.info/languoid/lect/wals_code_xia,5A,5,None missing in /p t k b d g/,Norman-1988;Ramsey-1987;Hanyu-1960,
5A-aik,http://wals.info/languoid/lect/wals_code_aik,5A,5,None missing in /p t k b d g/,Hanke-1956;Aikhenvald-and-Dixon-1999[362-363],
5A-akw,http://wals.info/languoid/lect/wals_code_akw,5A,5,None missing in /p t k b d g/,Edwards-1978,
5A-aea,http://wals.info/languoid/lect/wals_code_aea,5A,5,Other,Cho-et-al-1997;Jacobson-1944;Menovshchikov-1968;Rozelle-1997;Bergsland-1994;Bergsland-1956;Bergsland-1959,
5A-chu,http://wals.info/languoid/lect/wals_code_chu,5A,5,Other,Stell-1972,
5A-fef,http://wals.info/languoid/lect/wals_code_fef,5A,5,Missing /p/,Hyman-1972,
5A-kef,http://wals.info/languoid/lect/wals_code_kef,5A,5,None missing in /p t k b d g/,Fleming-1976,
5A-ktk,http://wals.info/languoid/lect/wals_code_ktk,5A,5,None missing in /p t k b d g/,Bouny-1977,
5A-lu,http://wals.info/languoid/lect/wals_code_lu,5A,5,Missing /g/,Li-1964;Morev-1978,
5A-nap,http://wals.info/languoid/lect/wals_code_nap,5A,5,None missing in /p t k b d g/,Garbell-1965,
5A-orm,http://wals.info/languoid/lect/wals_code_orm,5A,5,None missing in /p t k b d g/,Efimov-1986,
5A-snd,http://wals.info/languoid/lect/wals_code_snd,5A,5,None missing in /p t k b d g/,Welmers-1950,
5A-wrs,http://wals.info/languoid/lect/wals_code_wrs,5A,5,Other,Brown-1988b,
5A-byu,http://wals.info/languoid/lect/wals_code_byu,5A,5,Other,Cunningham-1969,
5A-bno,http://wals.info/languoid/lect/wals_code_bno,5A,5,None missing in /p t k b d g/,Stolte-and-Stolte-1971,
5A-bis,http://wals.info/languoid/lect/wals_code_bis,5A,5,None missing in /p t k b d g/,Naden-1973,
5A-cac,http://wals.info/languoid/lect/wals_code_cac,5A,5,Other,Cathcart-1979;Anderton-1989,
5A-iwm,http://wals.info/languoid/lect/wals_code_iwm,5A,5,Other,Laycock-1965b,
5A-jeh,http://wals.info/languoid/lect/wals_code_jeh,5A,5,None missing in /p t k b d g/,Gradin-1966;Gradin-and-Gradin-1979;Cohen-1966,
5A-kek,http://wals.info/languoid/lect/wals_code_kek,5A,5,Other,Freeze-1975;Haeseriju-1966,
5A-kul,http://wals.info/languoid/lect/wals_code_kul,5A,5,Missing /p/,Allan-1976a,
5A-max,http://wals.info/languoid/lect/wals_code_max,5A,5,Other,Gudschinsky-et-al-1970,
5A-mtp,http://wals.info/languoid/lect/wals_code_mtp,5A,5,Other,Schoenhals-and-Schoenhals-1965;Crawford-1963,
5A-toa,http://wals.info/languoid/lect/wals_code_toa,5A,5,Other,Brown-1973,
5A-yey,http://wals.info/languoid/lect/wals_code_yey,5A,5,None missing in /p t k b d g/,Gowlett-1997,
5A-agh,http://wals.info/languoid/lect/wals_code_agh,5A,5,Missing /p/,Hyman-1979,
5A-aht,http://wals.info/languoid/lect/wals_code_aht,5A,5,Other,Kari-1990,
5A-eya,http://wals.info/languoid/lect/wals_code_eya,5A,5,Other,Krauss-1965,
5A-kly,http://wals.info/languoid/lect/wals_code_kly,5A,5,None missing in /p t k b d g/,Kennedy-1981;Wurm-1972a,
5A-kot,http://wals.info/languoid/lect/wals_code_kot,5A,5,None missing in /p t k b d g/,Emeneau-1944,
5A-lus,http://wals.info/languoid/lect/wals_code_lus,5A,5,None missing in /p t k b d g/,Bates-et-al-1994,
5A-nob,http://wals.info/languoid/lect/wals_code_nob,5A,5,Missing /p/,Werner-1987;Bell-1971;Bell-1968,
5A-pac,http://wals.info/languoid/lect/wals_code_pac,5A,5,Other,Watson-1964,
5A-qco,http://wals.info/languoid/lect/wals_code_qco,5A,5,Other,Lastra-1968,
5A-ror,http://wals.info/languoid/lect/wals_code_ror,5A,5,Other,Davis-1974;Bluhme-1970,
5A-soq,http://wals.info/languoid/lect/wals_code_soq,5A,5,Missing /p/,Leslau-1938;Johnstone-1975,
5A-ant,http://wals.info/languoid/lect/wals_code_ant,5A,5,Other,Huisman-1973;Huisman-and-Lloyd-1981;Huisman-et-al-1981,
5A-bng,http://wals.info/languoid/lect/wals_code_bng,5A,5,Other,Parker-and-Parker-1974,
5A-cck,http://wals.info/languoid/lect/wals_code_cck,5A,5,Other,Gordon-et-al-2000;Munro-et-al-2002,
5A-cof,http://wals.info/languoid/lect/wals_code_cof,5A,5,None missing in /p t k b d g/,Borman-1962,
5A-dah,http://wals.info/languoid/lect/wals_code_dah,5A,5,None missing in /p t k b d g/,Maddieson-et-al-1993;Nurse-1986;Tucker-et-al-1977,
5A-eja,http://wals.info/languoid/lect/wals_code_eja,5A,5,None missing in /p t k b d g/,Watters-1981,
5A-ghb,http://wals.info/languoid/lect/wals_code_ghb,5A,5,Missing /g/,Kondo-and-Kondo-1967,
5A-kal,http://wals.info/languoid/lect/wals_code_kal,5A,5,None missing in /p t k b d g/,Baart-1997,
5A-kkn,http://wals.info/languoid/lect/wals_code_kkn,5A,5,None missing in /p t k b d g/,Madtha-1984;Gajendragadkar-1970;Major-1979,
5A-kur,http://wals.info/languoid/lect/wals_code_kur,5A,5,None missing in /p t k b d g/,Pfeiffer-1972;Pinnow-1964,
5A-sha,http://wals.info/languoid/lect/wals_code_sha,5A,5,Other,Chao-1951;Chan-1980;Cheng-1973b,
5A-tsg,http://wals.info/languoid/lect/wals_code_tsg,5A,5,None missing in /p t k b d g/,Ashley-1963,
5A-try,http://wals.info/languoid/lect/wals_code_try,5A,5,Missing /p/,Schlegel-1971;Post-1966,
5A-uzn,http://wals.info/languoid/lect/wals_code_uzn,5A,5,None missing in /p t k b d g/,Sjoberg-1963;Sjoberg-1962,
5A-adz,http://wals.info/languoid/lect/wals_code_adz,5A,5,None missing in /p t k b d g/,Holzknecht-1973,
5A-amz,http://wals.info/languoid/lect/wals_code_amz,5A,5,Other,Bauernschmidt-1965;Longacre-1966,
5A-cil,http://wals.info/languoid/lect/wals_code_cil,5A,5,Missing /g/,de-Schryver-1999,
5A-gmb,http://wals.info/languoid/lect/wals_code_gmb,5A,5,Other,Branks-and-Branks-1973;Caudmont-1954,
5A-maz,http://wals.info/languoid/lect/wals_code_maz,5A,5,Other,Spotts-1953,
5A-nax,http://wals.info/languoid/lect/wals_code_nax,5A,5,None missing in /p t k b d g/,Jiang-1985;Jiang-1980;Bradley-1975,
5A-pnr,http://wals.info/languoid/lect/wals_code_pnr,5A,5,Other,Cauty-1974a;Payne-1990b;Cauty-1978;Cauty-1974b,
5A-sdh,http://wals.info/languoid/lect/wals_code_sdh,5A,5,None missing in /p t k b d g/,Nihalani-1999,
5A-tpa,http://wals.info/languoid/lect/wals_code_tpa,5A,5,Other,Aschmann-1946,
5A-bet,http://wals.info/languoid/lect/wals_code_bet,5A,5,None missing in /p t k b d g/,Werle-and-Gbalehi-1976,
5A-mov,http://wals.info/languoid/lect/wals_code_mov,5A,5,Other,Judy-and-Judy-1962b;Aikhenvald-and-Dixon-1999,
5A-nim,http://wals.info/languoid/lect/wals_code_nim,5A,5,None missing in /p t k b d g/,Anceaux-1965,
5A-teh,http://wals.info/languoid/lect/wals_code_teh,5A,5,Missing /g/,Fernandez-Garay-1998,
5A-yan,http://wals.info/languoid/lect/wals_code_yan,5A,5,None missing in /p t k b d g/,Sapir-and-Swadesh-1960,
5A-yaw,http://wals.info/languoid/lect/wals_code_yaw,5A,5,Missing /g/,Jones-1986b,
5A-khr,http://wals.info/languoid/lect/wals_code_khr,5A,5,None missing in /p t k b d g/,Biligiri-1965;Pinnow-1959,
5A-mla,http://wals.info/languoid/lect/wals_code_mla,5A,5,None missing in /p t k b d g/,Connell-2000;Perrin-and-Hill-1969,
5A-mbb,http://wals.info/languoid/lect/wals_code_mbb,5A,5,Other,Dixon-1966a;Dixon-1966b,
5A-arb,http://wals.info/languoid/lect/wals_code_arb,5A,5,Other,Rich-1963,
5A-awn,http://wals.info/languoid/lect/wals_code_awn,5A,5,None missing in /p t k b d g/,Hetzron-1969;Hetzron-1976,
5A-chl,http://wals.info/languoid/lect/wals_code_chl,5A,5,Other,Kinkade-1963,
5A-kla,http://wals.info/languoid/lect/wals_code_kla,5A,5,Missing /g/,Singler-1979,
5A-kun,http://wals.info/languoid/lect/wals_code_kun,5A,5,None missing in /p t k b d g/,Baptista-and-Wallin-1974;Sherzer-1983,
5A-oca,http://wals.info/languoid/lect/wals_code_oca,5A,5,Other,Agnew-and-Pike-1957;Aschmann-1993,
5A-sba,http://wals.info/languoid/lect/wals_code_sba,5A,5,None missing in /p t k b d g/,Benaissa-1979,
5A-irx,http://wals.info/languoid/lect/wals_code_irx,5A,5,Missing /g/,Meader-1967,
5A-kad,http://wals.info/languoid/lect/wals_code_kad,5A,5,None missing in /p t k b d g/,Abdalla-1973;Matsushita-1984,
5A-sor,http://wals.info/languoid/lect/wals_code_sor,5A,5,None missing in /p t k b d g/,Ramamurti-1986,
5A-ycn,http://wals.info/languoid/lect/wals_code_ycn,5A,5,Other,Schauer-and-Schauer-1967,
5A-shs,http://wals.info/languoid/lect/wals_code_shs,5A,5,Other,Silver-1964;Silver-1966,
5A-tso,http://wals.info/languoid/lect/wals_code_tso,5A,5,Other,Tung-1964;Wright-and-Ladefoged-1994,
5A-yct,http://wals.info/languoid/lect/wals_code_yct,5A,5,Other,Straight-1976,
5A-der,http://wals.info/languoid/lect/wals_code_der,5A,5,None missing in /p t k b d g/,Voorhoeve-1971,
5A-gan,http://wals.info/languoid/lect/wals_code_gan,5A,5,None missing in /p t k b d g/,Yadav-nd,
5A-sdw,http://wals.info/languoid/lect/wals_code_sdw,5A,5,None missing in /p t k b d g/,Maddieson-et-al-1999;Kagaya-1993;Elderkin-1982;Tucker-et-al-1977;Dempwolff-1916,
5A-tug,http://wals.info/languoid/lect/wals_code_tug,5A,5,Missing /p/,Prasse-1972;Louali-Reynal-et-al-1997,
5A-abm,http://wals.info/languoid/lect/wals_code_abm,5A,5,Other,Rand-1968,
5A-cam,http://wals.info/languoid/lect/wals_code_cam,5A,5,None missing in /p t k b d g/,Howard-1967;Howard-1972;Mongui-Sanchez-1981,
5A-hmr,http://wals.info/languoid/lect/wals_code_hmr,5A,5,None missing in /p t k b d g/,Lydall-1976,
5A-seb,http://wals.info/languoid/lect/wals_code_seb,5A,5,Other,Montgomery-1970,
5A-yay,http://wals.info/languoid/lect/wals_code_yay,5A,5,Missing /g/,Gedney-1965,
5A-bra,http://wals.info/languoid/lect/wals_code_bra,5A,5,Other,Keller-1976,
5A-hak,http://wals.info/languoid/lect/wals_code_hak,5A,5,Other,Hashimoto-1973,
5A-mui,http://wals.info/languoid/lect/wals_code_mui,5A,5,None missing in /p t k b d g/,Aschmann-1993;Walton-and-Walton-1967,
5A-nai,http://wals.info/languoid/lect/wals_code_nai,5A,5,None missing in /p t k b d g/,Avrorin-1968,
5A-tma,http://wals.info/languoid/lect/wals_code_tma,5A,5,Missing /p/,Tucker-and-Bryan-1966,
5A-tmn,http://wals.info/languoid/lect/wals_code_tmn,5A,5,None missing in /p t k b d g/,Tucker-and-Bryan-1966,
5A-yny,http://wals.info/languoid/lect/wals_code_yny,5A,5,Other,Huttar-and-Kirton-1981;Kirton-and-Charlie-1978;Kirton-1967,
5A-efi,http://wals.info/languoid/lect/wals_code_efi,5A,5,Both missing,Cook-1969a,
5A-ga,http://wals.info/languoid/lect/wals_code_ga,5A,5,None missing in /p t k b d g/,Berry-nd;Kropp-1987,
5A-ign,http://wals.info/languoid/lect/wals_code_ign,5A,5,Missing /g/,Ott-and-Ott-1967a,
5A-mog,http://wals.info/languoid/lect/wals_code_mog,5A,5,None missing in /p t k b d g/,Weiers-1971,
5A-mor,http://wals.info/languoid/lect/wals_code_mor,5A,5,Other,Laycock-1978,
5A-woi,http://wals.info/languoid/lect/wals_code_woi,5A,5,None missing in /p t k b d g/,Stokhof-1979,
5A-adk,http://wals.info/languoid/lect/wals_code_adk,5A,5,Missing /g/,Landaburu-1979,
5A-ful,http://wals.info/languoid/lect/wals_code_ful,5A,5,Other,Lapenda-1968,
5A-ito,http://wals.info/languoid/lect/wals_code_ito,5A,5,Missing /g/,Liccardi-and-Grimes-1968,
5A-jav,http://wals.info/languoid/lect/wals_code_jav,5A,5,Other,Fagan-1988;Herrfurth-1964;Horne-1961;Uhlenbeck-1963,
5A-koi,http://wals.info/languoid/lect/wals_code_koi,5A,5,Missing /p/,Dutton-1996;Dutton-1969,
5A-mzc,http://wals.info/languoid/lect/wals_code_mzc,5A,5,Other,Jamieson-1976b;Jamieson-1976a,
5A-mba,http://wals.info/languoid/lect/wals_code_mba,5A,5,None missing in /p t k b d g/,Pasch-1986,
5A-nnc,http://wals.info/languoid/lect/wals_code_nnc,5A,5,Other,Das-1977;Radhakrishnan-1981,
5A-amo,http://wals.info/languoid/lect/wals_code_amo,5A,5,None missing in /p t k b d g/,Di-Luzio-1972;Anderson-1980,
5A-amu,http://wals.info/languoid/lect/wals_code_amu,5A,5,Other,Wise-1958;Fast-1953,
5A-bua,http://wals.info/languoid/lect/wals_code_bua,5A,5,Other,Glasgow-and-Glasgow-1967,
5A-chw,http://wals.info/languoid/lect/wals_code_chw,5A,5,Other,Blood-1967;Edmondson-and-Gregerson-1993,
5A-fas,http://wals.info/languoid/lect/wals_code_fas,5A,5,Other,Loeweke-and-May-1964,
5A-nyi,http://wals.info/languoid/lect/wals_code_nyi,5A,5,Missing /p/,Stevenson-1957;Tucker-and-Bryan-1966,
5A-sin,http://wals.info/languoid/lect/wals_code_sin,5A,5,Other,Wheeler-and-Wheeler-1962,
5A-tul,http://wals.info/languoid/lect/wals_code_tul,5A,5,None missing in /p t k b d g/,Bhat-1967,
5A-baj,http://wals.info/languoid/lect/wals_code_baj,5A,5,None missing in /p t k b d g/,Verheijen-1986,
5A-gds,http://wals.info/languoid/lect/wals_code_gds,5A,5,Other,Frantz-and-Frantz-1966,
5A-igs,http://wals.info/languoid/lect/wals_code_igs,5A,5,None missing in /p t k b d g/,Crewe-1975;Tucker-and-Bryan-1966,
5A-kpe,http://wals.info/languoid/lect/wals_code_kpe,5A,5,None missing in /p t k b d g/,Hyman-1973;Welmers-1973;Welmers-1962,
5A-mbm,http://wals.info/languoid/lect/wals_code_mbm,5A,5,None missing in /p t k b d g/,Hagege-1970,
5A-tic,http://wals.info/languoid/lect/wals_code_tic,5A,5,None missing in /p t k b d g/,Anderson-1962;Anderson-1959,
5A-wry,http://wals.info/languoid/lect/wals_code_wry,5A,5,Other,Harvey-1986,
5A-wmu,http://wals.info/languoid/lect/wals_code_wmu,5A,5,Other,McConnel-1945;Sayers-and-Godfrey-1964,
5A-paw,http://wals.info/languoid/lect/wals_code_paw,5A,5,None missing in /p t k b d g/,Trefry-1972;MacDonald-1973,
5A-pec,http://wals.info/languoid/lect/wals_code_pec,5A,5,Other,Holt-1999b;Holt-1986,
5A-twn,http://wals.info/languoid/lect/wals_code_twn,5A,5,None missing in /p t k b d g/,Hoijer-and-Dozier-1949;Trager-1971,
5A-kom,http://wals.info/languoid/lect/wals_code_kom,5A,5,None missing in /p t k b d g/,Tucker-and-Bryan-1966,
5A-kmp,http://wals.info/languoid/lect/wals_code_kmp,5A,5,None missing in /p t k b d g/,Pence-1966,
5A-llm,http://wals.info/languoid/lect/wals_code_llm,5A,5,None missing in /p t k b d g/,Hoftmann-1971,
5A-nis,http://wals.info/languoid/lect/wals_code_nis,5A,5,None missing in /p t k b d g/,Namkung-1996;Ray-1967,
5A-rut,http://wals.info/languoid/lect/wals_code_rut,5A,5,None missing in /p t k b d g/,Dzhejranishvili-1967;Kodzasov-1990b;Ibragimov-1978,
5A-yar,http://wals.info/languoid/lect/wals_code_yar,5A,5,Missing /p/,Weimer-and-Weimer-1972,
5A-yes,http://wals.info/languoid/lect/wals_code_yes,5A,5,Other,Foreman-and-Marten-1973,
5A-yus,http://wals.info/languoid/lect/wals_code_yus,5A,5,Other,Krauss-1975,
5A-cti,http://wals.info/languoid/lect/wals_code_cti,5A,5,None missing in /p t k b d g/,Henderson-1965,
5A-xoo,http://wals.info/languoid/lect/wals_code_xoo,5A,5,None missing in /p t k b d g/,Traill-1985;Traill-1994,
5A-yul,http://wals.info/languoid/lect/wals_code_yul,5A,5,None missing in /p t k b d g/,Boyeldieu-1987,
5A-kng,http://wals.info/languoid/lect/wals_code_kng,5A,5,Other,Henry-1935;Wiesemann-1972;Kindell-1972,
5A-ndt,http://wals.info/languoid/lect/wals_code_ndt,5A,5,None missing in /p t k b d g/,Gueye-1986,
5A-nga,http://wals.info/languoid/lect/wals_code_nga,5A,5,None missing in /p t k b d g/,Castren-1966;Tereshchenko-1966c;Tereshchenko-1979,
5A-ytu,http://wals.info/languoid/lect/wals_code_ytu,5A,5,None missing in /p t k b d g/,Krejnovich-1958;Krejnovich-1968c,
5A-amc,http://wals.info/languoid/lect/wals_code_amc,5A,5,Other,Osborn-1948,
5A-bai,http://wals.info/languoid/lect/wals_code_bai,5A,5,Other,Dell-1981,
5A-cay,http://wals.info/languoid/lect/wals_code_cay,5A,5,None missing in /p t k b d g/,Lindskoog-and-Brend-1962,
5A-chp,http://wals.info/languoid/lect/wals_code_chp,5A,5,Other,Li-1932;Li-1933;Li-1946,
5A-kry,http://wals.info/languoid/lect/wals_code_kry,5A,5,Other,Zhukova-1980,
5A-acm,http://wals.info/languoid/lect/wals_code_acm,5A,5,Other,Olmsted-1964;Olmsted-1966,
5A-anc,http://wals.info/languoid/lect/wals_code_anc,5A,5,None missing in /p t k b d g/,Burquest-1971,
5A-api,http://wals.info/languoid/lect/wals_code_api,5A,5,Other,Burgess-and-Ham-1968,
5A-bod,http://wals.info/languoid/lect/wals_code_bod,5A,5,None missing in /p t k b d g/,Bhat-1968,
5A-chq,http://wals.info/languoid/lect/wals_code_chq,5A,5,Other,Robbins-1961;Robbins-1968,
5A-dan,http://wals.info/languoid/lect/wals_code_dan,5A,5,None missing in /p t k b d g/,Bearth-and-Zemp-1967,
5A-diz,http://wals.info/languoid/lect/wals_code_diz,5A,5,Missing /p/,Allan-1976b,
5A-irr,http://wals.info/languoid/lect/wals_code_irr,5A,5,Other,Voorhoeve-1989,
5A-koy,http://wals.info/languoid/lect/wals_code_koy,5A,5,None missing in /p t k b d g/,Tyler-1969,
5A-mie,http://wals.info/languoid/lect/wals_code_mie,5A,5,None missing in /p t k b d g/,Purnell-1965;Mao-et-al-1982,
5A-slp,http://wals.info/languoid/lect/wals_code_slp,5A,5,Other,McElhanon-1970c;McElhanon-1970b,
5A-shi,http://wals.info/languoid/lect/wals_code_shi,5A,5,Other,Migliazza-and-Grimes-1961,
5A-tol,http://wals.info/languoid/lect/wals_code_tol,5A,5,Other,Fleming-and-Dennis-1977;Holt-1999a,
5A-ani,http://wals.info/languoid/lect/wals_code_ani,5A,5,None missing in /p t k b d g/,Vossen-1997;Vossen-1986,
5A-ccp,http://wals.info/languoid/lect/wals_code_ccp,5A,5,Other,Crawford-1966[13],
5A-hum,http://wals.info/languoid/lect/wals_code_hum,5A,5,Missing /p/,Burtch-1983;Petersen-de-Pineros-1994;Aschmann-1993;Minor-et-al-1982,
5A-jiv,http://wals.info/languoid/lect/wals_code_jiv,5A,5,Other,Beasley-and-Pike-1957,
5A-kzy,http://wals.info/languoid/lect/wals_code_kzy,5A,5,None missing in /p t k b d g/,Lytkin-1966b;Bubrix-1949,
5A-nhn,http://wals.info/languoid/lect/wals_code_nhn,5A,5,Other,Brockway-1963,
5A-sre,http://wals.info/languoid/lect/wals_code_sre,5A,5,None missing in /p t k b d g/,Manley-1972,
5A-gwa,http://wals.info/languoid/lect/wals_code_gwa,5A,5,None missing in /p t k b d g/,Hyman-and-Magaji-1970,
5A-kws,http://wals.info/languoid/lect/wals_code_kws,5A,5,Missing /g/,Zigmond-et-al-1990-1991,
5A-kgz,http://wals.info/languoid/lect/wals_code_kgz,5A,5,None missing in /p t k b d g/,Herbert-and-Poppe-1963;Junusaliev-1966,
5A-kiw,http://wals.info/languoid/lect/wals_code_kiw,5A,5,None missing in /p t k b d g/,Wurm-1977,
5A-kwo,http://wals.info/languoid/lect/wals_code_kwo,5A,5,Other,Kooyers-et-al-1971,
5A-mnc,http://wals.info/languoid/lect/wals_code_mnc,5A,5,None missing in /p t k b d g/,Austin-1962,
5A-non,http://wals.info/languoid/lect/wals_code_non,5A,5,Missing /p/,Hyman-1981b,
5A-bco,http://wals.info/languoid/lect/wals_code_bco,5A,5,Other,Nater-1984;Newman-1947,
5A-ber,http://wals.info/languoid/lect/wals_code_ber,5A,5,Other,Triulzi-et-al-1976a,
5A-cso,http://wals.info/languoid/lect/wals_code_cso,5A,5,None missing in /p t k b d g/,Pride-1965,
5A-ewo,http://wals.info/languoid/lect/wals_code_ewo,5A,5,Missing /p/,Redden-1979;Nnomo-and-Mbezele-1982;Abega-1970,
5A-ksg,http://wals.info/languoid/lect/wals_code_ksg,5A,5,Other,Jones-1961,
5A-kwk,http://wals.info/languoid/lect/wals_code_kwk,5A,5,None missing in /p t k b d g/,Grubb-1977;Newman-1950;Boas-1911a;Boas-1947,
5A-ruk,http://wals.info/languoid/lect/wals_code_ruk,5A,5,None missing in /p t k b d g/,Li-1977b;Li-1973,
5A-wah,http://wals.info/languoid/lect/wals_code_wah,5A,5,Other,Phillips-1976;Ladefoged-et-al-1977,
5A-ata,http://wals.info/languoid/lect/wals_code_ata,5A,5,Other,Egerod-1966b,
5A-aze,http://wals.info/languoid/lect/wals_code_aze,5A,5,None missing in /p t k b d g/,Householder-and-Lofti-1965,
5A-ben,http://wals.info/languoid/lect/wals_code_ben,5A,5,None missing in /p t k b d g/,Ferguson-and-Chowdhury-1960;Klaiman-1990,
5A-iba,http://wals.info/languoid/lect/wals_code_iba,5A,5,None missing in /p t k b d g/,Omar-1981;Scott-1957,
5A-jeb,http://wals.info/languoid/lect/wals_code_jeb,5A,5,Other,Bendor-Samuel-1961b,
5A-jng,http://wals.info/languoid/lect/wals_code_jng,5A,5,None missing in /p t k b d g/,Liu-1964,
5A-mme,http://wals.info/languoid/lect/wals_code_mme,5A,5,Other,Kovedjaeva-1966;Ristinen-1960,
5A-mpa,http://wals.info/languoid/lect/wals_code_mpa,5A,5,None missing in /p t k b d g/,Street-and-Mollinjin-1981,
5A-new,http://wals.info/languoid/lect/wals_code_new,5A,5,None missing in /p t k b d g/,Manandhar-1986;Hale-and-Hale-1969,
5A-kkv,http://wals.info/languoid/lect/wals_code_kkv,5A,5,Other,Counts-1969,
5A-kya,http://wals.info/languoid/lect/wals_code_kya,5A,5,Other,Oates-1964b;Oates-and-Oates-1964;Wurm-1972a,
5A-skp,http://wals.info/languoid/lect/wals_code_skp,5A,5,Other,Katz-1975b;Prokofjeva-1966,
5A-ttu,http://wals.info/languoid/lect/wals_code_ttu,5A,5,Other,Desheriev-1953,
5A-alw,http://wals.info/languoid/lect/wals_code_alw,5A,5,Other,Sharpe-1972,
5A-ao,http://wals.info/languoid/lect/wals_code_ao,5A,5,Other,Gowda-1972;Gowda-1975,
5A-fye,http://wals.info/languoid/lect/wals_code_fye,5A,5,Other,Nettle-1998,
5A-grr,http://wals.info/languoid/lect/wals_code_grr,5A,5,Other,Furby-1974,
5A-kgu,http://wals.info/languoid/lect/wals_code_kgu,5A,5,Other,Blake-1979b,
5A-mro,http://wals.info/languoid/lect/wals_code_mro,5A,5,None missing in /p t k b d g/,Black-and-Black-1971;Schadeberg-1981b,
5A-nar,http://wals.info/languoid/lect/wals_code_nar,5A,5,Missing /p/,Thompson-1976a;Bender-1968,
5A-tam,http://wals.info/languoid/lect/wals_code_tam,5A,5,Other,Mazaudon-1973,
5A-tib,http://wals.info/languoid/lect/wals_code_tib,5A,5,None missing in /p t k b d g/,Denwood-1999,
5A-tlp,http://wals.info/languoid/lect/wals_code_tlp,5A,5,None missing in /p t k b d g/,Suarez-1983a,
5A-zan,http://wals.info/languoid/lect/wals_code_zan,5A,5,None missing in /p t k b d g/,Tucker-and-Hackett-1959,
5A-dgb,http://wals.info/languoid/lect/wals_code_dgb,5A,5,None missing in /p t k b d g/,Olawsky-1999;Wilson-and-Bendor-Samuel-1969,
5A-dum,http://wals.info/languoid/lect/wals_code_dum,5A,5,Other,Ross-1980,
5A-nuu,http://wals.info/languoid/lect/wals_code_nuu,5A,5,Other,Carlson-et-al-2001;Stonham-1999,
5A-snh,http://wals.info/languoid/lect/wals_code_snh,5A,5,None missing in /p t k b d g/,Coates-and-da-Silva-1960,
5A-tas,http://wals.info/languoid/lect/wals_code_tas,5A,5,Missing /p/,Applegate-1958,
5A-yel,http://wals.info/languoid/lect/wals_code_yel,5A,5,Other,,
5A-bto,http://wals.info/languoid/lect/wals_code_bto,5A,5,None missing in /p t k b d g/,van-der-Tuuk-1971,
5A-bir,http://wals.info/languoid/lect/wals_code_bir,5A,5,None missing in /p t k b d g/,Bouquiaux-1970;Wolff-1959,
5A-din,http://wals.info/languoid/lect/wals_code_din,5A,5,None missing in /p t k b d g/,Andersen-1987;Malou-1988,
5A-evn,http://wals.info/languoid/lect/wals_code_evn,5A,5,None missing in /p t k b d g/,Novikova-1960;Novikova-1966,
5A-goa,http://wals.info/languoid/lect/wals_code_goa,5A,5,Other,Holmer-1949d;Mansen-1967,
5A-mgg,http://wals.info/languoid/lect/wals_code_mgg,5A,5,None missing in /p t k b d g/,Todaeva-1973,
5A-oji,http://wals.info/languoid/lect/wals_code_oji,5A,5,Other,Bloomfield-1957,
5A-res,http://wals.info/languoid/lect/wals_code_res,5A,5,None missing in /p t k b d g/,Allin-1976,
5A-snc,http://wals.info/languoid/lect/wals_code_snc,5A,5,Other,Chafe-1967,
5A-srn,http://wals.info/languoid/lect/wals_code_srn,5A,5,None missing in /p t k b d g/,Firestone-1965,
5A-che,http://wals.info/languoid/lect/wals_code_che,5A,5,Other,Bender-and-Harris-1946;Cook-1979;Walker-1975b,
5A-hup,http://wals.info/languoid/lect/wals_code_hup,5A,5,Other,Golla-1970;Gordon-1996;Woodward-1964,
5A-ite,http://wals.info/languoid/lect/wals_code_ite,5A,5,Other,Volodin-1976,
5A-kab,http://wals.info/languoid/lect/wals_code_kab,5A,5,None missing in /p t k b d g/,Kuipers-1960,
5A-knk,http://wals.info/languoid/lect/wals_code_knk,5A,5,None missing in /p t k b d g/,Newman-1974,
5A-kwa,http://wals.info/languoid/lect/wals_code_kwa,5A,5,Other,Keesing-1985,
5A-shu,http://wals.info/languoid/lect/wals_code_shu,5A,5,Other,Kuipers-1974,
5A-tne,http://wals.info/languoid/lect/wals_code_tne,5A,5,Missing /g/,Wilson-1961a;Dalby-1966,
5A-ctl,http://wals.info/languoid/lect/wals_code_ctl,5A,5,None missing in /p t k b d g/,Carbonell-and-Llisteri-1999,
5A-lui,http://wals.info/languoid/lect/wals_code_lui,5A,5,Other,Bright-1965a;Bright-1968;Hyde-1971;Kroeber-and-Grace-1960;Malecot-1963b,
5A-nmb,http://wals.info/languoid/lect/wals_code_nmb,5A,5,Other,Kroeker-1972;Price-1976,
5A-nas,http://wals.info/languoid/lect/wals_code_nas,5A,5,Other,Hurd-and-Hurd-1966,
5A-hop,http://wals.info/languoid/lect/wals_code_hop,5A,5,Other,Kluckhohn-and-MacLeish-1955;Voegelin-1956;Whorf-1946a,
5A-mum,http://wals.info/languoid/lect/wals_code_mum,5A,5,None missing in /p t k b d g/,Shimizu-1983,
5A-tac,http://wals.info/languoid/lect/wals_code_tac,5A,5,Missing /g/,Key-1968;Van-Wynen-and-Van-Wynen-1962,
5A-ter,http://wals.info/languoid/lect/wals_code_ter,5A,5,None missing in /p t k b d g/,Newman-1970,
5A-wma,http://wals.info/languoid/lect/wals_code_wma,5A,5,None missing in /p t k b d g/,Voorhoeve-1982;Watuseke-1976,
5A-wiy,http://wals.info/languoid/lect/wals_code_wiy,5A,5,Other,Teeter-1964,
5A-brr,http://wals.info/languoid/lect/wals_code_brr,5A,5,None missing in /p t k b d g/,Crowell-1979,
5A-djp,http://wals.info/languoid/lect/wals_code_djp,5A,5,Other,Rose-et-al-1982;Morphy-1983,
5A-doy,http://wals.info/languoid/lect/wals_code_doy,5A,5,None missing in /p t k b d g/,Wiering-1974,
5A-krd,http://wals.info/languoid/lect/wals_code_krd,5A,5,None missing in /p t k b d g/,Abdulla-and-McCarus-1967;McCarus-1958,
5A-len,http://wals.info/languoid/lect/wals_code_len,5A,5,Other,Lynch-1978,
5A-qaw,http://wals.info/languoid/lect/wals_code_qaw,5A,5,Other,Clairis-1985;Clairis-1977,
5A-ttn,http://wals.info/languoid/lect/wals_code_ttn,5A,5,Missing /g/,Morris-1984,
5A-ygr,http://wals.info/languoid/lect/wals_code_ygr,5A,5,None missing in /p t k b d g/,Renck-1967;Haiman-1980;Renck-1975,
5A-cub,http://wals.info/languoid/lect/wals_code_cub,5A,5,Missing /g/,Morse-and-Maxwell-1999b;Salser-1971,
5A-dgr,http://wals.info/languoid/lect/wals_code_dgr,5A,5,None missing in /p t k b d g/,Bao-1982,
5A-htc,http://wals.info/languoid/lect/wals_code_htc,5A,5,Other,Larsen-and-Pike-1949;McQuown-1984;Peralta-1984,
5A-ik,http://wals.info/languoid/lect/wals_code_ik,5A,5,None missing in /p t k b d g/,Heine-1975b;Tucker-1971,
5A-nun,http://wals.info/languoid/lect/wals_code_nun,5A,5,Other,Li-1977a,
5A-pae,http://wals.info/languoid/lect/wals_code_pae,5A,5,Other,Gerdel-1985;Jung-1989;Gerdel-1973,
5A-sed,http://wals.info/languoid/lect/wals_code_sed,5A,5,Other,Smith-1968;Smith-1979,
5A-bsk,http://wals.info/languoid/lect/wals_code_bsk,5A,5,None missing in /p t k b d g/,Poppe-1964,
5A-mlk,http://wals.info/languoid/lect/wals_code_mlk,5A,5,Other,Birk-1975;Tryon-1974,
5A-arc,http://wals.info/languoid/lect/wals_code_arc,5A,5,Other,Kodzasov-1977,
5A-ava,http://wals.info/languoid/lect/wals_code_ava,5A,5,Other,Charachidze-1981;Zhirkov-1936,
5A-gbb,http://wals.info/languoid/lect/wals_code_gbb,5A,5,None missing in /p t k b d g/,Monino-and-Roulon-1972;Samarin-1966,
5A-ngz,http://wals.info/languoid/lect/wals_code_ngz,5A,5,None missing in /p t k b d g/,Schuh-1981,
5A-poh,http://wals.info/languoid/lect/wals_code_poh,5A,5,Other,Rehg-1981;Rehg-1984a;Rehg-1984b,
5A-hve,http://wals.info/languoid/lect/wals_code_hve,5A,5,Missing /g/,Stairs-Kreger-and-Scharfe-de-Stairs-1981;Suarez-1975,
5A-kty,http://wals.info/languoid/lect/wals_code_kty,5A,5,Other,Gulya-1966;Nikolaeva-1999,
5A-tel,http://wals.info/languoid/lect/wals_code_tel,5A,5,None missing in /p t k b d g/,Kelley-1963;Sastry-1972;Krishnamurti-1961;Lisker-1963;Kostic-et-al-1977,
5A-ykt,http://wals.info/languoid/lect/wals_code_ykt,5A,5,None missing in /p t k b d g/,Krueger-1962;Ubrjatova-1966;Bohtlingk-1964,
5A-klm,http://wals.info/languoid/lect/wals_code_klm,5A,5,None missing in /p t k b d g/,Barker-1963a;Barker-1964,
5A-nep,http://wals.info/languoid/lect/wals_code_nep,5A,5,None missing in /p t k b d g/,Bandhu-et-al-1971,
5A-tgr,http://wals.info/languoid/lect/wals_code_tgr,5A,5,Missing /p/,Klingenheben-1966;Palmer-1962,
5A-tuv,http://wals.info/languoid/lect/wals_code_tuv,5A,5,None missing in /p t k b d g/,Seglenmej-1979;Sat-1966;Song-1982;Anderson-and-Harrison-1999,
5A-nor,http://wals.info/languoid/lect/wals_code_nor,5A,5,None missing in /p t k b d g/,Vanvik-1972,
5A-qui,http://wals.info/languoid/lect/wals_code_qui,5A,5,None missing in /p t k b d g/,Hoard-1993;Powell-1975,
5A-bre,http://wals.info/languoid/lect/wals_code_bre,5A,5,None missing in /p t k b d g/,Bothorel-1982;Ternes-1970,
5A-ijo,http://wals.info/languoid/lect/wals_code_ijo,5A,5,None missing in /p t k b d g/,Williamson-1965,
5A-luo,http://wals.info/languoid/lect/wals_code_luo,5A,5,None missing in /p t k b d g/,Gregersen-1961,
5A-psh,http://wals.info/languoid/lect/wals_code_psh,5A,5,None missing in /p t k b d g/,Shafeev-1964;Grjunberg-1987;Penzl-1955,
5A-sel,http://wals.info/languoid/lect/wals_code_sel,5A,5,Other,Najlis-1973,
5A-wao,http://wals.info/languoid/lect/wals_code_wao,5A,5,None missing in /p t k b d g/,Saint-and-Pike-1962,
5A-wap,http://wals.info/languoid/lect/wals_code_wap,5A,5,None missing in /p t k b d g/,Sawyer-1965,
5A-win,http://wals.info/languoid/lect/wals_code_win,5A,5,Missing /g/,Pitkin-1984;Schlichter-1981,
5A-akn,http://wals.info/languoid/lect/wals_code_akn,5A,5,None missing in /p t k b d g/,Ladefoged-1964;Dolphyne-1988;Schachter-and-Fromkin-1968;Stewart-1967;Welmers-1946,
5A-bri,http://wals.info/languoid/lect/wals_code_bri,5A,5,None missing in /p t k b d g/,Arroyo-1972,
5A-cax,http://wals.info/languoid/lect/wals_code_cax,5A,5,Other,Dirks-1953;Payne-1981,
5A-lug,http://wals.info/languoid/lect/wals_code_lug,5A,5,None missing in /p t k b d g/,Crazzolara-1960;Anderson-1986;Tucker-and-Bryan-1966,
5A-maa,http://wals.info/languoid/lect/wals_code_maa,5A,5,Other,Tucker-and-Bryan-1966;Tucker-and-Mpaayei-1955,
5A-yap,http://wals.info/languoid/lect/wals_code_yap,5A,5,None missing in /p t k b d g/,Hsu-1969;Jensen-et-al-1977a,
5A-iaa,http://wals.info/languoid/lect/wals_code_iaa,5A,5,None missing in /p t k b d g/,Haudricourt-1971;Maddieson-and-Anderson-1995;Ozanne-Rivierre-1976,
5A-jaq,http://wals.info/languoid/lect/wals_code_jaq,5A,5,Other,Hardman-2000,
5A-tgk,http://wals.info/languoid/lect/wals_code_tgk,5A,5,Other,Beaumont-1979,
5A-ton,http://wals.info/languoid/lect/wals_code_ton,5A,5,Other,Hoijer-1949;Hoijer-1972;Hoijer-1946b,
5A-amp,http://wals.info/languoid/lect/wals_code_amp,5A,5,Other,Henderson-1994,
5A-die,http://wals.info/languoid/lect/wals_code_die,5A,5,Other,Langdon-1970,
5A-diy,http://wals.info/languoid/lect/wals_code_diy,5A,5,Other,Austin-1981,
5A-lak,http://wals.info/languoid/lect/wals_code_lak,5A,5,None missing in /p t k b d g/,Zhirkov-1955;Khajdakov-1966b;Murkelinskij-1967,
5A-mne,http://wals.info/languoid/lect/wals_code_mne,5A,5,Other,Shipley-1956;Shipley-1964,
5A-eka,http://wals.info/languoid/lect/wals_code_eka,5A,5,Missing /g/,Doble-1987;Steltenpool-1969,
5A-ham,http://wals.info/languoid/lect/wals_code_ham,5A,5,Other,Healey-1981;Oates-and-Oates-1968,
5A-mrg,http://wals.info/languoid/lect/wals_code_mrg,5A,5,None missing in /p t k b d g/,Hoffmann-1963;Maddieson-1987,
5A-nan,http://wals.info/languoid/lect/wals_code_nan,5A,5,Other,Creider-and-Creider-1989,
5A-mrd,http://wals.info/languoid/lect/wals_code_mrd,5A,5,None missing in /p t k b d g/,Drabbe-1955,
5A-abi,http://wals.info/languoid/lect/wals_code_abi,5A,5,Other,Najlis-1966,
5A-mab,http://wals.info/languoid/lect/wals_code_mab,5A,5,Missing /p/,Tucker-and-Bryan-1966,
5A-wlf,http://wals.info/languoid/lect/wals_code_wlf,5A,5,None missing in /p t k b d g/,Sauvageot-1965;Ka-1994;Ward-1963;Manessy-and-Sauvageot-1963,
5A-chv,http://wals.info/languoid/lect/wals_code_chv,5A,5,None missing in /p t k b d g/,Andreev-1966;Krueger-1961,
5A-kas,http://wals.info/languoid/lect/wals_code_kas,5A,5,None missing in /p t k b d g/,Bhat-1987;Kelkar-and-Trisal-1964;Zakharin-1974;Zakharin-and-Edelman-1971,
5A-pur,http://wals.info/languoid/lect/wals_code_pur,5A,5,None missing in /p t k b d g/,Chamereau-2000;Foster-1969;de-Paul-1989,
5A-una,http://wals.info/languoid/lect/wals_code_una,5A,5,Both missing,Louwerse-1988,
5A-dyi,http://wals.info/languoid/lect/wals_code_dyi,5A,5,Other,Dixon-1972,
5A-haw,http://wals.info/languoid/lect/wals_code_haw,5A,5,Other,Elbert-and-Pukui-1979;Pukui-and-Elbert-1965;Schutz-1981,
5A-kch,http://wals.info/languoid/lect/wals_code_kch,5A,5,Missing /p/,Heath-1999b,
5A-lit,http://wals.info/languoid/lect/wals_code_lit,5A,5,None missing in /p t k b d g/,Senn-1966;Augustitis-1964;Ambrazas-et-al-1966,
5A-ood,http://wals.info/languoid/lect/wals_code_ood,5A,5,None missing in /p t k b d g/,Saxton-and-Saxton-1969;Hale-1959;Saxton-1963,
5A-rom,http://wals.info/languoid/lect/wals_code_rom,5A,5,None missing in /p t k b d g/,Agard-1958;Tataru-1978;Ruhlen-1973,
5A-bul,http://wals.info/languoid/lect/wals_code_bul,5A,5,None missing in /p t k b d g/,Aronson-1968;Scatton-1984;Bidwell-1968;Klagstad-1958;Ternes-and-Vladimirova-Buhtz-1999,
5A-lah,http://wals.info/languoid/lect/wals_code_lah,5A,5,None missing in /p t k b d g/,Matisoff-1973;Matisoff-1988,
5A-yuc,http://wals.info/languoid/lect/wals_code_yuc,5A,5,None missing in /p t k b d g/,Crawford-1973;Ballard-1975,
5A-pso,http://wals.info/languoid/lect/wals_code_pso,5A,5,Missing /g/,Moshinsky-1974,
5A-zun,http://wals.info/languoid/lect/wals_code_zun,5A,5,Other,Walker-1972;Newman-1965,
5A-snt,http://wals.info/languoid/lect/wals_code_snt,5A,5,Other,Cowan-1965,
5A-krb,http://wals.info/languoid/lect/wals_code_krb,5A,5,Other,Groves-et-al-1985,
5A-som,http://wals.info/languoid/lect/wals_code_som,5A,5,Missing /p/,Cardona-1981;Hyman-1981a;Farnetani-1981;Armstrong-1964;Andrzejewsky-1956;Andrzejewsky-1955,
5A-cnt,http://wals.info/languoid/lect/wals_code_cnt,5A,5,Other,Zee-1999,
5A-fur,http://wals.info/languoid/lect/wals_code_fur,5A,5,Missing /p/,Tucker-and-Bryan-1966;Jakobi-1990;Beaton-1968,
5A-pol,http://wals.info/languoid/lect/wals_code_pol,5A,5,None missing in /p t k b d g/,,
5A-ker,http://wals.info/languoid/lect/wals_code_ker,5A,5,None missing in /p t k b d g/,Ebert-1976;Ebert-1979,
5A-lad,http://wals.info/languoid/lect/wals_code_lad,5A,5,None missing in /p t k b d g/,Koshal-1979,
5A-lep,http://wals.info/languoid/lect/wals_code_lep,5A,5,None missing in /p t k b d g/,Mainwaring-1898;Ju-1996;Mainwaring-1876,
5A-tli,http://wals.info/languoid/lect/wals_code_tli,5A,5,Other,Maddieson-et-al-2001,
5A-wam,http://wals.info/languoid/lect/wals_code_wam,5A,5,Other,Nordlinger-1998,
5A-alb,http://wals.info/languoid/lect/wals_code_alb,5A,5,None missing in /p t k b d g/,Newmark-1957,
5A-bam,http://wals.info/languoid/lect/wals_code_bam,5A,5,None missing in /p t k b d g/,Bird-et-al-1977,
5A-kyl,http://wals.info/languoid/lect/wals_code_kyl,5A,5,Missing /g/,Solnit-1997,
5A-nti,http://wals.info/languoid/lect/wals_code_nti,5A,5,None missing in /p t k b d g/,Kutsch-Lojenga-1994,
5A-car,http://wals.info/languoid/lect/wals_code_car,5A,5,None missing in /p t k b d g/,Hoff-1968;Peasgood-1972,
5A-mak,http://wals.info/languoid/lect/wals_code_mak,5A,5,Missing /g/,Jacobsen-1999,
5A-tsi,http://wals.info/languoid/lect/wals_code_tsi,5A,5,None missing in /p t k b d g/,Mulder-1988;Dunn-1970;Dunn-1979;Hoard-1978;Dunn-1995,
5A-tun,http://wals.info/languoid/lect/wals_code_tun,5A,5,None missing in /p t k b d g/,Haas-1940,
5A-sue,http://wals.info/languoid/lect/wals_code_sue,5A,5,None missing in /p t k b d g/,Wilson-1969;Wilson-1974,
5A-mku,http://wals.info/languoid/lect/wals_code_mku,5A,5,Other,Tryon-1970b,
5A-mrl,http://wals.info/languoid/lect/wals_code_mrl,5A,5,None missing in /p t k b d g/,Yigezu-2001;Arensen-1982,
5A-psm,http://wals.info/languoid/lect/wals_code_psm,5A,5,Other,Leavitt-1996;LeSourd-1993;Sherwood-1986,
5A-pit,http://wals.info/languoid/lect/wals_code_pit,5A,5,Other,Glass-and-Hackett-1970;Eckert-and-Hudson-1988,
5A-amh,http://wals.info/languoid/lect/wals_code_amh,5A,5,None missing in /p t k b d g/,Hayward-and-Hayward-1999,
5A-ana,http://wals.info/languoid/lect/wals_code_ana,5A,5,Missing /g/,de-Pitman-1981,
5A-cyv,http://wals.info/languoid/lect/wals_code_cyv,5A,5,Missing /g/,Key-1961;Key-1967,
5A-dio,http://wals.info/languoid/lect/wals_code_dio,5A,5,None missing in /p t k b d g/,Sapir-1965,
5A-arm,http://wals.info/languoid/lect/wals_code_arm,5A,5,Other,Allen-1950,
5A-aym,http://wals.info/languoid/lect/wals_code_aym,5A,5,Other,Martin-1969,
5A-baw,http://wals.info/languoid/lect/wals_code_baw,5A,5,Missing /g/,Reichle-1981,
5A-wrd,http://wals.info/languoid/lect/wals_code_wrd,5A,5,Other,Merlan-1994,
5A-hai,http://wals.info/languoid/lect/wals_code_hai,5A,5,Other,Sapir-1923,
5A-kmu,http://wals.info/languoid/lect/wals_code_kmu,5A,5,Other,Svantesson-1983,
5A-usa,http://wals.info/languoid/lect/wals_code_usa,5A,5,Other,Reesink-1987,
5A-pai,http://wals.info/languoid/lect/wals_code_pai,5A,5,None missing in /p t k b d g/,Ho-1977;Ferrel-1982,
5A-ung,http://wals.info/languoid/lect/wals_code_ung,5A,5,Other,Coate-and-Oates-1970;Coate-and-Elkin-1974;Rumsey-1982,
5A-bej,http://wals.info/languoid/lect/wals_code_bej,5A,5,Missing /p/,Hudson-1974;Hudson-1976b,
5A-dre,http://wals.info/languoid/lect/wals_code_dre,5A,5,None missing in /p t k b d g/,Moyse-Faurie-1983,
5A-gar,http://wals.info/languoid/lect/wals_code_gar,5A,5,None missing in /p t k b d g/,Burling-1961,
5A-pms,http://wals.info/languoid/lect/wals_code_pms,5A,5,Other,Crowley-1982,
5A-mss,http://wals.info/languoid/lect/wals_code_mss,5A,5,Other,Freeland-1951;Broadbent-1964,
5A-sml,http://wals.info/languoid/lect/wals_code_sml,5A,5,None missing in /p t k b d g/,Kruspe-1999,
5A-yur,http://wals.info/languoid/lect/wals_code_yur,5A,5,Other,Robins-1958,
5A-dag,http://wals.info/languoid/lect/wals_code_dag,5A,5,None missing in /p t k b d g/,Murane-1974,
5A-otm,http://wals.info/languoid/lect/wals_code_otm,5A,5,None missing in /p t k b d g/,Sinclair-and-Pike-1948;Wallis-1968;Hess-1968,
5A-igb,http://wals.info/languoid/lect/wals_code_igb,5A,5,None missing in /p t k b d g/,Ikekeonwu-1999,
5A-nez,http://wals.info/languoid/lect/wals_code_nez,5A,5,Other,Aoki-1994,
5A-brh,http://wals.info/languoid/lect/wals_code_brh,5A,5,None missing in /p t k b d g/,De-Armond-1975;Emeneau-1937;Emeneau-1962,
5A-cah,http://wals.info/languoid/lect/wals_code_cah,5A,5,Other,Sauvel-and-Munro-1981;Seiler-1977;Bright-1965b,
5A-cle,http://wals.info/languoid/lect/wals_code_cle,5A,5,None missing in /p t k b d g/,Rupp-1989;Rupp-1990,
5A-knm,http://wals.info/languoid/lect/wals_code_knm,5A,5,Missing /p/,Bender-1996,
5A-nav,http://wals.info/languoid/lect/wals_code_nav,5A,5,Other,Young-and-Morgan-1972;Sapir-and-Hoijer-1967,
5A-zqc,http://wals.info/languoid/lect/wals_code_zqc,5A,5,Other,Wonderly-1951a,
5A-bkr,http://wals.info/languoid/lect/wals_code_bkr,5A,5,None missing in /p t k b d g/,Woollams-1996,
5A-cmn,http://wals.info/languoid/lect/wals_code_cmn,5A,5,Other,Charney-1993;Wistrand-Robinson-and-Armagost-1990,
5A-nko,http://wals.info/languoid/lect/wals_code_nko,5A,5,None missing in /p t k b d g/,Taylor-1985,
5A-squ,http://wals.info/languoid/lect/wals_code_squ,5A,5,Other,Kuipers-1967,
5A-tru,http://wals.info/languoid/lect/wals_code_tru,5A,5,Other,Guirardello-1992;Guirardello-1999b;Monod-Becquelin-1975,
5A-dni,http://wals.info/languoid/lect/wals_code_dni,5A,5,Other,Bromley-1961;van-der-Stap-1966,
5A-nen,http://wals.info/languoid/lect/wals_code_nen,5A,5,Other,Hajdu-1963;Tereshchenko-1966a;Ristinen-1968;Katz-1975a;Decsy-1966;Ristinen-1965,
5A-urk,http://wals.info/languoid/lect/wals_code_urk,5A,5,Other,Kakumasu-1986,
5A-coo,http://wals.info/languoid/lect/wals_code_coo,5A,5,None missing in /p t k b d g/,Zenk-1990,
5A-cre,http://wals.info/languoid/lect/wals_code_cre,5A,5,Other,Dahlstrom-1991;Vinay-1992,
5A-nht,http://wals.info/languoid/lect/wals_code_nht,5A,5,Other,Tuggy-1979,
5A-yim,http://wals.info/languoid/lect/wals_code_yim,5A,5,Other,Foley-1991,
5A-ika,http://wals.info/languoid/lect/wals_code_ika,5A,5,None missing in /p t k b d g/,Frank-1990;Tracy-and-Tracy-1973,
5A-kse,http://wals.info/languoid/lect/wals_code_kse,5A,5,Missing /p/,Prost-1956;Williamson-1967,
5A-mun,http://wals.info/languoid/lect/wals_code_mun,5A,5,None missing in /p t k b d g/,Gumperz-and-Bilibiri-1957;Pinnow-1959;Sinha-1975,
5A-yid,http://wals.info/languoid/lect/wals_code_yid,5A,5,Other,Dixon-1977a,
5A-krk,http://wals.info/languoid/lect/wals_code_krk,5A,5,Other,Bright-1957,
5A-tab,http://wals.info/languoid/lect/wals_code_tab,5A,5,None missing in /p t k b d g/,Bowden-1997a;Bowden-and-Hajek-1999,
5A-aco,http://wals.info/languoid/lect/wals_code_aco,5A,5,Other,Miller-1966,
5A-pau,http://wals.info/languoid/lect/wals_code_pau,5A,5,None missing in /p t k b d g/,Chapman-and-Derbyshire-1991;Chapman-1981,
5A-arp,http://wals.info/languoid/lect/wals_code_arp,5A,5,None missing in /p t k b d g/,Conrad-and-Wogiga-1991,
5A-ond,http://wals.info/languoid/lect/wals_code_ond,5A,5,Other,Abbott-2000;Michelson-1988,
5A-asm,http://wals.info/languoid/lect/wals_code_asm,5A,5,Other,Voorhoeve-1965,
5A-ewe,http://wals.info/languoid/lect/wals_code_ewe,5A,5,None missing in /p t k b d g/,Pasch-1995,
5A-grb,http://wals.info/languoid/lect/wals_code_grb,5A,5,None missing in /p t k b d g/,Innes-1966,
5A-hmo,http://wals.info/languoid/lect/wals_code_hmo,5A,5,Other,Harriehausen-1990;Lyman-1974;Purnell-1972;Smalley-1976;Wang-1983;Wang-1985,
5A-khs,http://wals.info/languoid/lect/wals_code_khs,5A,5,Missing /g/,Rabel-1961,
5A-khm,http://wals.info/languoid/lect/wals_code_khm,5A,5,Other,Ehrman-1972b;Huffman-1970a;Huffman-1970b;Jacob-1968,
5A-kio,http://wals.info/languoid/lect/wals_code_kio,5A,5,None missing in /p t k b d g/,Sivertsen-1956;Watkins-1984,
5A-wic,http://wals.info/languoid/lect/wals_code_wic,5A,5,Other,Rood-1976,
5A-juh,http://wals.info/languoid/lect/wals_code_juh,5A,5,None missing in /p t k b d g/,Dickens-1994;Snyman-1970;Snyman-1975,
5A-klv,http://wals.info/languoid/lect/wals_code_klv,5A,5,None missing in /p t k b d g/,Senft-1986,
5A-nug,http://wals.info/languoid/lect/wals_code_nug,5A,5,Other,Hughes-and-Leeding-1971;Heath-1984,
5A-irq,http://wals.info/languoid/lect/wals_code_irq,5A,5,None missing in /p t k b d g/,Maghway-1995;Mous-1993;Nordbustad-1988;Whiteley-1958,
5A-kew,http://wals.info/languoid/lect/wals_code_kew,5A,5,Other,Franklin-and-Franklin-1962,
5A-snm,http://wals.info/languoid/lect/wals_code_snm,5A,5,Other,Aikhenvald-and-Dixon-1999;Borgman-1990,
5A-shk,http://wals.info/languoid/lect/wals_code_shk,5A,5,Other,Loriot-et-al-1993;Valenzuela-et-al-2001,
5A-epe,http://wals.info/languoid/lect/wals_code_epe,5A,5,None missing in /p t k b d g/,Harms-1984;Harms-1985;Harms-1994,
5A-ket,http://wals.info/languoid/lect/wals_code_ket,5A,5,Both missing,Dulzon-1968;Feev-1998;Krejnovich-1968a;Vajda-2000,
5A-koa,http://wals.info/languoid/lect/wals_code_koa,5A,5,Other,Haas-1944;Rising-1992,
5A-luv,http://wals.info/languoid/lect/wals_code_luv,5A,5,Other,Horton-1949,
5A-san,http://wals.info/languoid/lect/wals_code_san,5A,5,None missing in /p t k b d g/,Samarin-1967a;Samarin-1967b,
5A-bag,http://wals.info/languoid/lect/wals_code_bag,5A,5,None missing in /p t k b d g/,Stevenson-1969,
5A-hzb,http://wals.info/languoid/lect/wals_code_hzb,5A,5,None missing in /p t k b d g/,van-den-Berg-1995,
5A-ing,http://wals.info/languoid/lect/wals_code_ing,5A,5,None missing in /p t k b d g/,Nichols-1994b,
5A-mau,http://wals.info/languoid/lect/wals_code_mau,5A,5,Other,Capell-and-Hinch-1970,
5A-kfe,http://wals.info/languoid/lect/wals_code_kfe,5A,5,None missing in /p t k b d g/,Rennison-1997,
5A-ram,http://wals.info/languoid/lect/wals_code_ram,5A,5,None missing in /p t k b d g/,Grinevald-1988,
5A-wch,http://wals.info/languoid/lect/wals_code_wch,5A,5,Other,Hunt-1940;Tovar-1981;Vinas-Urquiza-1974,
5A-yag,http://wals.info/languoid/lect/wals_code_yag,5A,5,Other,Payne-1985,
5A-niv,http://wals.info/languoid/lect/wals_code_niv,5A,5,Other,Krejnovich-1937;Gruzdeva-1998,
5A-apu,http://wals.info/languoid/lect/wals_code_apu,5A,5,Other,Facundes-2000,
5A-bma,http://wals.info/languoid/lect/wals_code_bma,5A,5,Missing /p/,Penchoen-1973b;Abdel-Massih-1971,
5A-wra,http://wals.info/languoid/lect/wals_code_wra,5A,5,Other,Romero-Figueroa-1997;de-Goeje-1930;Vaquero-1965;Osborn-1966,
5A-imo,http://wals.info/languoid/lect/wals_code_imo,5A,5,Other,Seiler-1985,
5A-awp,http://wals.info/languoid/lect/wals_code_awp,5A,5,Other,Curnow-1997,
5A-kob,http://wals.info/languoid/lect/wals_code_kob,5A,5,Other,Davies-1980;Davies-1981b,
5A-lat,http://wals.info/languoid/lect/wals_code_lat,5A,5,None missing in /p t k b d g/,Mathiassen-1997,
5A-mar,http://wals.info/languoid/lect/wals_code_mar,5A,5,Other,Gordon-1986,
5A-ala,http://wals.info/languoid/lect/wals_code_ala,5A,5,None missing in /p t k b d g/,Bruce-1984,
5A-goo,http://wals.info/languoid/lect/wals_code_goo,5A,5,Other,McGregor-1990,
5A-kut,http://wals.info/languoid/lect/wals_code_kut,5A,5,Other,Garvin-1948a;Morgan-1991,
5A-mxc,http://wals.info/languoid/lect/wals_code_mxc,5A,5,Other,Macaulay-1996,
5A-lav,http://wals.info/languoid/lect/wals_code_lav,5A,5,Missing /g/,Terrill-1999,
5A-rap,http://wals.info/languoid/lect/wals_code_rap,5A,5,Other,Du-Feu-1996,
5A-ain,http://wals.info/languoid/lect/wals_code_ain,5A,5,Other,Simeon-1969;Patrie-1982,
5A-jak,http://wals.info/languoid/lect/wals_code_jak,5A,5,Other,Craig-1977;Day-1973,
5A-lkt,http://wals.info/languoid/lect/wals_code_lkt,5A,5,Other,Carter-1974,
5A-mrt,http://wals.info/languoid/lect/wals_code_mrt,5A,5,Other,Dench-1995,
5A-prh,http://wals.info/languoid/lect/wals_code_prh,5A,5,Other,Everett-1986,
5A-war,http://wals.info/languoid/lect/wals_code_war,5A,5,Other,Everett-and-Kern-1997;MacEachern-et-al-1997,
5A-gua,http://wals.info/languoid/lect/wals_code_gua,5A,5,Other,Lunt-1973;Gregores-and-Suarez-1967;Uldall-1956,
5A-kho,http://wals.info/languoid/lect/wals_code_kho,5A,5,Other,Ladefoged-and-Traill-1984;Vossen-1997;Hagman-1977,
5A-mei,http://wals.info/languoid/lect/wals_code_mei,5A,5,None missing in /p t k b d g/,Bhat-and-Ningomba-1997;Chelliah-1997,
5A-ngi,http://wals.info/languoid/lect/wals_code_ngi,5A,5,Other,Donaldson-1980,
5A-brm,http://wals.info/languoid/lect/wals_code_brm,5A,5,None missing in /p t k b d g/,Watkins-2001;Okell-1969,
5A-kro,http://wals.info/languoid/lect/wals_code_kro,5A,5,Other,Reh-1985,
5A-myi,http://wals.info/languoid/lect/wals_code_myi,5A,5,Other,Merlan-1982,
5A-tiw,http://wals.info/languoid/lect/wals_code_tiw,5A,5,Other,Lee-1984;Anderson-and-Maddieson-1994;Lee-1983;Osborne-1974,
5A-knr,http://wals.info/languoid/lect/wals_code_knr,5A,5,Missing /p/,Awobuluyi-1971;Hutchison-1981;Lukas-1937,
5A-kay,http://wals.info/languoid/lect/wals_code_kay,5A,5,Other,Evans-1995,
5A-map,http://wals.info/languoid/lect/wals_code_map,5A,5,Other,Smeets-1989,
5A-yor,http://wals.info/languoid/lect/wals_code_yor,5A,5,Missing /p/,Bamgbose-1966,
5A-yko,http://wals.info/languoid/lect/wals_code_yko,5A,5,None missing in /p t k b d g/,Maslova-1999,
5A-may,http://wals.info/languoid/lect/wals_code_may,5A,5,Other,Dol-1999,
5A-tuk,http://wals.info/languoid/lect/wals_code_tuk,5A,5,Other,Donohue-1999c;Donohue-1999a,
5A-bur,http://wals.info/languoid/lect/wals_code_bur,5A,5,None missing in /p t k b d g/,Morgenstierne-1945;Anderson-1997b,
5A-cha,http://wals.info/languoid/lect/wals_code_cha,5A,5,None missing in /p t k b d g/,Seiden-1960;Topping-1973,
5A-chk,http://wals.info/languoid/lect/wals_code_chk,5A,5,Other,Krause-1980;Skorik-1961;Skorik-1968,
5A-fij,http://wals.info/languoid/lect/wals_code_fij,5A,5,Other,Dixon-1988,
5A-lan,http://wals.info/languoid/lect/wals_code_lan,5A,5,None missing in /p t k b d g/,Okello-1975,
5A-orh,http://wals.info/languoid/lect/wals_code_orh,5A,5,Missing /p/,Owens-1985,
5A-tha,http://wals.info/languoid/lect/wals_code_tha,5A,5,Missing /g/,Noss-1964;Abramson-1962;Haas-1964;Kalaya-and-Abramson-1999;Kruatrachue-1960;Noss-1954,
5A-yaq,http://wals.info/languoid/lect/wals_code_yaq,5A,5,Other,Dedrick-and-Casad-1999;Kurath-and-Spicer-1947,
5A-zul,http://wals.info/languoid/lect/wals_code_zul,5A,5,Other,Canonici-1989;Poulos-and-Msimang-1998;Doke-1926;Doke-1961;Poulos-and-Bosch-1997;Ziervogel-et-al-1981,
5A-sla,http://wals.info/languoid/lect/wals_code_sla,5A,5,Other,Rice-1976;Rice-1978;Rice-1989,
5A-aeg,http://wals.info/languoid/lect/wals_code_aeg,5A,5,Missing /p/,Kennedy-1960;Mitchell-1962;Tomiche-1964,
5A-grw,http://wals.info/languoid/lect/wals_code_grw,5A,5,Other,Rischel-1974,
5A-hix,http://wals.info/languoid/lect/wals_code_hix,5A,5,Missing /g/,Derbyshire-1985,
5A-swa,http://wals.info/languoid/lect/wals_code_swa,5A,5,None missing in /p t k b d g/,Polome-nd,
5A-vie,http://wals.info/languoid/lect/wals_code_vie,5A,5,Other,Emeneau-1951;Thompson-1965;Nguyen-1990;Nguyen-1974a,
5A-hin,http://wals.info/languoid/lect/wals_code_hin,5A,5,None missing in /p t k b d g/,Kelkar-1968;Ohala-1983;Ohala-1999,
5A-ckr,http://wals.info/languoid/lect/wals_code_ckr,5A,5,Other,Popjes-and-Popjes-1986,
5A-tag,http://wals.info/languoid/lect/wals_code_tag,5A,5,None missing in /p t k b d g/,Bloomfield-1917;Schachter-and-Otanes-1972,
5A-geo,http://wals.info/languoid/lect/wals_code_geo,5A,5,Other,Tschenkeli-1958;Vogt-1938;Vogt-1971;Robins-and-Waterson-1952;Vogt-1958;Selmer-1935;Neisser-1953;Hewitt-1995,
5A-knd,http://wals.info/languoid/lect/wals_code_knd,5A,5,None missing in /p t k b d g/,Upadhyaya-1972;Sridhar-1990;Steever-1998b,
5A-kha,http://wals.info/languoid/lect/wals_code_kha,5A,5,None missing in /p t k b d g/,Street-1963;Luvsanvandan-1964;Svantesson-1985;Hangin-1968,
5A-mal,http://wals.info/languoid/lect/wals_code_mal,5A,5,None missing in /p t k b d g/,Dahl-1952;Dyen-1971b,
5A-sup,http://wals.info/languoid/lect/wals_code_sup,5A,5,Missing /g/,Carlson-1994,
5A-hau,http://wals.info/languoid/lect/wals_code_hau,5A,5,Missing /p/,Newman-2000;Schuh-and-Bagari-1999,
5A-mao,http://wals.info/languoid/lect/wals_code_mao,5A,5,Other,Bauer-1993,
5A-bsq,http://wals.info/languoid/lect/wals_code_bsq,5A,5,None missing in /p t k b d g/,Saltarelli-et-al-1988,
5A-abk,http://wals.info/languoid/lect/wals_code_abk,5A,5,None missing in /p t k b d g/,Hewitt-1979,
5A-eve,http://wals.info/languoid/lect/wals_code_eve,5A,5,None missing in /p t k b d g/,Nedjalkov-1997;Bulatova-and-Grenoble-1999,
5A-kor,http://wals.info/languoid/lect/wals_code_kor,5A,5,Other,Cho-1967;Kim-1986;Martin-1951;Kim-1972;Lee-1999;Martin-and-Lee-1969;Martin-1954,
5A-prs,http://wals.info/languoid/lect/wals_code_prs,5A,5,None missing in /p t k b d g/,Majidi-and-Ternes-1999;Obolensky-et-al-1963,
5A-ame,http://wals.info/languoid/lect/wals_code_ame,5A,5,Missing /p/,Roberts-1987,
5A-ger,http://wals.info/languoid/lect/wals_code_ger,5A,5,None missing in /p t k b d g/,Kohler-1999;Wangler-1972;Moulton-1962,
5A-grk,http://wals.info/languoid/lect/wals_code_grk,5A,5,None missing in /p t k b d g/,Householder-et-al-1964,
5A-lez,http://wals.info/languoid/lect/wals_code_lez,5A,5,None missing in /p t k b d g/,Haspelmath-1993;Kodzasov-1990a,
5A-jpn,http://wals.info/languoid/lect/wals_code_jpn,5A,5,None missing in /p t k b d g/,Bloch-1950;Martin-1952;Shibatani-1990;Jorden-1963,
5A-mnd,http://wals.info/languoid/lect/wals_code_mnd,5A,5,Other,Chao-1968;Dow-1972;Hanyu-1960;Cheng-1973a,
5A-hun,http://wals.info/languoid/lect/wals_code_hun,5A,5,None missing in /p t k b d g/,Banhidi-et-al-1965;Szende-1999;Hall-1944,
5A-ind,http://wals.info/languoid/lect/wals_code_ind,5A,5,None missing in /p t k b d g/,Alwi-et-al-1998,
5A-fin,http://wals.info/languoid/lect/wals_code_fin,5A,5,None missing in /p t k b d g/,Harms-1964;Wiik-1965;Lehtinen-1970,
5A-rus,http://wals.info/languoid/lect/wals_code_rus,5A,5,None missing in /p t k b d g/,Halle-1959;Jones-and-Ward-1969,
5A-spa,http://wals.info/languoid/lect/wals_code_spa,5A,5,Other,Navarro-1961;Saporta-and-Contreras-1962;Harris-1969a,
5A-tur,http://wals.info/languoid/lect/wals_code_tur,5A,5,None missing in /p t k b d g/,Zimmer-and-Orgun-1999,
5A-fre,http://wals.info/languoid/lect/wals_code_fre,5A,5,None missing in /p t k b d g/,Sten-1963;Fougeron-and-Smith-1999,
5A-eng,http://wals.info/languoid/lect/wals_code_eng,5A,5,None missing in /p t k b d g/,Gimson-1970,
5A-ndy,http://wals.info/languoid/lect/wals_code_ndy,5A,5,None missing in /p t k b d g/,Huttar-and-Huttar-1994;Huttar-and-Huttar-1972,
