ID,Language_ID,Parameter_ID,Contribution_ID,Value,Source,Comment
90C-rag,http://wals.info/languoid/lect/wals_code_rag,90C,90,Noun-Relative clause (NRel) dominant,Crowley-2002c[ 631],
90C-zhn,http://wals.info/languoid/lect/wals_code_zhn,90C,90,Noun-Relative clause (NRel) dominant,Yongxian-Luo-2008[307],
90C-cnm,http://wals.info/languoid/lect/wals_code_cnm,90C,90,Noun-Relative clause (NRel) dominant,,
90C-kyo,http://wals.info/languoid/lect/wals_code_kyo,90C,90,Noun-Relative clause (NRel) dominant,Mukash-Kalel-1982[ 260-261],
90C-klg,http://wals.info/languoid/lect/wals_code_klg,90C,90,NRel or RelN,Tolsma-1999[ 91-92],
90C-lgt,http://wals.info/languoid/lect/wals_code_lgt,90C,90,Noun-Relative clause (NRel) dominant,Tucker-1967[ 265],
90C-nif,http://wals.info/languoid/lect/wals_code_nif,90C,90,Noun-Relative clause (NRel) dominant,Early-2002[ 855],
90C-tpt,http://wals.info/languoid/lect/wals_code_tpt,90C,90,Noun-Relative clause (NRel) dominant,Gonzalez-2005[ 230],
90C-zzo,http://wals.info/languoid/lect/wals_code_zzo,90C,90,Noun-Relative clause (NRel) dominant,Sonnenschein-2005[ 157],
90C-anu,http://wals.info/languoid/lect/wals_code_anu,90C,90,Noun-Relative clause (NRel) dominant,Smye-2004[ 31],
90C-mrq,http://wals.info/languoid/lect/wals_code_mrq,90C,90,Noun-Relative clause (NRel) dominant,Lynch-2002a[ 871-872],
90C-tmm,http://wals.info/languoid/lect/wals_code_tmm,90C,90,Noun-Relative clause (NRel) dominant,Jauncey-2002[ 614],
90C-hoa,http://wals.info/languoid/lect/wals_code_hoa,90C,90,Noun-Relative clause (NRel) dominant,"Davis-2003[ 34, 97]",
90C-skr,http://wals.info/languoid/lect/wals_code_skr,90C,90,Noun-Relative clause (NRel) dominant,Martin-1986[passim],
90C-bik,http://wals.info/languoid/lect/wals_code_bik,90C,90,Noun-Relative clause (NRel) dominant,van-den-Heuvel-2006[ 201-202],
90C-hwr,http://wals.info/languoid/lect/wals_code_hwr,90C,90,Noun-Relative clause (NRel) dominant,MacKenzie-1966[ 59],
90C-hdi,http://wals.info/languoid/lect/wals_code_hdi,90C,90,Noun-Relative clause (NRel) dominant,Frajzyngier-and-Shay-2002[ 401],
90C-bok,http://wals.info/languoid/lect/wals_code_bok,90C,90,Noun-Relative clause (NRel) dominant,,
90C-uli,http://wals.info/languoid/lect/wals_code_uli,90C,90,Noun-Relative clause (NRel) dominant,Lynch-2002b[ 799],
90C-sea,http://wals.info/languoid/lect/wals_code_sea,90C,90,Noun-Relative clause (NRel) dominant,Crowley-2002b[ 664],
90C-bsr,http://wals.info/languoid/lect/wals_code_bsr,90C,90,Noun-Relative clause (NRel) dominant,Ferry-1981[ 59],
90C-des,http://wals.info/languoid/lect/wals_code_des,90C,90,Noun-Relative clause (NRel) dominant,Miller-1999[ 6],
90C-mud,http://wals.info/languoid/lect/wals_code_mud,90C,90,Noun-Relative clause (NRel) dominant,Parker-1989[ 173-174],
90C-hol,http://wals.info/languoid/lect/wals_code_hol,90C,90,Noun-Relative clause (NRel) dominant,Coupez-1955[ 121],
90C-skn,http://wals.info/languoid/lect/wals_code_skn,90C,90,Noun-Relative clause (NRel) dominant,Queixalos-2000[ 311ff],
90C-chj,http://wals.info/languoid/lect/wals_code_chj,90C,90,Noun-Relative clause (NRel) dominant,Hopkins-1967[ 154-155],
90C-kbt,http://wals.info/languoid/lect/wals_code_kbt,90C,90,Noun-Relative clause (NRel) dominant,Stilo-2005[passim],
90C-klr,http://wals.info/languoid/lect/wals_code_klr,90C,90,Noun-Relative clause (NRel) dominant,Stilo-2005[passim],
90C-tls,http://wals.info/languoid/lect/wals_code_tls,90C,90,Noun-Relative clause (NRel) dominant,Stilo-2005[passim],
90C-tat,http://wals.info/languoid/lect/wals_code_tat,90C,90,Noun-Relative clause (NRel) dominant,"Dunn-and-Peck-1988[ 207, 210]",
90C-tai,http://wals.info/languoid/lect/wals_code_tai,90C,90,Noun-Relative clause (NRel) dominant,Galand-1974[ 38],
90C-bfi,http://wals.info/languoid/lect/wals_code_bfi,90C,90,Noun-Relative clause (NRel) dominant,Guarisma-1973[ 230],
90C-gnd,http://wals.info/languoid/lect/wals_code_gnd,90C,90,Noun-Relative clause (NRel) dominant,Newman-1971[ 89],
90C-leg,http://wals.info/languoid/lect/wals_code_leg,90C,90,Noun-Relative clause (NRel) dominant,Meeussen-1971[ 445],
90C-abo,http://wals.info/languoid/lect/wals_code_abo,90C,90,Noun-Relative clause (NRel) dominant,Hayward-1984[ 314],
90C-bob,http://wals.info/languoid/lect/wals_code_bob,90C,90,Noun-Relative clause (NRel) dominant,Whitehead-1899[ 69-70],
90C-ktc,http://wals.info/languoid/lect/wals_code_ktc,90C,90,Noun-Relative clause (NRel) dominant,Stevenson-1957[ 63-64],
90C-kwz,http://wals.info/languoid/lect/wals_code_kwz,90C,90,Noun-Relative clause (NRel) dominant,van-der-Voort-2004[ 188],
90C-nal,http://wals.info/languoid/lect/wals_code_nal,90C,90,Noun-Relative clause (NRel) dominant,Volker-1998[ 109],
90C-bug,http://wals.info/languoid/lect/wals_code_bug,90C,90,Noun-Relative clause (NRel) dominant,Samsuri-1965[ 154-155],
90C-day,http://wals.info/languoid/lect/wals_code_day,90C,90,Noun-Relative clause (NRel) dominant,Nougayrol-1979[ 143ff],
90C-fon,http://wals.info/languoid/lect/wals_code_fon,90C,90,Noun-Relative clause (NRel) dominant,"Lefebvre-and-Brousseau-2002[ 53, 56]",
90C-kgr,http://wals.info/languoid/lect/wals_code_kgr,90C,90,Noun-Relative clause (NRel) dominant,Last-1886[ 47-49],
90C-mus,http://wals.info/languoid/lect/wals_code_mus,90C,90,Noun-Relative clause (NRel) dominant,Ross-2002b[ 159],
90C-rsu,http://wals.info/languoid/lect/wals_code_rsu,90C,90,Noun-Relative clause (NRel) dominant,Haiman-1988[ 371-372],
90C-ron,http://wals.info/languoid/lect/wals_code_ron,90C,90,Noun-Relative clause (NRel) dominant,Seibert-1998[ 71],
90C-shb,http://wals.info/languoid/lect/wals_code_shb,90C,90,Noun-Relative clause (NRel) dominant,Teferra-and-Unseth-1989[ 416],
90C-bbl,http://wals.info/languoid/lect/wals_code_bbl,90C,90,Noun-Relative clause (NRel) dominant,Leitch-1994[ 192],
90C-bku,http://wals.info/languoid/lect/wals_code_bku,90C,90,Noun-Relative clause (NRel) dominant,Kagaya-1992[ 61-63],
90C-bbu,http://wals.info/languoid/lect/wals_code_bbu,90C,90,Noun-Relative clause (NRel) dominant,Santandrea-1965b[ 200],
90C-kte,http://wals.info/languoid/lect/wals_code_kte,90C,90,Noun-Relative clause (NRel) dominant,Kamba-Muzenga-1980[ 174-175],
90C-kyq,http://wals.info/languoid/lect/wals_code_kyq,90C,90,Noun-Relative clause (NRel) dominant,"Rose-1981[ 128, 132-134, 135]",
90C-mdo,http://wals.info/languoid/lect/wals_code_mdo,90C,90,Noun-Relative clause (NRel) dominant,Boyd-1997[ 80],
90C-msm,http://wals.info/languoid/lect/wals_code_msm,90C,90,Noun-Relative clause (NRel) dominant,Holzknecht-1997b[ 101-102],
90C-sob,http://wals.info/languoid/lect/wals_code_sob,90C,90,Noun-Relative clause (NRel) dominant,Sterner-and-Ross-2002[ 175],
90C-trm,http://wals.info/languoid/lect/wals_code_trm,90C,90,Noun-Relative clause (NRel) dominant,Bryant-1999[ 115],
90C-tke,http://wals.info/languoid/lect/wals_code_tke,90C,90,Noun-Relative clause (NRel) dominant,Hooper-1996[ 40],
90C-toz,http://wals.info/languoid/lect/wals_code_toz,90C,90,Noun-Relative clause (NRel) dominant,Collins-1962[ 101-108],
90C-bni,http://wals.info/languoid/lect/wals_code_bni,90C,90,Noun-Relative clause (NRel) dominant,"Dunn-1968[ 209-210, passim, 213]",
90C-cld,http://wals.info/languoid/lect/wals_code_cld,90C,90,Noun-Relative clause (NRel) dominant,Sara-1974[ 101],
90C-deg,http://wals.info/languoid/lect/wals_code_deg,90C,90,Noun-Relative clause (NRel) dominant,Kari-1997[ 51],
90C-hei,http://wals.info/languoid/lect/wals_code_hei,90C,90,Noun-Relative clause (NRel) dominant,Rath-1981[ 90],
90C-isa,http://wals.info/languoid/lect/wals_code_isa,90C,90,Noun-Relative clause (NRel) dominant,"Donohue-and-San-Roque-2002[ 83, 89]",
90C-msk,http://wals.info/languoid/lect/wals_code_msk,90C,90,Noun-Relative clause (NRel) dominant,Tucker-and-Bryan-1966[ 282],
90C-mof,http://wals.info/languoid/lect/wals_code_mof,90C,90,Noun-Relative clause (NRel) dominant,Barreteau-1988[ 67],
90C-mgo,http://wals.info/languoid/lect/wals_code_mgo,90C,90,Noun-Relative clause (NRel) dominant,"Hulstaert-1966[ 140, 145]",
90C-mdg,http://wals.info/languoid/lect/wals_code_mdg,90C,90,Noun-Relative clause (NRel) dominant,Elders-2000[ 523-527],
90C-sle,http://wals.info/languoid/lect/wals_code_sle,90C,90,Noun-Relative clause (NRel) dominant,Fabre-2003[ 214ff],
90C-taf,http://wals.info/languoid/lect/wals_code_taf,90C,90,Noun-Relative clause (NRel) dominant,Ross-2002g[ 432],
90C-tnk,http://wals.info/languoid/lect/wals_code_tnk,90C,90,Noun-Relative clause (NRel) dominant,Fast-1990[ 55],
90C-vaf,http://wals.info/languoid/lect/wals_code_vaf,90C,90,Noun-Relative clause (NRel) dominant,Stilo-2005[ passim],
90C-all,http://wals.info/languoid/lect/wals_code_all,90C,90,Noun-Relative clause (NRel) dominant,"Lanyon-Orgill-1943[ 649, passim];Symonds-1989[ 72];Ross-2002d[ 352]",
90C-awe,http://wals.info/languoid/lect/wals_code_awe,90C,90,Noun-Relative clause (NRel) dominant,Strehlow-1944[ 100-101],
90C-bka,http://wals.info/languoid/lect/wals_code_bka,90C,90,Noun-Relative clause (NRel) dominant,Santandrea-1976[ passim],
90C-bid,http://wals.info/languoid/lect/wals_code_bid,90C,90,Noun-Relative clause (NRel) dominant,Alio-1986[ 222],
90C-kpw,http://wals.info/languoid/lect/wals_code_kpw,90C,90,Noun-Relative clause (NRel) dominant,Kato-2003[ 641],
90C-lew,http://wals.info/languoid/lect/wals_code_lew,90C,90,Noun-Relative clause (NRel) dominant,Early-1994a[ 186],
90C-mds,http://wals.info/languoid/lect/wals_code_mds,90C,90,Noun-Relative clause (NRel) dominant,"Wantalangi-1993[ 51, 89ff]",
90C-mur,http://wals.info/languoid/lect/wals_code_mur,90C,90,Noun-Relative clause (NRel) dominant,Turton-and-Bender-1976[ 555],
90C-nat,http://wals.info/languoid/lect/wals_code_nat,90C,90,Noun-Relative clause (NRel) dominant,Swanton-1991[ 109-110],
90C-neh,http://wals.info/languoid/lect/wals_code_neh,90C,90,Noun-Relative clause (NRel) dominant,Todd-1978[ 1208],
90C-nku,http://wals.info/languoid/lect/wals_code_nku,90C,90,Noun-Relative clause (NRel) dominant,"Abdel-Hafiz-1988[ 205, 207, 211]",
90C-pod,http://wals.info/languoid/lect/wals_code_pod,90C,90,Noun-Relative clause (NRel) dominant,Jarvis-1989[ 68],
90C-sgu,http://wals.info/languoid/lect/wals_code_sgu,90C,90,Noun-Relative clause (NRel) dominant,Idiata-1998[ 73-74],
90C-sht,http://wals.info/languoid/lect/wals_code_sht,90C,90,Noun-Relative clause (NRel) dominant,Tucker-and-Bryan-1966[ 239],
90C-sir,http://wals.info/languoid/lect/wals_code_sir,90C,90,Noun-Relative clause (NRel) dominant,Ross-2002f[ 419],
90C-sud,http://wals.info/languoid/lect/wals_code_sud,90C,90,Noun-Relative clause (NRel) dominant,Anderson-and-Ross-2002[ 331],
90C-tbt,http://wals.info/languoid/lect/wals_code_tbt,90C,90,Noun-Relative clause (NRel) dominant,Donohue-2002[ 193],
90C-tgn,http://wals.info/languoid/lect/wals_code_tgn,90C,90,Noun-Relative clause (NRel) dominant,"Hinton-1991[ 45, 55]",
90C-adz,http://wals.info/languoid/lect/wals_code_adz,90C,90,Noun-Relative clause (NRel) dominant,Holzknecht-1986[ 111],
90C-azi,http://wals.info/languoid/lect/wals_code_azi,90C,90,NRel or RelN,Dehghani-2000[ 268],
90C-bus,http://wals.info/languoid/lect/wals_code_bus,90C,90,Noun-Relative clause (NRel) dominant,"Wedekind-1972[ 23-24, 141-142]",
90C-cav,http://wals.info/languoid/lect/wals_code_cav,90C,90,Noun-Relative clause (NRel) dominant,Guillaume-2004[422],
90C-djm,http://wals.info/languoid/lect/wals_code_djm,90C,90,Noun-Relative clause (NRel) dominant,Buchanan-1978[ 173],
90C-gnb,http://wals.info/languoid/lect/wals_code_gnb,90C,90,Noun-Relative clause (NRel) dominant,Coleman-1982[ 55-56],
90C-kel,http://wals.info/languoid/lect/wals_code_kel,90C,90,Noun-Relative clause (NRel) dominant,Ross-2002k[ 135],
90C-kir,http://wals.info/languoid/lect/wals_code_kir,90C,90,Noun-Relative clause (NRel) dominant,Prost-1964b[ 46],
90C-myn,http://wals.info/languoid/lect/wals_code_myn,90C,90,Noun-Relative clause (NRel) dominant,Gudai-1988[ 98],
90C-mpu,http://wals.info/languoid/lect/wals_code_mpu,90C,90,Noun-Relative clause (NRel) dominant,Ode-2002[ 64],
90C-sgb,http://wals.info/languoid/lect/wals_code_sgb,90C,90,Noun-Relative clause (NRel) dominant,Reesink-2002[ 525],
90C-swt,http://wals.info/languoid/lect/wals_code_swt,90C,90,Noun-Relative clause (NRel) dominant,Ziervogel-1952[ 170],
90C-thy,http://wals.info/languoid/lect/wals_code_thy,90C,90,Noun-Relative clause (NRel) dominant,,
90C-bvi,http://wals.info/languoid/lect/wals_code_bvi,90C,90,Noun-Relative clause (NRel) dominant,Ross-2002c[ 372],
90C-gap,http://wals.info/languoid/lect/wals_code_gap,90C,90,Noun-Relative clause (NRel) dominant,McGuckin-2002[ 305],
90C-gel,http://wals.info/languoid/lect/wals_code_gel,90C,90,Noun-Relative clause (NRel) dominant,Crowley-2002a[ 531],
90C-iau,http://wals.info/languoid/lect/wals_code_iau,90C,90,Noun-Relative clause (NRel) dominant,Bateman-1986[ passim],
90C-ken,http://wals.info/languoid/lect/wals_code_ken,90C,90,Noun-Relative clause (NRel) dominant,Vandame-1968[ 21-22],
90C-kje,http://wals.info/languoid/lect/wals_code_kje,90C,90,Noun-Relative clause (NRel) dominant,Cook-and-Criswell-1993[ iv],
90C-lmh,http://wals.info/languoid/lect/wals_code_lmh,90C,90,Noun-Relative clause (NRel) dominant,Nishiyama-and-Kelen-2007[ 126],
90C-mco,http://wals.info/languoid/lect/wals_code_mco,90C,90,Noun-Relative clause (NRel) dominant,Van-Haitsma-and-Van-Haitsma-1976[ 73],
90C-nza,http://wals.info/languoid/lect/wals_code_nza,90C,90,Noun-Relative clause (NRel) dominant,Santandrea-1965b[ 198],
90C-plg,http://wals.info/languoid/lect/wals_code_plg,90C,90,Noun-Relative clause (NRel) dominant,Milne-1921[ passim],
90C-pre,http://wals.info/languoid/lect/wals_code_pre,90C,90,Noun-Relative clause (NRel) dominant,"Kagaya-1989[ 52, 53]",
90C-pat,http://wals.info/languoid/lect/wals_code_pat,90C,90,Noun-Relative clause (NRel) dominant,Lauck-1976[ passim],
90C-rov,http://wals.info/languoid/lect/wals_code_rov,90C,90,Noun-Relative clause (NRel) dominant,Corston-Oliver-2002[ 480],
90C-tny,http://wals.info/languoid/lect/wals_code_tny,90C,90,Noun-Relative clause (NRel) dominant,Prost-1964h[ 228-229],
90C-aml,http://wals.info/languoid/lect/wals_code_aml,90C,90,Noun-Relative clause (NRel) dominant,Hyslop-2001[ 105],
90C-apw,http://wals.info/languoid/lect/wals_code_apw,90C,90,Noun-Relative clause (NRel) dominant,Edgerton-1963[ 119],
90C-bsh,http://wals.info/languoid/lect/wals_code_bsh,90C,90,Noun-Relative clause (NRel) dominant,Edmiston-1932[ 192],
90C-dom,http://wals.info/languoid/lect/wals_code_dom,90C,90,Noun-Relative clause (NRel) dominant,Macalister-1914[ 23-24],
90C-gah,http://wals.info/languoid/lect/wals_code_gah,90C,90,NRel or RelN,Deibler-1976[ 45],
90C-hya,http://wals.info/languoid/lect/wals_code_hya,90C,90,Noun-Relative clause (NRel) dominant,Byarushengo-1977[ 12],
90C-hid,http://wals.info/languoid/lect/wals_code_hid,90C,90,Noun-Relative clause (NRel) dominant,"Matthews-1965[ 49, 167]",
90C-idn,http://wals.info/languoid/lect/wals_code_idn,90C,90,Noun-Relative clause (NRel) dominant,Huckett-1974[ 90-91],
90C-ila,http://wals.info/languoid/lect/wals_code_ila,90C,90,Noun-Relative clause (NRel) dominant,"Smith-1907[ 235, 240]",
90C-kni,http://wals.info/languoid/lect/wals_code_kni,90C,90,Noun-Relative clause (NRel) dominant,Cahill-1999[ 17],
90C-mmb,http://wals.info/languoid/lect/wals_code_mmb,90C,90,Noun-Relative clause (NRel) dominant,Bugenhagen-1995[ 15],
90C-mas,http://wals.info/languoid/lect/wals_code_mas,90C,90,Noun-Relative clause (NRel) dominant,Caitucoli-1986[ 46-48],
90C-mea,http://wals.info/languoid/lect/wals_code_mea,90C,90,Noun-Relative clause (NRel) dominant,Gravelle-2004[ 167],
90C-mga,http://wals.info/languoid/lect/wals_code_mga,90C,90,Noun-Relative clause (NRel) dominant,De-Boeck-1952[ 57],
90C-tak,http://wals.info/languoid/lect/wals_code_tak,90C,90,Noun-Relative clause (NRel) dominant,Ross-2002h[ 230],
90C-alk,http://wals.info/languoid/lect/wals_code_alk,90C,90,Noun-Relative clause (NRel) dominant,DJernes-2002[ 258],
90C-bgr,http://wals.info/languoid/lect/wals_code_bgr,90C,90,Noun-Relative clause (NRel) dominant,Boyeldieu-2000[ 112-115],
90C-baq,http://wals.info/languoid/lect/wals_code_baq,90C,90,Noun-Relative clause (NRel) dominant,Baptista-and-Wallin-1967[ 42-44],
90C-cde,http://wals.info/languoid/lect/wals_code_cde,90C,90,Noun-Relative clause (NRel) dominant,"Hall-1988[ 53, 79, 108]",
90C-kar,http://wals.info/languoid/lect/wals_code_kar,90C,90,Noun-Relative clause (NRel) dominant,"Santandrea-1970[ passim, 181-182];Boyeldieu-1987[ 64]",
90C-klw,http://wals.info/languoid/lect/wals_code_klw,90C,90,Noun-Relative clause (NRel) dominant,"Mixco-1971[ 215, 237-238, passim]",
90C-mpr,http://wals.info/languoid/lect/wals_code_mpr,90C,90,Noun-Relative clause (NRel) dominant,Zamponi-2003a[ 30],
90C-mbr,http://wals.info/languoid/lect/wals_code_mbr,90C,90,Noun-Relative clause (NRel) dominant,Tourneux-et-al-1986[ 174-175],
90C-mxy,http://wals.info/languoid/lect/wals_code_mxy,90C,90,Noun-Relative clause (NRel) dominant,Farris-1992[ 75],
90C-orw,http://wals.info/languoid/lect/wals_code_orw,90C,90,Noun-Relative clause (NRel) dominant,"Heine-1981[ 24, passim]",
90C-wak,http://wals.info/languoid/lect/wals_code_wak,90C,90,Noun-Relative clause (NRel) dominant,Grunberg-1988b[103],
90C-aar,http://wals.info/languoid/lect/wals_code_aar,90C,90,Noun-Relative clause (NRel) dominant,Hayward-1990a[ 485],
90C-bmb,http://wals.info/languoid/lect/wals_code_bmb,90C,90,Noun-Relative clause (NRel) dominant,"Jacobs-1970[ 76, 154-155]",
90C-bum,http://wals.info/languoid/lect/wals_code_bum,90C,90,Noun-Relative clause (NRel) dominant,Tryon-2002[ 578],
90C-buu,http://wals.info/languoid/lect/wals_code_buu,90C,90,Noun-Relative clause (NRel) dominant,Grimes-1991[ 183],
90C-eud,http://wals.info/languoid/lect/wals_code_eud,90C,90,Noun-Relative clause (NRel) dominant,Shaul-1991[ 106],
90C-fri,http://wals.info/languoid/lect/wals_code_fri,90C,90,Noun-Relative clause (NRel) dominant,Tiersma-1985[ 132],
90C-gul,http://wals.info/languoid/lect/wals_code_gul,90C,90,Noun-Relative clause (NRel) dominant,Nougayrol-1999[ 87-89],
90C-kau,http://wals.info/languoid/lect/wals_code_kau,90C,90,Noun-Relative clause (NRel) dominant,Ross-2002i[ 395],
90C-koe,http://wals.info/languoid/lect/wals_code_koe,90C,90,Noun-Relative clause (NRel) dominant,Hieda-1998[ 357],
90C-kkt,http://wals.info/languoid/lect/wals_code_kkt,90C,90,Noun-Relative clause (NRel) dominant,Palmer-2002[ 505],
90C-mlu,http://wals.info/languoid/lect/wals_code_mlu,90C,90,Noun-Relative clause (NRel) dominant,Haywood-1996[ 179],
90C-mmn,http://wals.info/languoid/lect/wals_code_mmn,90C,90,Noun-Relative clause (NRel) dominant,Miller-and-Miller-1976[ 33],
90C-mno,http://wals.info/languoid/lect/wals_code_mno,90C,90,Noun-Relative clause (NRel) dominant,Norris-1986[ 165],
90C-mwo,http://wals.info/languoid/lect/wals_code_mwo,90C,90,Noun-Relative clause (NRel) dominant,Crowley-2002d[ 593],
90C-ngo,http://wals.info/languoid/lect/wals_code_ngo,90C,90,Noun-Relative clause (NRel) dominant,Ngonyani-2003[ 74],
90C-ptt,http://wals.info/languoid/lect/wals_code_ptt,90C,90,Noun-Relative clause (NRel) dominant,Sharma-2000[ passim],
90C-rwe,http://wals.info/languoid/lect/wals_code_rwe,90C,90,Noun-Relative clause (NRel) dominant,Sampson-1926[ passim],
90C-run,http://wals.info/languoid/lect/wals_code_run,90C,90,Noun-Relative clause (NRel) dominant,Nougayrol-1989[ 45],
90C-srd,http://wals.info/languoid/lect/wals_code_srd,90C,90,Noun-Relative clause (NRel) dominant,Jones-1988[ 335],
90C-see,http://wals.info/languoid/lect/wals_code_see,90C,90,Noun-Relative clause (NRel) dominant,Holmer-1996[ 74-75];Aldridge-2004[ 100],
90C-ang,http://wals.info/languoid/lect/wals_code_ang,90C,90,Noun-Relative clause (NRel) dominant,Litteral-1980[ 93],
90C-arq,http://wals.info/languoid/lect/wals_code_arq,90C,90,Noun-Relative clause (NRel) dominant,Erwin-1963[ 379-380],
90C-cak,http://wals.info/languoid/lect/wals_code_cak,90C,90,Noun-Relative clause (NRel) dominant,Garcia-Matzar-and-Rodriguez-Guajan-1997[ 259],
90C-cya,http://wals.info/languoid/lect/wals_code_cya,90C,90,Noun-Relative clause (NRel) dominant,Rasch-2002[ 82],
90C-hnd,http://wals.info/languoid/lect/wals_code_hnd,90C,90,Noun-Relative clause (NRel) dominant,Kahombo-1992[ 197ff],
90C-ktl,http://wals.info/languoid/lect/wals_code_ktl,90C,90,Noun-Relative clause (NRel) dominant,Tucker-and-Bryan-1966[ 267],
90C-kwn,http://wals.info/languoid/lect/wals_code_kwn,90C,90,Noun-Relative clause (NRel) dominant,Dammann-1957[ 34],
90C-ldu,http://wals.info/languoid/lect/wals_code_ldu,90C,90,NRel or RelN,Tucker-1967[ 396],
90C-let,http://wals.info/languoid/lect/wals_code_let,90C,90,Noun-Relative clause (NRel) dominant,van-Engelenhoven-1995[ 228],
90C-mot,http://wals.info/languoid/lect/wals_code_mot,90C,90,Noun-Relative clause (NRel) dominant,"Onishi-1994[ 223, 522]",
90C-nhm,http://wals.info/languoid/lect/wals_code_nhm,90C,90,Noun-Relative clause (NRel) dominant,Sischo-1979[ passim],
90C-paa,http://wals.info/languoid/lect/wals_code_paa,90C,90,Noun-Relative clause (NRel) dominant,"Skinner-1979[ 67, 123-126]",
90C-pkt,http://wals.info/languoid/lect/wals_code_pkt,90C,90,Noun-Relative clause (NRel) dominant,Baroja-1989[ 272];Crazzolara-1978[ 65],
90C-rny,http://wals.info/languoid/lect/wals_code_rny,90C,90,Noun-Relative clause (NRel) dominant,"Morris-and-Kirwan-1972[ 27-28, 45, 57, 224-225]",
90C-sak,http://wals.info/languoid/lect/wals_code_sak,90C,90,Noun-Relative clause (NRel) dominant,Guy-1974a[ 74],
90C-sis,http://wals.info/languoid/lect/wals_code_sis,90C,90,Noun-Relative clause (NRel) dominant,Ross-2002l[ 461],
90C-blr,http://wals.info/languoid/lect/wals_code_blr,90C,90,Noun-Relative clause (NRel) dominant,Mayo-1993[ 926],
90C-bil,http://wals.info/languoid/lect/wals_code_bil,90C,90,NRel or RelN,Obata-2003,
90C-bii,http://wals.info/languoid/lect/wals_code_bii,90C,90,Noun-Relative clause (NRel) dominant,Terrill-1998[ 61],
90C-juk,http://wals.info/languoid/lect/wals_code_juk,90C,90,Noun-Relative clause (NRel) dominant,"Shimuzu-1980[ 177];Welmers-1968b[ 64, 69]",
90C-kbl,http://wals.info/languoid/lect/wals_code_kbl,90C,90,Noun-Relative clause (NRel) dominant,Chaker-1983[ 379],
90C-maj,http://wals.info/languoid/lect/wals_code_maj,90C,90,Noun-Relative clause (NRel) dominant,"Unseth-1989[ 97, passim, 106]",
90C-mlg,http://wals.info/languoid/lect/wals_code_mlg,90C,90,Noun-Relative clause (NRel) dominant,Lohr-2002[ 252],
90C-mee,http://wals.info/languoid/lect/wals_code_mee,90C,90,Noun-Relative clause (NRel) dominant,"Will-1989[ 136, 138]",
90C-moa,http://wals.info/languoid/lect/wals_code_moa,90C,90,Noun-Relative clause (NRel) dominant,Fagan-1986[ 59-61],
90C-nhh,http://wals.info/languoid/lect/wals_code_nhh,90C,90,Noun-Relative clause (NRel) dominant,Beller-and-Beller-1979[ 292],
90C-nkn,http://wals.info/languoid/lect/wals_code_nkn,90C,90,Noun-Relative clause (NRel) dominant,Painter-1970[ 456-457],
90C-sdw,http://wals.info/languoid/lect/wals_code_sdw,90C,90,Noun-Relative clause (NRel) dominant,Eaton-2008[ 169],
90C-uld,http://wals.info/languoid/lect/wals_code_uld,90C,90,Noun-Relative clause (NRel) dominant,de-Colombel-1997[ 98],
90C-wal,http://wals.info/languoid/lect/wals_code_wal,90C,90,Noun-Relative clause (NRel) dominant,,
90C-zch,http://wals.info/languoid/lect/wals_code_zch,90C,90,Noun-Relative clause (NRel) dominant,Johnson-2000[ 242],
90C-acg,http://wals.info/languoid/lect/wals_code_acg,90C,90,Noun-Relative clause (NRel) dominant,Wilson-and-Levinsohn-1992[ 7],
90C-amq,http://wals.info/languoid/lect/wals_code_amq,90C,90,Noun-Relative clause (NRel) dominant,Silzer-1983[ 80],
90C-btk,http://wals.info/languoid/lect/wals_code_btk,90C,90,Noun-Relative clause (NRel) dominant,Seidenadel-1909[ 149-158],
90C-duk,http://wals.info/languoid/lect/wals_code_duk,90C,90,Noun-Relative clause (NRel) dominant,"Bendor-Samuel-et-al-1973[ 68-69, 118, 146]",
90C-eno,http://wals.info/languoid/lect/wals_code_eno,90C,90,Noun-Relative clause (NRel) dominant,Kahler-1940[ 93],
90C-gok,http://wals.info/languoid/lect/wals_code_gok,90C,90,Noun-Relative clause (NRel) dominant,,
90C-hal,http://wals.info/languoid/lect/wals_code_hal,90C,90,Noun-Relative clause (NRel) dominant,Allen-and-Allen-1965[ passim],
90C-hui,http://wals.info/languoid/lect/wals_code_hui,90C,90,Noun-Relative clause (NRel) dominant,"Grimes-1964[ 38, passim]",
90C-ifu,http://wals.info/languoid/lect/wals_code_ifu,90C,90,Noun-Relative clause (NRel) dominant,Newell-1993[ passim],
90C-kbw,http://wals.info/languoid/lect/wals_code_kbw,90C,90,Noun-Relative clause (NRel) dominant,Henderson-1997[ passim],
90C-kre,http://wals.info/languoid/lect/wals_code_kre,90C,90,Noun-Relative clause (NRel) dominant,"Tucker-and-Bryan-1966[ 74, 83]",
90C-lgu,http://wals.info/languoid/lect/wals_code_lgu,90C,90,Noun-Relative clause (NRel) dominant,Hill-2002[ 546-547],
90C-mut,http://wals.info/languoid/lect/wals_code_mut,90C,90,Noun-Relative clause (NRel) dominant,Okrand-1977[ 310],
90C-nam,http://wals.info/languoid/lect/wals_code_nam,90C,90,NRel or RelN,Feldpausch-and-Feldpausch-1992[ 61],
90C-olo,http://wals.info/languoid/lect/wals_code_olo,90C,90,Noun-Relative clause (NRel) dominant,"Staley-1995[ passim, 46, 74, 75];Staley-nd[ix]",
90C-pga,http://wals.info/languoid/lect/wals_code_pga,90C,90,Noun-Relative clause (NRel) dominant,Vidal-2001[ 372-374],
90C-teo,http://wals.info/languoid/lect/wals_code_teo,90C,90,Noun-Relative clause (NRel) dominant,Mosel-and-Spriggs-1992[ 103],
90C-tim,http://wals.info/languoid/lect/wals_code_tim,90C,90,Noun-Relative clause (NRel) dominant,"Prentice-1971[ 178, 190-192]",
90C-xho,http://wals.info/languoid/lect/wals_code_xho,90C,90,Noun-Relative clause (NRel) dominant,McLaren-1939[ 51-55],
90C-adi,http://wals.info/languoid/lect/wals_code_adi,90C,90,Noun-Relative clause (NRel) dominant,Herault-1978[ passim],
90C-agm,http://wals.info/languoid/lect/wals_code_agm,90C,90,Noun-Relative clause (NRel) dominant,"Giridhar-1980[ 58, 92]",
90C-brf,http://wals.info/languoid/lect/wals_code_brf,90C,90,Noun-Relative clause (NRel) dominant,Kossmann-2000[ 156-157],
90C-izi,http://wals.info/languoid/lect/wals_code_izi,90C,90,Noun-Relative clause (NRel) dominant,Meier-et-al-1975[ passim],
90C-krw,http://wals.info/languoid/lect/wals_code_krw,90C,90,NRel or RelN,van-Enk-and-de-Vries-1997[ passim],
90C-lmg,http://wals.info/languoid/lect/wals_code_lmg,90C,90,Noun-Relative clause (NRel) dominant,"Wolff-1983[ 190-191, 197-198]",
90C-mxo,http://wals.info/languoid/lect/wals_code_mxo,90C,90,Noun-Relative clause (NRel) dominant,Alexander-1988[ 214-217],
90C-pba,http://wals.info/languoid/lect/wals_code_pba,90C,90,Noun-Relative clause (NRel) dominant,Estrada-Fernandez-1996[ 16],
90C-tce,http://wals.info/languoid/lect/wals_code_tce,90C,90,Noun-Relative clause (NRel) dominant,Cohen-1998[ 229],
90C-tep,http://wals.info/languoid/lect/wals_code_tep,90C,90,Noun-Relative clause (NRel) dominant,"Watters-1988[ 12, passim]",
90C-tnn,http://wals.info/languoid/lect/wals_code_tnn,90C,90,Noun-Relative clause (NRel) dominant,"Dugast-1971[ 143, 312]",
90C-cem,http://wals.info/languoid/lect/wals_code_cem,90C,90,Noun-Relative clause (NRel) dominant,Lynch-2002c[ 759],
90C-efi,http://wals.info/languoid/lect/wals_code_efi,90C,90,Noun-Relative clause (NRel) dominant,"Welmers-1968a[ 109, 110-111]",
90C-gmz,http://wals.info/languoid/lect/wals_code_gmz,90C,90,Noun-Relative clause (NRel) dominant,Bender-1979[ 56],
90C-ign,http://wals.info/languoid/lect/wals_code_ign,90C,90,Noun-Relative clause (NRel) dominant,"Ott-and-Ott-1967b[ 100, 102]",
90C-kpm,http://wals.info/languoid/lect/wals_code_kpm,90C,90,Noun-Relative clause (NRel) dominant,Mirikitani-1972[ 189],
90C-kri,http://wals.info/languoid/lect/wals_code_kri,90C,90,Noun-Relative clause (NRel) dominant,Adam-1897[ passim],
90C-lal,http://wals.info/languoid/lect/wals_code_lal,90C,90,NRel or RelN,"Bjorverud-1998[ 117, passim]",
90C-lbu,http://wals.info/languoid/lect/wals_code_lbu,90C,90,Noun-Relative clause (NRel) dominant,Kawasha-2003[ 348],
90C-obg,http://wals.info/languoid/lect/wals_code_obg,90C,90,Noun-Relative clause (NRel) dominant,Kari-2000[ 45],
90C-tbo,http://wals.info/languoid/lect/wals_code_tbo,90C,90,Noun-Relative clause (NRel) dominant,"Porter-1977[ 52, passim]",
90C-ten,http://wals.info/languoid/lect/wals_code_ten,90C,90,Noun-Relative clause (NRel) dominant,"Randal-1998[ 226, 259]",
90C-tes,http://wals.info/languoid/lect/wals_code_tes,90C,90,Noun-Relative clause (NRel) dominant,Hilders-and-Lawrance-1956[ 22-23],
90C-wlo,http://wals.info/languoid/lect/wals_code_wlo,90C,90,Noun-Relative clause (NRel) dominant,Anceaux-1952[ 41],
90C-acl,http://wals.info/languoid/lect/wals_code_acl,90C,90,Noun-Relative clause (NRel) dominant,Crazzolara-1955[ 94],
90C-cpl,http://wals.info/languoid/lect/wals_code_cpl,90C,90,Noun-Relative clause (NRel) dominant,"Merrifield-1968[ 55, 100-101]",
90C-fua,http://wals.info/languoid/lect/wals_code_fua,90C,90,Noun-Relative clause (NRel) dominant,Arnott-1970[ 21];Stennes-1967[ passim],
90C-khl,http://wals.info/languoid/lect/wals_code_khl,90C,90,Noun-Relative clause (NRel) dominant,Doerfer-1988[ 232],
90C-kik,http://wals.info/languoid/lect/wals_code_kik,90C,90,Noun-Relative clause (NRel) dominant,Barlow-1960[ 56],
90C-maw,http://wals.info/languoid/lect/wals_code_maw,90C,90,Noun-Relative clause (NRel) dominant,Delafosse-1929[ 149-150],
90C-mou,http://wals.info/languoid/lect/wals_code_mou,90C,90,Noun-Relative clause (NRel) dominant,"Tucker-1967[ 262-263, 282];Tucker-and-Bryan-1966[ 45]",
90C-mgu,http://wals.info/languoid/lect/wals_code_mgu,90C,90,Noun-Relative clause (NRel) dominant,Tourneaux-1978[ 269];Meyer-Bahlburg-1972[ 236-238],
90C-nue,http://wals.info/languoid/lect/wals_code_nue,90C,90,Noun-Relative clause (NRel) dominant,Crazzolara-1933[ 161],
90C-pul,http://wals.info/languoid/lect/wals_code_pul,90C,90,Noun-Relative clause (NRel) dominant,"Elbert-1974[ 117, 126]",
90C-url,http://wals.info/languoid/lect/wals_code_url,90C,90,Noun-Relative clause (NRel) dominant,"Hogan-1988[ 52, 73-74]",
90C-amo,http://wals.info/languoid/lect/wals_code_amo,90C,90,Noun-Relative clause (NRel) dominant,Di-Luzio-1972[ 21-22],
90C-chw,http://wals.info/languoid/lect/wals_code_chw,90C,90,Noun-Relative clause (NRel) dominant,Baumgartner-1998[ 6],
90C-cmy,http://wals.info/languoid/lect/wals_code_cmy,90C,90,Noun-Relative clause (NRel) dominant,Knowles-1984[ 348],
90C-did,http://wals.info/languoid/lect/wals_code_did,90C,90,Noun-Relative clause (NRel) dominant,Rosato-1980[ 13];Tucker-and-Bryan-1966[ 382],
90C-gim,http://wals.info/languoid/lect/wals_code_gim,90C,90,NRel or RelN,"Breeze-1990[ 39, 47-48]",
90C-jmo,http://wals.info/languoid/lect/wals_code_jmo,90C,90,Noun-Relative clause (NRel) dominant,"Persson-1981[ 17, 25]",
90C-krr,http://wals.info/languoid/lect/wals_code_krr,90C,90,Noun-Relative clause (NRel) dominant,"Wivell-1981[ 39, 185-186]",
90C-knc,http://wals.info/languoid/lect/wals_code_knc,90C,90,Noun-Relative clause (NRel) dominant,Smith-and-Johnson-2000[ 430],
90C-mng,http://wals.info/languoid/lect/wals_code_mng,90C,90,Noun-Relative clause (NRel) dominant,Semiun-1993[ 41],
90C-plh,http://wals.info/languoid/lect/wals_code_plh,90C,90,Noun-Relative clause (NRel) dominant,Stresemann-1918[ 79],
90C-src,http://wals.info/languoid/lect/wals_code_src,90C,90,Noun-Relative clause (NRel) dominant,"Cook-1984[ 60, 106-108]",
90C-any,http://wals.info/languoid/lect/wals_code_any,90C,90,Noun-Relative clause (NRel) dominant,Lusted-1976[ 509],
90C-aro,http://wals.info/languoid/lect/wals_code_aro,90C,90,Noun-Relative clause (NRel) dominant,Lynch-and-Horoi-2002[ 568],
90C-baj,http://wals.info/languoid/lect/wals_code_baj,90C,90,Noun-Relative clause (NRel) dominant,Verheijen-1986[ passim],
90C-cic,http://wals.info/languoid/lect/wals_code_cic,90C,90,Noun-Relative clause (NRel) dominant,Mchombo-2004[24],
90C-emb,http://wals.info/languoid/lect/wals_code_emb,90C,90,Noun-Relative clause (NRel) dominant,Loewen-1958[ 114],
90C-god,http://wals.info/languoid/lect/wals_code_god,90C,90,NRel or RelN,Kibrik-1996[ 161],
90C-igs,http://wals.info/languoid/lect/wals_code_igs,90C,90,Noun-Relative clause (NRel) dominant,Bender-1989[ 178-179],
90C-krn,http://wals.info/languoid/lect/wals_code_krn,90C,90,NRel or RelN,Meinhof-1930[ 62],
90C-mbm,http://wals.info/languoid/lect/wals_code_mbm,90C,90,Noun-Relative clause (NRel) dominant,Hagege-1970[ passim],
90C-meh,http://wals.info/languoid/lect/wals_code_meh,90C,90,Noun-Relative clause (NRel) dominant,Simeone-Senelle-1997[ 417],
90C-ngm,http://wals.info/languoid/lect/wals_code_ngm,90C,90,Noun-Relative clause (NRel) dominant,Thayer-1978[ 19-23],
90C-ses,http://wals.info/languoid/lect/wals_code_ses,90C,90,Noun-Relative clause (NRel) dominant,Paroz-1946[ 166],
90C-sio,http://wals.info/languoid/lect/wals_code_sio,90C,90,Noun-Relative clause (NRel) dominant,"Clark-and-Clark-1987[ 80, 84]",
90C-twe,http://wals.info/languoid/lect/wals_code_twe,90C,90,NRel or RelN,Burgess-1984[ 131-132],
90C-tvl,http://wals.info/languoid/lect/wals_code_tvl,90C,90,Noun-Relative clause (NRel) dominant,Besnier-2000[ 151],
90C-wrg,http://wals.info/languoid/lect/wals_code_wrg,90C,90,NRel or RelN,Dixon-1981[ passim],
90C-bfg,http://wals.info/languoid/lect/wals_code_bfg,90C,90,Noun-Relative clause (NRel) dominant,Kossmann-1997[ 317],
90C-kmj,http://wals.info/languoid/lect/wals_code_kmj,90C,90,Noun-Relative clause (NRel) dominant,Novelli-1985[ 112-113],
90C-nup,http://wals.info/languoid/lect/wals_code_nup,90C,90,Noun-Relative clause (NRel) dominant,Smith-1967a[ 21-22],
90C-slb,http://wals.info/languoid/lect/wals_code_slb,90C,90,Noun-Relative clause (NRel) dominant,Margetts-1999b[ 22],
90C-taj,http://wals.info/languoid/lect/wals_code_taj,90C,90,Noun-Relative clause (NRel) dominant,"Rastorgueva-1963[ 97, 99, 106]",
90C-tmr,http://wals.info/languoid/lect/wals_code_tmr,90C,90,Noun-Relative clause (NRel) dominant,Benjamin-1976[ 155-156],
90C-tno,http://wals.info/languoid/lect/wals_code_tno,90C,90,Noun-Relative clause (NRel) dominant,Sneddon-1975[ passim],
90C-bud,http://wals.info/languoid/lect/wals_code_bud,90C,90,Noun-Relative clause (NRel) dominant,Lukas-and-Nachtigal-1939[ 76-77],
90C-crn,http://wals.info/languoid/lect/wals_code_crn,90C,90,Noun-Relative clause (NRel) dominant,Jenner-1904[ 109-110],
90C-egn,http://wals.info/languoid/lect/wals_code_egn,90C,90,Noun-Relative clause (NRel) dominant,Thomas-1978[ passim],
90C-grf,http://wals.info/languoid/lect/wals_code_grf,90C,90,Noun-Relative clause (NRel) dominant,Taylor-1958[ 37],
90C-lmp,http://wals.info/languoid/lect/wals_code_lmp,90C,90,Noun-Relative clause (NRel) dominant,Walker-1976[ 17-19],
90C-ndo,http://wals.info/languoid/lect/wals_code_ndo,90C,90,Noun-Relative clause (NRel) dominant,"Viljoen-and-Amakali-1978[ 81, 128]",
90C-naj,http://wals.info/languoid/lect/wals_code_naj,90C,90,Noun-Relative clause (NRel) dominant,Khan-1999[ 386],
90C-par,http://wals.info/languoid/lect/wals_code_par,90C,90,Noun-Relative clause (NRel) dominant,Simeoni-1978[ passim],
90C-tar,http://wals.info/languoid/lect/wals_code_tar,90C,90,Noun-Relative clause (NRel) dominant,"Aikhenvald-2003[ 479, 537, 542]",
90C-zai,http://wals.info/languoid/lect/wals_code_zai,90C,90,Noun-Relative clause (NRel) dominant,"Pickett-et-al-1998[ 25, 107-108]",
90C-arw,http://wals.info/languoid/lect/wals_code_arw,90C,90,Noun-Relative clause (NRel) dominant,Gulian-1965[ 66],
90C-baa,http://wals.info/languoid/lect/wals_code_baa,90C,90,Noun-Relative clause (NRel) dominant,Olson-1975[ 490],
90C-ceb,http://wals.info/languoid/lect/wals_code_ceb,90C,90,Noun-Relative clause (NRel) dominant,Wolff-1966[ passim],
90C-cor,http://wals.info/languoid/lect/wals_code_cor,90C,90,Noun-Relative clause (NRel) dominant,Casad-1984[ 411],
90C-jab,http://wals.info/languoid/lect/wals_code_jab,90C,90,Noun-Relative clause (NRel) dominant,Dempwolff-1939[ 87],
90C-kma,http://wals.info/languoid/lect/wals_code_kma,90C,90,Noun-Relative clause (NRel) dominant,"Seki-2000[ 117, 176-182]",
90C-kuo,http://wals.info/languoid/lect/wals_code_kuo,90C,90,Noun-Relative clause (NRel) dominant,Chung-and-Chung-1996[ 16],
90C-lda,http://wals.info/languoid/lect/wals_code_lda,90C,90,Noun-Relative clause (NRel) dominant,Ashton-et-al-1954[ passim],
90C-sro,http://wals.info/languoid/lect/wals_code_sro,90C,90,Noun-Relative clause (NRel) dominant,Wells-1979[ 73-74],
90C-sul,http://wals.info/languoid/lect/wals_code_sul,90C,90,Noun-Relative clause (NRel) dominant,"Tharp-1996[ 88, 147]",
90C-txj,http://wals.info/languoid/lect/wals_code_txj,90C,90,Noun-Relative clause (NRel) dominant,Reid-et-al-1968[ passim],
90C-tri,http://wals.info/languoid/lect/wals_code_tri,90C,90,Noun-Relative clause (NRel) dominant,Hollenbach-1992[ 272],
90C-xoo,http://wals.info/languoid/lect/wals_code_xoo,90C,90,Noun-Relative clause (NRel) dominant,Traill-1994[ 20-21],
90C-yul,http://wals.info/languoid/lect/wals_code_yul,90C,90,Noun-Relative clause (NRel) dominant,Santandrea-1970[ 97];Boyeldieu-1987[ 164],
90C-anj,http://wals.info/languoid/lect/wals_code_anj,90C,90,Noun-Relative clause (NRel) dominant,Lynch-2000[ 155],
90C-asy,http://wals.info/languoid/lect/wals_code_asy,90C,90,Noun-Relative clause (NRel) dominant,Cowell-1964[ 493],
90C-brn,http://wals.info/languoid/lect/wals_code_brn,90C,90,Noun-Relative clause (NRel) dominant,"Kiessling-1994[ 198, 220-225]",
90C-ccm,http://wals.info/languoid/lect/wals_code_ccm,90C,90,Noun-Relative clause (NRel) dominant,Anderson-1989[ 81],
90C-ctm,http://wals.info/languoid/lect/wals_code_ctm,90C,90,Noun-Relative clause (NRel) dominant,Swadesh-1946b[ 333],
90C-gmw,http://wals.info/languoid/lect/wals_code_gmw,90C,90,NRel or internally-headed,Olson-1988[ 91-93],
90C-mad,http://wals.info/languoid/lect/wals_code_mad,90C,90,Noun-Relative clause (NRel) dominant,"Tucker-1967[ 264, 268-269]",
90C-mnm,http://wals.info/languoid/lect/wals_code_mnm,90C,90,Noun-Relative clause (NRel) dominant,"Gregersen-1976[ 98];Lichtenberk-1983[ 260, 553]",
90C-ndt,http://wals.info/languoid/lect/wals_code_ndt,90C,90,Noun-Relative clause (NRel) dominant,Morgan-1996[ 128],
90C-obo,http://wals.info/languoid/lect/wals_code_obo,90C,90,Noun-Relative clause (NRel) dominant,Faraclas-1984[ 38],
90C-wol,http://wals.info/languoid/lect/wals_code_wol,90C,90,Noun-Relative clause (NRel) dominant,"Sohn-1975[ 183, 190, 291-300]",
90C-chp,http://wals.info/languoid/lect/wals_code_chp,90C,90,Noun-Relative clause (NRel) dominant,Carter-1979[ 1],
90C-min,http://wals.info/languoid/lect/wals_code_min,90C,90,Noun-Relative clause (NRel) dominant,"Moussay-1981[ 147, 149]",
90C-mxp,http://wals.info/languoid/lect/wals_code_mxp,90C,90,Noun-Relative clause (NRel) dominant,"Daly-1973[ 11, 50, passim]",
90C-mos,http://wals.info/languoid/lect/wals_code_mos,90C,90,Noun-Relative clause (NRel) dominant,Sakel-2002a[ 83],
90C-nua,http://wals.info/languoid/lect/wals_code_nua,90C,90,Noun-Relative clause (NRel) dominant,"Bolton-1990[ 71, 77, 165]",
90C-ute,http://wals.info/languoid/lect/wals_code_ute,90C,90,Noun-Relative clause (NRel) dominant,Southern-Ute-Tribe-1980[ 202-203],
90C-anc,http://wals.info/languoid/lect/wals_code_anc,90C,90,Noun-Relative clause (NRel) dominant,Burquest-1973[ 58-65],
90C-bod,http://wals.info/languoid/lect/wals_code_bod,90C,90,NRel or RelN,,
90C-chq,http://wals.info/languoid/lect/wals_code_chq,90C,90,Noun-Relative clause (NRel) dominant,"Robbins-1968[ 58, passim]",
90C-dan,http://wals.info/languoid/lect/wals_code_dan,90C,90,Noun-Relative clause (NRel) dominant,Doneux-1968[ 60-61],
90C-gud,http://wals.info/languoid/lect/wals_code_gud,90C,90,Noun-Relative clause (NRel) dominant,Hoskison-1983[ 57],
90C-men,http://wals.info/languoid/lect/wals_code_men,90C,90,Noun-Relative clause (NRel) dominant,Bloomfield-1962[ 467],
90C-nia,http://wals.info/languoid/lect/wals_code_nia,90C,90,Noun-Relative clause (NRel) dominant,Brown-2001,
90C-rot,http://wals.info/languoid/lect/wals_code_rot,90C,90,Noun-Relative clause (NRel) dominant,Churchward-1940[ 29],
90C-tbu,http://wals.info/languoid/lect/wals_code_tbu,90C,90,Noun-Relative clause (NRel) dominant,Tucker-and-Bryan-1966[ 183];Lukas-1953[ 179],
90C-bla,http://wals.info/languoid/lect/wals_code_bla,90C,90,NRel or RelN,,
90C-fut,http://wals.info/languoid/lect/wals_code_fut,90C,90,Noun-Relative clause (NRel) dominant,Dougherty-1983[ 94-95],
90C-kam,http://wals.info/languoid/lect/wals_code_kam,90C,90,Noun-Relative clause (NRel) dominant,Klamer-1998[ 316],
90C-lao,http://wals.info/languoid/lect/wals_code_lao,90C,90,Noun-Relative clause (NRel) dominant,Yates-and-Sayisthsena-1970[ passim];Hospitalier-1937[ passim],
90C-lnd,http://wals.info/languoid/lect/wals_code_lnd,90C,90,Noun-Relative clause (NRel) dominant,Cloarec-Heiss-1986[ 248-251],
90C-mai,http://wals.info/languoid/lect/wals_code_mai,90C,90,NRel or correlative,Yadav-1996[ 354],
90C-msl,http://wals.info/languoid/lect/wals_code_msl,90C,90,Noun-Relative clause (NRel) dominant,Edgar-1989[ 80],
90C-nhn,http://wals.info/languoid/lect/wals_code_nhn,90C,90,NRel or RelN,Brockway-1979[ 182],
90C-shn,http://wals.info/languoid/lect/wals_code_shn,90C,90,Noun-Relative clause (NRel) dominant,"Fortune-1955[ 181, 181-188]",
90C-sre,http://wals.info/languoid/lect/wals_code_sre,90C,90,Noun-Relative clause (NRel) dominant,"Manley-1972[ 82, 156-158]",
90C-tng,http://wals.info/languoid/lect/wals_code_tng,90C,90,Noun-Relative clause (NRel) dominant,Churchward-1953[ passim],
90C-gum,http://wals.info/languoid/lect/wals_code_gum,90C,90,Noun-Relative clause (NRel) dominant,Eades-1979[ 328],
90C-gwa,http://wals.info/languoid/lect/wals_code_gwa,90C,90,Noun-Relative clause (NRel) dominant,Hyman-and-Magaji-1970[ 47],
90C-kws,http://wals.info/languoid/lect/wals_code_kws,90C,90,Noun-Relative clause (NRel) dominant,Zigmond-et-al-1990-1991[ 124],
90C-lon,http://wals.info/languoid/lect/wals_code_lon,90C,90,Noun-Relative clause (NRel) dominant,"Hamel-1985[ 144, 154]",
90C-niu,http://wals.info/languoid/lect/wals_code_niu,90C,90,Noun-Relative clause (NRel) dominant,Seiter-1980[ 90ff],
90C-noo,http://wals.info/languoid/lect/wals_code_noo,90C,90,Noun-Relative clause (NRel) dominant,"Soukka-2000[ 132, 133]",
90C-pno,http://wals.info/languoid/lect/wals_code_pno,90C,90,Noun-Relative clause (NRel) dominant,Snapp-et-al-1982[ 82-85],
90C-aly,http://wals.info/languoid/lect/wals_code_aly,90C,90,Noun-Relative clause (NRel) dominant,Yallop-1977[ 137],
90C-kan,http://wals.info/languoid/lect/wals_code_kan,90C,90,Noun-Relative clause (NRel) dominant,"Ikoro-1996[ 224, passim, 265ff]",
90C-non,http://wals.info/languoid/lect/wals_code_non,90C,90,Noun-Relative clause (NRel) dominant,Hyman-1981b[ 91-93],
90C-per,http://wals.info/languoid/lect/wals_code_per,90C,90,Noun-Relative clause (NRel) dominant,Frajzyngier-1989[ 276],
90C-taw,http://wals.info/languoid/lect/wals_code_taw,90C,90,Noun-Relative clause (NRel) dominant,Ezard-1991[ 404],
90C-bco,http://wals.info/languoid/lect/wals_code_bco,90C,90,Noun-Relative clause (NRel) dominant,"Davis-and-Saunders-1997[ 98-104, passim]",
90C-ber,http://wals.info/languoid/lect/wals_code_ber,90C,90,Noun-Relative clause (NRel) dominant,Triulzi-et-al-1976a[ 527],
90C-cso,http://wals.info/languoid/lect/wals_code_cso,90C,90,Noun-Relative clause (NRel) dominant,"Pride-1965[ 30, 32]",
90C-cmh,http://wals.info/languoid/lect/wals_code_cmh,90C,90,Noun-Relative clause (NRel) dominant,"Press-1979[ 58, 109-114]",
90C-ewo,http://wals.info/languoid/lect/wals_code_ewo,90C,90,Noun-Relative clause (NRel) dominant,Redden-1979[ passim],
90C-ksg,http://wals.info/languoid/lect/wals_code_ksg,90C,90,Noun-Relative clause (NRel) dominant,"Jones-1961[ 34, passim]",
90C-ruk,http://wals.info/languoid/lect/wals_code_ruk,90C,90,NRel or RelN,Zeitoun-2007[ 310-311],
90C-wah,http://wals.info/languoid/lect/wals_code_wah,90C,90,Noun-Relative clause (NRel) dominant,Luzbetak-1954[ passim],
90C-bar,http://wals.info/languoid/lect/wals_code_bar,90C,90,Noun-Relative clause (NRel) dominant,Spagnolo-1933[ 253],
90C-err,http://wals.info/languoid/lect/wals_code_err,90C,90,Noun-Relative clause (NRel) dominant,Crowley-1998a[ 161],
90C-iba,http://wals.info/languoid/lect/wals_code_iba,90C,90,Noun-Relative clause (NRel) dominant,"Omar-1981[ 198-199, 238-239]",
90C-jeb,http://wals.info/languoid/lect/wals_code_jeb,90C,90,Noun-Relative clause (NRel) dominant,"Bendor-Samuel-1961b[ 46, passim]",
90C-mby,http://wals.info/languoid/lect/wals_code_mby,90C,90,Noun-Relative clause (NRel) dominant,"Fortier-1971[ 16, 20-21]",
90C-mpa,http://wals.info/languoid/lect/wals_code_mpa,90C,90,NRel or internally-headed,Walsh-1976[ 287],
90C-ukr,http://wals.info/languoid/lect/wals_code_ukr,90C,90,Noun-Relative clause (NRel) dominant,Stechishin-1958[ 134],
90C-yuk,http://wals.info/languoid/lect/wals_code_yuk,90C,90,Noun-Relative clause (NRel) dominant,Keen-1983[ passim],
90C-sah,http://wals.info/languoid/lect/wals_code_sah,90C,90,Noun-Relative clause (NRel) dominant,"Visser-and-Voorhoeve-1987[ 44, 59]",
90C-fye,http://wals.info/languoid/lect/wals_code_fye,90C,90,Noun-Relative clause (NRel) dominant,Nettle-1998[ 53],
90C-mro,http://wals.info/languoid/lect/wals_code_mro,90C,90,Noun-Relative clause (NRel) dominant,Black-and-Black-1971[ 81],
90C-nar,http://wals.info/languoid/lect/wals_code_nar,90C,90,Noun-Relative clause (NRel) dominant,Thompson-1976a[ 493],
90C-tpn,http://wals.info/languoid/lect/wals_code_tpn,90C,90,Noun-Relative clause (NRel) dominant,Bascom-1982[ 376-379],
90C-tlp,http://wals.info/languoid/lect/wals_code_tlp,90C,90,Noun-Relative clause (NRel) dominant,Suarez-1983a[ 298],
90C-cop,http://wals.info/languoid/lect/wals_code_cop,90C,90,Noun-Relative clause (NRel) dominant,"Lambdin-1983[ 8, 43-44, 76-77, 86]",
90C-kos,http://wals.info/languoid/lect/wals_code_kos,90C,90,Noun-Relative clause (NRel) dominant,Lee-1975[ 345],
90C-snh,http://wals.info/languoid/lect/wals_code_snh,90C,90,Noun-Relative clause (NRel) dominant,Gair-1970[ 158],
90C-trb,http://wals.info/languoid/lect/wals_code_trb,90C,90,Noun-Relative clause (NRel) dominant,Quesada-2000[ 127],
90C-tla,http://wals.info/languoid/lect/wals_code_tla,90C,90,Noun-Relative clause (NRel) dominant,Franklin-et-al-1974[ 127],
90C-amr,http://wals.info/languoid/lect/wals_code_amr,90C,90,Noun-Relative clause (NRel) dominant,Harrell-1962[ 164],
90C-ara,http://wals.info/languoid/lect/wals_code_ara,90C,90,NRel or RelN,"Pet-1987[ 91, 94-100, 103-104]",
90C-bto,http://wals.info/languoid/lect/wals_code_bto,90C,90,Noun-Relative clause (NRel) dominant,van-der-Tuuk-1864[ passim];Percival-1981[ passim];Nababan-1981[ passim],
90C-bir,http://wals.info/languoid/lect/wals_code_bir,90C,90,Noun-Relative clause (NRel) dominant,"Bouquiaux-1970[ 336, 433]",
90C-din,http://wals.info/languoid/lect/wals_code_din,90C,90,Noun-Relative clause (NRel) dominant,"Nebel-1948[ passim, CaseTone];Tucker-and-Bryan-1966[ 423]",
90C-oji,http://wals.info/languoid/lect/wals_code_oji,90C,90,Noun-Relative clause (NRel) dominant,Rhodes-1991[ 1];Valentine-2001[ 580],
90C-res,http://wals.info/languoid/lect/wals_code_res,90C,90,NRel or internally-headed,"Allin-1976[ 223, 229ff, 230, 231]",
90C-tah,http://wals.info/languoid/lect/wals_code_tah,90C,90,Noun-Relative clause (NRel) dominant,Tryon-1970a[ passim],
90C-cze,http://wals.info/languoid/lect/wals_code_cze,90C,90,Noun-Relative clause (NRel) dominant,Harkins-1953[ passim],
90C-dsh,http://wals.info/languoid/lect/wals_code_dsh,90C,90,Noun-Relative clause (NRel) dominant,Bredsdorff-1958[ 86-88];Allan-et-al-1995[ 201ff],
90C-hup,http://wals.info/languoid/lect/wals_code_hup,90C,90,Noun-Relative clause (NRel) dominant,Goddard-1903[ passim],
90C-knk,http://wals.info/languoid/lect/wals_code_knk,90C,90,Noun-Relative clause (NRel) dominant,Newman-1974[ 94],
90C-lel,http://wals.info/languoid/lect/wals_code_lel,90C,90,Noun-Relative clause (NRel) dominant,Frajzyngier-2001[ 435],
90C-so,http://wals.info/languoid/lect/wals_code_so,90C,90,Noun-Relative clause (NRel) dominant,Serzisko-1989[ 393],
90C-tne,http://wals.info/languoid/lect/wals_code_tne,90C,90,Noun-Relative clause (NRel) dominant,Wilson-1961a[ 31-33];Scott-1956[ passim],
90C-ctl,http://wals.info/languoid/lect/wals_code_ctl,90C,90,Noun-Relative clause (NRel) dominant,Hualde-1992[ 119],
90C-lui,http://wals.info/languoid/lect/wals_code_lui,90C,90,Noun-Relative clause (NRel) dominant,Hyde-1971[ 169],
90C-por,http://wals.info/languoid/lect/wals_code_por,90C,90,Noun-Relative clause (NRel) dominant,Parkinson-1988[ 157],
90C-sun,http://wals.info/languoid/lect/wals_code_sun,90C,90,Noun-Relative clause (NRel) dominant,Hardjadibrata-1985[ 38-40],
90C-chr,http://wals.info/languoid/lect/wals_code_chr,90C,90,Noun-Relative clause (NRel) dominant,"Thomas-1971[ passim, 139]",
90C-est,http://wals.info/languoid/lect/wals_code_est,90C,90,Noun-Relative clause (NRel) dominant,"de-Sivers-1969[ 227, 229];Tauli-1983[ 257]",
90C-gae,http://wals.info/languoid/lect/wals_code_gae,90C,90,Noun-Relative clause (NRel) dominant,Calder-1923[ 259-260],
90C-mum,http://wals.info/languoid/lect/wals_code_mum,90C,90,Noun-Relative clause (NRel) dominant,Shimizu-1983[ 95],
90C-ter,http://wals.info/languoid/lect/wals_code_ter,90C,90,Noun-Relative clause (NRel) dominant,Newman-1970[ 36],
90C-wma,http://wals.info/languoid/lect/wals_code_wma,90C,90,Noun-Relative clause (NRel) dominant,Voorhoeve-1982[ 25],
90C-abu,http://wals.info/languoid/lect/wals_code_abu,90C,90,Noun-Relative clause (NRel) dominant,Berry-1995b[ 107-109];Berry-1995a[ 46ff],
90C-bab,http://wals.info/languoid/lect/wals_code_bab,90C,90,Noun-Relative clause (NRel) dominant,Schaub-1985[ 33],
90C-doy,http://wals.info/languoid/lect/wals_code_doy,90C,90,Noun-Relative clause (NRel) dominant,Wiering-and-Wiering-1994[ 167-169],
90C-krd,http://wals.info/languoid/lect/wals_code_krd,90C,90,Noun-Relative clause (NRel) dominant,Blau-1980[ 156-157],
90C-len,http://wals.info/languoid/lect/wals_code_len,90C,90,Noun-Relative clause (NRel) dominant,Lynch-1978[ 105-107],
90C-mam,http://wals.info/languoid/lect/wals_code_mam,90C,90,Noun-Relative clause (NRel) dominant,"England-1983[ 149, 290]",
90C-ttn,http://wals.info/languoid/lect/wals_code_ttn,90C,90,Noun-Relative clause (NRel) dominant,van-Klinken-1997[ 133],
90C-tid,http://wals.info/languoid/lect/wals_code_tid,90C,90,Noun-Relative clause (NRel) dominant,"van-Staden-2000[ 193, 295ff]",
90C-arg,http://wals.info/languoid/lect/wals_code_arg,90C,90,Noun-Relative clause (NRel) dominant,"Holes-1990[ 24, 59, 62]",
90C-cub,http://wals.info/languoid/lect/wals_code_cub,90C,90,Noun-Relative clause (NRel) dominant,Morse-and-Maxwell-1999a[ 151],
90C-htc,http://wals.info/languoid/lect/wals_code_htc,90C,90,Noun-Relative clause (NRel) dominant,Edmonson-1988[ 515],
90C-ik,http://wals.info/languoid/lect/wals_code_ik,90C,90,Noun-Relative clause (NRel) dominant,Tucker-1972[ 192];Serzisko-1989[ 393],
90C-nun,http://wals.info/languoid/lect/wals_code_nun,90C,90,Noun-Relative clause (NRel) dominant,"Saul-and-Wilson-1980[ passim, 78ff]",
90C-sed,http://wals.info/languoid/lect/wals_code_sed,90C,90,Noun-Relative clause (NRel) dominant,Smith-1979[ 77],
90C-mna,http://wals.info/languoid/lect/wals_code_mna,90C,90,Noun-Relative clause (NRel) dominant,"van-den-Berg-1989b[ 120, 133, 136, 231ff]",
90C-mup,http://wals.info/languoid/lect/wals_code_mup,90C,90,Noun-Relative clause (NRel) dominant,"Frajzyngier-1993[ 135, 197]",
90C-ngl,http://wals.info/languoid/lect/wals_code_ngl,90C,90,Noun-Relative clause (NRel) dominant,Merlan-1983[ 138],
90C-tin,http://wals.info/languoid/lect/wals_code_tin,90C,90,Noun-Relative clause (NRel) dominant,Osumi-1995[ 265-273],
90C-gbb,http://wals.info/languoid/lect/wals_code_gbb,90C,90,Noun-Relative clause (NRel) dominant,"Samarin-1966[ 65, 121, 123, passim]",
90C-miy,http://wals.info/languoid/lect/wals_code_miy,90C,90,Noun-Relative clause (NRel) dominant,Schuh-1998[ 264-270],
90C-ngz,http://wals.info/languoid/lect/wals_code_ngz,90C,90,Noun-Relative clause (NRel) dominant,"Schuh-1972[ 119, 120-121, 124-128]",
90C-poh,http://wals.info/languoid/lect/wals_code_poh,90C,90,Noun-Relative clause (NRel) dominant,Rehg-1981[ 344],
90C-tna,http://wals.info/languoid/lect/wals_code_tna,90C,90,Noun-Relative clause (NRel) dominant,"Dimmendaal-1983a[ 206, 308]",
90C-hve,http://wals.info/languoid/lect/wals_code_hve,90C,90,Noun-Relative clause (NRel) dominant,Stairs-and-Hollenbach-1981[ passim],
90C-klm,http://wals.info/languoid/lect/wals_code_klm,90C,90,Noun-Relative clause (NRel) dominant,Gatschet-1890[ 662];Barker-1964[ passim],
90C-hat,http://wals.info/languoid/lect/wals_code_hat,90C,90,Noun-Relative clause (NRel) dominant,"Reesink-1999[ 56, 112]",
90C-mok,http://wals.info/languoid/lect/wals_code_mok,90C,90,Noun-Relative clause (NRel) dominant,Harrison-and-Albert-1976[ 256],
90C-nor,http://wals.info/languoid/lect/wals_code_nor,90C,90,Noun-Relative clause (NRel) dominant,Olson-1901[ 40-41],
90C-tau,http://wals.info/languoid/lect/wals_code_tau,90C,90,NRel or RelN,"MacDonald-1990[ 109, 266-268]",
90C-bre,http://wals.info/languoid/lect/wals_code_bre,90C,90,Noun-Relative clause (NRel) dominant,Press-1986[ 187],
90C-luo,http://wals.info/languoid/lect/wals_code_luo,90C,90,Noun-Relative clause (NRel) dominant,Omondi-1982[ 231-232],
90C-pal,http://wals.info/languoid/lect/wals_code_pal,90C,90,Noun-Relative clause (NRel) dominant,Josephs-1975[ 452],
90C-psh,http://wals.info/languoid/lect/wals_code_psh,90C,90,Noun-Relative clause (NRel) dominant,"Shafeev-1964[ 35-36, 62]",
90C-sam,http://wals.info/languoid/lect/wals_code_sam,90C,90,Noun-Relative clause (NRel) dominant,Marsack-1962[ 76-77],
90C-wao,http://wals.info/languoid/lect/wals_code_wao,90C,90,NRel or RelN,Peeke-1994[ 269],
90C-kis,http://wals.info/languoid/lect/wals_code_kis,90C,90,Noun-Relative clause (NRel) dominant,Childs-1995[ 295],
90C-cax,http://wals.info/languoid/lect/wals_code_cax,90C,90,Noun-Relative clause (NRel) dominant,"Payne-1981[ 9, passim]",
90C-lug,http://wals.info/languoid/lect/wals_code_lug,90C,90,Noun-Relative clause (NRel) dominant,"Crazzolara-1960[ 56-60, 149];Barr-1965[ 54-56, 131-132]",
90C-maa,http://wals.info/languoid/lect/wals_code_maa,90C,90,Noun-Relative clause (NRel) dominant,"Tucker-and-Mpaayei-1955[ 23, 106-107]",
90C-tsh,http://wals.info/languoid/lect/wals_code_tsh,90C,90,NRel or RelN,Dayley-1989a[ 366],
90C-wel,http://wals.info/languoid/lect/wals_code_wel,90C,90,Noun-Relative clause (NRel) dominant,Thomas-1992a[ 290];Williams-1980b[ 56];Bowen-and-Jones-1960[ 121-124];Jones-and-Thomas-1977[ 177],
90C-yap,http://wals.info/languoid/lect/wals_code_yap,90C,90,Noun-Relative clause (NRel) dominant,"Jensen-1977a[ 152, 166, passim]",
90C-iaa,http://wals.info/languoid/lect/wals_code_iaa,90C,90,Noun-Relative clause (NRel) dominant,Tryon-1968[ 76],
90C-tgk,http://wals.info/languoid/lect/wals_code_tgk,90C,90,Noun-Relative clause (NRel) dominant,Beaumont-1979[ 50],
90C-pip,http://wals.info/languoid/lect/wals_code_pip,90C,90,Noun-Relative clause (NRel) dominant,Campbell-1985[ 128-129],
90C-tzu,http://wals.info/languoid/lect/wals_code_tzu,90C,90,Noun-Relative clause (NRel) dominant,"Dayley-1985[ 231, 372ff]",
90C-amp,http://wals.info/languoid/lect/wals_code_amp,90C,90,Noun-Relative clause (NRel) dominant,Wilkins-1989[ 418],
90C-ice,http://wals.info/languoid/lect/wals_code_ice,90C,90,Noun-Relative clause (NRel) dominant,"Einarsson-1945[ passim, 127]",
90C-mrg,http://wals.info/languoid/lect/wals_code_mrg,90C,90,Noun-Relative clause (NRel) dominant,"Hoffmann-1963[ 277, 280]",
90C-nan,http://wals.info/languoid/lect/wals_code_nan,90C,90,Noun-Relative clause (NRel) dominant,Hollis-1909[ 187-188];Creider-and-Creider-1989[ 133-137],
90C-mac,http://wals.info/languoid/lect/wals_code_mac,90C,90,NRel or RelN,"Abbott-1991[ 70];Carson-1982[ 125-126, 168-169]",
90C-abi,http://wals.info/languoid/lect/wals_code_abi,90C,90,Noun-Relative clause (NRel) dominant,Najlis-1966[ 88],
90C-mab,http://wals.info/languoid/lect/wals_code_mab,90C,90,Noun-Relative clause (NRel) dominant,Trenga-1947[ 66],
90C-swe,http://wals.info/languoid/lect/wals_code_swe,90C,90,Noun-Relative clause (NRel) dominant,"McClean-1963[ passim];Holmes-and-Hinchliffe-1994[ 220-221, 533]",
90C-wlf,http://wals.info/languoid/lect/wals_code_wlf,90C,90,Noun-Relative clause (NRel) dominant,"Sauvageot-1965[ 193, 195-196];Njie-1982[ 87-99]",
90C-ace,http://wals.info/languoid/lect/wals_code_ace,90C,90,Noun-Relative clause (NRel) dominant,Durie-1985[ 231],
90C-dut,http://wals.info/languoid/lect/wals_code_dut,90C,90,Noun-Relative clause (NRel) dominant,Shetter-1958[ 98-99],
90C-kas,http://wals.info/languoid/lect/wals_code_kas,90C,90,NRel or correlative,Wali-and-Koul-1997[ 54-55],
90C-pur,http://wals.info/languoid/lect/wals_code_pur,90C,90,Noun-Relative clause (NRel) dominant,"Foster-1969[ 77-78, 179]",
90C-dyi,http://wals.info/languoid/lect/wals_code_dyi,90C,90,Noun-Relative clause (NRel) dominant,Dixon-1972[ passim],
90C-haw,http://wals.info/languoid/lect/wals_code_haw,90C,90,Noun-Relative clause (NRel) dominant,Elbert-and-Pukui-1979[ passim],
90C-ita,http://wals.info/languoid/lect/wals_code_ita,90C,90,Noun-Relative clause (NRel) dominant,Maiden-and-Robustelli-2000[ 130ff],
90C-kch,http://wals.info/languoid/lect/wals_code_kch,90C,90,Noun-Relative clause (NRel) dominant,Heath-1999b[ 186],
90C-lit,http://wals.info/languoid/lect/wals_code_lit,90C,90,Noun-Relative clause (NRel) dominant,Dambriunas-et-al-1966[ passim],
90C-ood,http://wals.info/languoid/lect/wals_code_ood,90C,90,Noun-Relative clause (NRel) dominant,"Saxton-1982[ 202, 250];Zepeda-1983[ 105-107]",
90C-rom,http://wals.info/languoid/lect/wals_code_rom,90C,90,Noun-Relative clause (NRel) dominant,Mallinson-1986[ 56],
90C-bul,http://wals.info/languoid/lect/wals_code_bul,90C,90,Noun-Relative clause (NRel) dominant,Scatton-1984[ passim],
90C-yuc,http://wals.info/languoid/lect/wals_code_yuc,90C,90,Noun-Relative clause (NRel) dominant,Linn-2001[ 500],
90C-krb,http://wals.info/languoid/lect/wals_code_krb,90C,90,Noun-Relative clause (NRel) dominant,Cowell-1951[ 21-22];Groves-et-al-1985[ passim],
90C-som,http://wals.info/languoid/lect/wals_code_som,90C,90,Noun-Relative clause (NRel) dominant,Kirk-1905[ 125];Saeed-1987[ 228-229],
90C-fur,http://wals.info/languoid/lect/wals_code_fur,90C,90,Noun-Relative clause (NRel) dominant,Beaton-1968[ passim],
90C-pol,http://wals.info/languoid/lect/wals_code_pol,90C,90,Noun-Relative clause (NRel) dominant,,
90C-ker,http://wals.info/languoid/lect/wals_code_ker,90C,90,Noun-Relative clause (NRel) dominant,Ebert-1979[ 174],
90C-alb,http://wals.info/languoid/lect/wals_code_alb,90C,90,Noun-Relative clause (NRel) dominant,"Newmark-et-al-1982[ 120-121, 278-279]",
90C-kyl,http://wals.info/languoid/lect/wals_code_kyl,90C,90,Noun-Relative clause (NRel) dominant,"Solnit-1986[ 298, 352]",
90C-mak,http://wals.info/languoid/lect/wals_code_mak,90C,90,NRel or RelN,,
90C-tsi,http://wals.info/languoid/lect/wals_code_tsi,90C,90,Noun-Relative clause (NRel) dominant,Dunn-1979[ passim];Boas-1911c[ passim];Mulder-1994[ 141],
90C-tun,http://wals.info/languoid/lect/wals_code_tun,90C,90,Noun-Relative clause (NRel) dominant,Haas-1940[ 102],
90C-mrl,http://wals.info/languoid/lect/wals_code_mrl,90C,90,Noun-Relative clause (NRel) dominant,"Lyth-1971[ 7, 8, 9, 12]",
90C-pit,http://wals.info/languoid/lect/wals_code_pit,90C,90,NRel or internally-headed,Bowe-1990[ 100ff],
90C-ana,http://wals.info/languoid/lect/wals_code_ana,90C,90,Noun-Relative clause (NRel) dominant,"Pitman-1980[ 77-78, 90, 60-61]",
90C-dio,http://wals.info/languoid/lect/wals_code_dio,90C,90,Noun-Relative clause (NRel) dominant,"Sapir-1965[ 47, 76, 87, 106]",
90C-arm,http://wals.info/languoid/lect/wals_code_arm,90C,90,NRel or RelN,,
90C-nbd,http://wals.info/languoid/lect/wals_code_nbd,90C,90,Noun-Relative clause (NRel) dominant,"Armbruster-1960[ 328, 330, 427-428]",
90C-pai,http://wals.info/languoid/lect/wals_code_pai,90C,90,Noun-Relative clause (NRel) dominant,Egli-1990[ 178],
90C-ung,http://wals.info/languoid/lect/wals_code_ung,90C,90,Noun-Relative clause (NRel) dominant,"Rumsey-1982[ 138, 147]",
90C-bej,http://wals.info/languoid/lect/wals_code_bej,90C,90,Noun-Relative clause (NRel) dominant,"Reinisch-1893[ 119-120, 157]",
90C-dre,http://wals.info/languoid/lect/wals_code_dre,90C,90,Noun-Relative clause (NRel) dominant,"Tryon-1967a[ 60, 63, 65, 67, 83]",
90C-pms,http://wals.info/languoid/lect/wals_code_pms,90C,90,Noun-Relative clause (NRel) dominant,Crowley-1982[ 99],
90C-sml,http://wals.info/languoid/lect/wals_code_sml,90C,90,Noun-Relative clause (NRel) dominant,Kruspe-1999[ 331],
90C-yur,http://wals.info/languoid/lect/wals_code_yur,90C,90,NRel or RelN,Robins-1958[ 64],
90C-dag,http://wals.info/languoid/lect/wals_code_dag,90C,90,Noun-Relative clause (NRel) dominant,"Murane-1974[ 17, 89, 147-148]",
90C-otm,http://wals.info/languoid/lect/wals_code_otm,90C,90,Noun-Relative clause (NRel) dominant,"Hess-1968[ 132, 135]",
90C-igb,http://wals.info/languoid/lect/wals_code_igb,90C,90,Noun-Relative clause (NRel) dominant,Emenanjo-1978[ 80],
90C-nez,http://wals.info/languoid/lect/wals_code_nez,90C,90,Noun-Relative clause (NRel) dominant,Aoki-1979[ passim],
90C-brh,http://wals.info/languoid/lect/wals_code_brh,90C,90,Noun-Relative clause (NRel) dominant,Bray-1909[ passim],
90C-cah,http://wals.info/languoid/lect/wals_code_cah,90C,90,Noun-Relative clause (NRel) dominant,"Seiler-1977[ passim, 228, 181]",
90C-cle,http://wals.info/languoid/lect/wals_code_cle,90C,90,Noun-Relative clause (NRel) dominant,"Rupp-1989[ 72, 85]",
90C-knm,http://wals.info/languoid/lect/wals_code_knm,90C,90,Noun-Relative clause (NRel) dominant,Tucker-and-Bryan-1966[ 346],
90C-bkr,http://wals.info/languoid/lect/wals_code_bkr,90C,90,Noun-Relative clause (NRel) dominant,"Woollams-1996[ 106, 143, 291ff]",
90C-cmn,http://wals.info/languoid/lect/wals_code_cmn,90C,90,Noun-Relative clause (NRel) dominant,Wistrand-Robinson-and-Armagost-1990[ 332];Charney-1993[ 237-247],
90C-iri,http://wals.info/languoid/lect/wals_code_iri,90C,90,Noun-Relative clause (NRel) dominant,"McCloskey-1979[ 180, passim];O-Dochartaigh-1992[ 51];Stenson-1981[ passim]",
90C-nko,http://wals.info/languoid/lect/wals_code_nko,90C,90,Noun-Relative clause (NRel) dominant,Taylor-1985[ 23],
90C-squ,http://wals.info/languoid/lect/wals_code_squ,90C,90,NRel or RelN,Kuipers-1967[ 175-176],
90C-dni,http://wals.info/languoid/lect/wals_code_dni,90C,90,Noun-Relative clause (NRel) dominant,Bromley-1981[ 262-263],
90C-coo,http://wals.info/languoid/lect/wals_code_coo,90C,90,Noun-Relative clause (NRel) dominant,Frachtenberg-1913[ passim],
90C-nht,http://wals.info/languoid/lect/wals_code_nht,90C,90,Noun-Relative clause (NRel) dominant,Tuggy-1979[ 122],
90C-kse,http://wals.info/languoid/lect/wals_code_kse,90C,90,Noun-Relative clause (NRel) dominant,"Prost-1956[ passim, 56];Heath-1999a[ 242]",
90C-brs,http://wals.info/languoid/lect/wals_code_brs,90C,90,Noun-Relative clause (NRel) dominant,Jones-and-Jones-1991[ 149-153],
90C-tab,http://wals.info/languoid/lect/wals_code_tab,90C,90,Noun-Relative clause (NRel) dominant,Bowden-1997a[ 446],
90C-pau,http://wals.info/languoid/lect/wals_code_pau,90C,90,Noun-Relative clause (NRel) dominant,Chapman-and-Derbyshire-1991[ 238],
90C-ewe,http://wals.info/languoid/lect/wals_code_ewe,90C,90,Noun-Relative clause (NRel) dominant,"Warburton-et-al-1968[ 97];Ameka-1991[ 45, 47-48, 62-63]",
90C-grb,http://wals.info/languoid/lect/wals_code_grb,90C,90,Noun-Relative clause (NRel) dominant,Innes-1966[ 94],
90C-hmo,http://wals.info/languoid/lect/wals_code_hmo,90C,90,Noun-Relative clause (NRel) dominant,Lyman-1979[ passim];Harriehausen-1990[ 141],
90C-khs,http://wals.info/languoid/lect/wals_code_khs,90C,90,Noun-Relative clause (NRel) dominant,"Rabel-1961[ 51-52, 131-132];Nagaraja-1985[ 14]",
90C-khm,http://wals.info/languoid/lect/wals_code_khm,90C,90,Noun-Relative clause (NRel) dominant,Ehrman-1970[ 15-16];Gorgoniev-1966[ 121-122],
90C-wic,http://wals.info/languoid/lect/wals_code_wic,90C,90,Noun-Relative clause (NRel) dominant,Rood-1976[ passim],
90C-juh,http://wals.info/languoid/lect/wals_code_juh,90C,90,Noun-Relative clause (NRel) dominant,"Dickens-1992[ 28, 29];Snyman-1970[ 105]",
90C-klv,http://wals.info/languoid/lect/wals_code_klv,90C,90,Noun-Relative clause (NRel) dominant,"Senft-1986[ 66, 121-122]",
90C-nug,http://wals.info/languoid/lect/wals_code_nug,90C,90,Noun-Relative clause (NRel) dominant,"Heath-1984[ 561, 570]",
90C-irq,http://wals.info/languoid/lect/wals_code_irq,90C,90,Noun-Relative clause (NRel) dominant,Whiteley-1958[ passim],
90C-luv,http://wals.info/languoid/lect/wals_code_luv,90C,90,Noun-Relative clause (NRel) dominant,Horton-1949[ 177-179],
90C-san,http://wals.info/languoid/lect/wals_code_san,90C,90,Noun-Relative clause (NRel) dominant,"Samarin-1967b[ 63, 70-71]",
90C-bag,http://wals.info/languoid/lect/wals_code_bag,90C,90,Noun-Relative clause (NRel) dominant,Stevenson-1969[ 51],
90C-mau,http://wals.info/languoid/lect/wals_code_mau,90C,90,Noun-Relative clause (NRel) dominant,Capell-and-Hinch-1970[ passim],
90C-kfe,http://wals.info/languoid/lect/wals_code_kfe,90C,90,Noun-Relative clause (NRel) dominant,Rennison-1997[ 45],
90C-wch,http://wals.info/languoid/lect/wals_code_wch,90C,90,Noun-Relative clause (NRel) dominant,"Vinas-Urquiza-1974[ 112, 122, 131-132];Hunt-1940[ 11, 71]",
90C-yag,http://wals.info/languoid/lect/wals_code_yag,90C,90,Noun-Relative clause (NRel) dominant,"Payne-and-Payne-1990[ 342, 349];Payne-1990a[ 82]",
90C-apu,http://wals.info/languoid/lect/wals_code_apu,90C,90,Noun-Relative clause (NRel) dominant,Facundes-2000[ 576],
90C-bma,http://wals.info/languoid/lect/wals_code_bma,90C,90,Noun-Relative clause (NRel) dominant,Penchoen-1973b[ 67],
90C-lat,http://wals.info/languoid/lect/wals_code_lat,90C,90,Noun-Relative clause (NRel) dominant,Lazdina-1966[ 63];Bielenstein-1863[ 414],
90C-mar,http://wals.info/languoid/lect/wals_code_mar,90C,90,NRel or internally-headed,Gordon-1986[ 250-265],
90C-mxc,http://wals.info/languoid/lect/wals_code_mxc,90C,90,Noun-Relative clause (NRel) dominant,Macaulay-1996[ 157],
90C-rap,http://wals.info/languoid/lect/wals_code_rap,90C,90,Noun-Relative clause (NRel) dominant,Chapin-1978[ 149-150],
90C-jak,http://wals.info/languoid/lect/wals_code_jak,90C,90,Noun-Relative clause (NRel) dominant,"Craig-1977[ 9, 191-192];Day-1973[ 66, passim]",
90C-war,http://wals.info/languoid/lect/wals_code_war,90C,90,Noun-Relative clause (NRel) dominant,"Everett-and-Kern-1997[ 83-85, 150, 158]",
90C-kro,http://wals.info/languoid/lect/wals_code_kro,90C,90,Noun-Relative clause (NRel) dominant,"Reh-1985[ 249, 253-258];Reh-1983[ 47]",
90C-myi,http://wals.info/languoid/lect/wals_code_myi,90C,90,Noun-Relative clause (NRel) dominant,"Merlan-1982[ 15, 17]",
90C-tiw,http://wals.info/languoid/lect/wals_code_tiw,90C,90,Noun-Relative clause (NRel) dominant,Osborne-1974[ 72],
90C-knr,http://wals.info/languoid/lect/wals_code_knr,90C,90,Noun-Relative clause (NRel) dominant,"Lukas-1937[ 155-157];Hutchison-1981[ 217];Hutchison-1976[ 3, 63]",
90C-kay,http://wals.info/languoid/lect/wals_code_kay,90C,90,Noun-Relative clause (NRel) dominant,"Evans-1995[ 489, 517]",
90C-yor,http://wals.info/languoid/lect/wals_code_yor,90C,90,Noun-Relative clause (NRel) dominant,Rowlands-1969[ 87],
90C-may,http://wals.info/languoid/lect/wals_code_may,90C,90,Noun-Relative clause (NRel) dominant,"Dol-1999[ 137, 151, 168, 239];Brown-1990[ passim, 47, passim]",
90C-tuk,http://wals.info/languoid/lect/wals_code_tuk,90C,90,NRel or internally-headed,"Donohue-1999a[ 304, 367]",
90C-cha,http://wals.info/languoid/lect/wals_code_cha,90C,90,Noun-Relative clause (NRel) dominant,Topping-1973[ 280-282],
90C-chk,http://wals.info/languoid/lect/wals_code_chk,90C,90,NRel or RelN,Dunn-1999[ passim],
90C-fij,http://wals.info/languoid/lect/wals_code_fij,90C,90,Noun-Relative clause (NRel) dominant,"Dixon-1988[ 43, 251]",
90C-heb,http://wals.info/languoid/lect/wals_code_heb,90C,90,Noun-Relative clause (NRel) dominant,Glinert-1989[ 359],
90C-lan,http://wals.info/languoid/lect/wals_code_lan,90C,90,Noun-Relative clause (NRel) dominant,Noonan-1992[ 154],
90C-orh,http://wals.info/languoid/lect/wals_code_orh,90C,90,Noun-Relative clause (NRel) dominant,Owens-1985[ 86],
90C-tha,http://wals.info/languoid/lect/wals_code_tha,90C,90,Noun-Relative clause (NRel) dominant,Anthony-et-al-1968[ 502];Warotamasikkhadit-1972[ 48],
90C-yaq,http://wals.info/languoid/lect/wals_code_yaq,90C,90,Noun-Relative clause (NRel) dominant,"Lindenfeld-1973[ 25, 66]",
90C-zul,http://wals.info/languoid/lect/wals_code_zul,90C,90,Noun-Relative clause (NRel) dominant,"Ziervogel-et-al-1981[ 127-128, 220-225]",
90C-sla,http://wals.info/languoid/lect/wals_code_sla,90C,90,NRel or internally-headed,"Rice-1989[ 1000, 1309-1310]",
90C-aeg,http://wals.info/languoid/lect/wals_code_aeg,90C,90,Noun-Relative clause (NRel) dominant,"Gary-and-Gamal-Eldin-1982[ 18, 33]",
90C-grw,http://wals.info/languoid/lect/wals_code_grw,90C,90,Noun-Relative clause (NRel) dominant,Woodbury-1977[ 308];Fortescue-1984[ 108],
90C-hix,http://wals.info/languoid/lect/wals_code_hix,90C,90,Noun-Relative clause (NRel) dominant,"Derbyshire-1985[ 108, 136]",
90C-swa,http://wals.info/languoid/lect/wals_code_swa,90C,90,Noun-Relative clause (NRel) dominant,Ashton-1947[ 110-113],
90C-vie,http://wals.info/languoid/lect/wals_code_vie,90C,90,Noun-Relative clause (NRel) dominant,"Thompson-1965[ 191, passim];Binh-1971[ 130];Vuong-Gia-Thuy-1975[ 120]",
90C-ckr,http://wals.info/languoid/lect/wals_code_ckr,90C,90,NRel or internally-headed,Popjes-and-Popjes-1986[ 171],
90C-tag,http://wals.info/languoid/lect/wals_code_tag,90C,90,Noun-Relative clause (NRel) dominant,"Aldridge-2004[ 200];Schachter-and-Otanes-1972[ 123, 131]",
90C-geo,http://wals.info/languoid/lect/wals_code_geo,90C,90,Noun-Relative clause (NRel) dominant,Hewitt-1995[ 600ff],
90C-mal,http://wals.info/languoid/lect/wals_code_mal,90C,90,Noun-Relative clause (NRel) dominant,"Dez-1980b[ 107-108, 117];Domenichini-Ramiaramanana-1977[ 96]",
90C-hau,http://wals.info/languoid/lect/wals_code_hau,90C,90,Noun-Relative clause (NRel) dominant,Newman-2000[ 376];Kraft-1963[ Vol. 1:66-Vol. 1:71],
90C-mao,http://wals.info/languoid/lect/wals_code_mao,90C,90,Noun-Relative clause (NRel) dominant,"Bauer-1993[ 51, 107]",
90C-prs,http://wals.info/languoid/lect/wals_code_prs,90C,90,Noun-Relative clause (NRel) dominant,Rastorgueva-1964[ 60],
90C-ame,http://wals.info/languoid/lect/wals_code_ame,90C,90,Noun-Relative clause (NRel) dominant,Roberts-1987[ 49-52],
90C-ger,http://wals.info/languoid/lect/wals_code_ger,90C,90,Noun-Relative clause (NRel) dominant,"Lederer-1969[ 604, 612-613]",
90C-grk,http://wals.info/languoid/lect/wals_code_grk,90C,90,Noun-Relative clause (NRel) dominant,Mackridge-1985[ passim],
90C-hun,http://wals.info/languoid/lect/wals_code_hun,90C,90,NRel or RelN,Kenesei-et-al-1998[ 38],
90C-ind,http://wals.info/languoid/lect/wals_code_ind,90C,90,Noun-Relative clause (NRel) dominant,"Sneddon-1996a[ 148, 286ff];Danusugondo-1975[ passim];Macdonald-1976[ 89]",
90C-fin,http://wals.info/languoid/lect/wals_code_fin,90C,90,Noun-Relative clause (NRel) dominant,"Sulkala-and-Karjalainen-1992[ 43, 88]",
90C-rus,http://wals.info/languoid/lect/wals_code_rus,90C,90,Noun-Relative clause (NRel) dominant,Bivon-1971[ 84],
90C-spa,http://wals.info/languoid/lect/wals_code_spa,90C,90,Noun-Relative clause (NRel) dominant,Green-1988[ 104-105],
90C-fre,http://wals.info/languoid/lect/wals_code_fre,90C,90,Noun-Relative clause (NRel) dominant,,
90C-eng,http://wals.info/languoid/lect/wals_code_eng,90C,90,Noun-Relative clause (NRel) dominant,,
90C-ddj,http://wals.info/languoid/lect/wals_code_ddj,90C,90,Noun-Relative clause (NRel) dominant,Gode-2008[ 149ff],
90C-ney,http://wals.info/languoid/lect/wals_code_ney,90C,90,Noun-Relative clause (NRel) dominant,Grah-1983[ 206],
90C-nrg,http://wals.info/languoid/lect/wals_code_nrg,90C,90,Noun-Relative clause (NRel) dominant,Ouedraogo-1984[ 556],
90C-ncm,http://wals.info/languoid/lect/wals_code_ncm,90C,90,Noun-Relative clause (NRel) dominant,Cox-1998[ 314],
90C-myg,http://wals.info/languoid/lect/wals_code_myg,90C,90,Noun-Relative clause (NRel) dominant,Sawka-2001[ 32],
90C-ajg,http://wals.info/languoid/lect/wals_code_ajg,90C,90,Noun-Relative clause (NRel) dominant,Tchitchi-1984[ 357-358],
90C-zag,http://wals.info/languoid/lect/wals_code_zag,90C,90,Noun-Relative clause (NRel) dominant,Crass-and-Jakobi-2004[ 177],
90C-mgq,http://wals.info/languoid/lect/wals_code_mgq,90C,90,Noun-Relative clause (NRel) dominant,Khamis-1983[ 155],
90C-tsk,http://wals.info/languoid/lect/wals_code_tsk,90C,90,Noun-Relative clause (NRel) dominant,"Heath-2005[ 14, 623ff]",
90C-hna,http://wals.info/languoid/lect/wals_code_hna,90C,90,Noun-Relative clause (NRel) dominant,Frajzyngier-and-Johnston-2005[ 436],
90C-arj,http://wals.info/languoid/lect/wals_code_arj,90C,90,Noun-Relative clause (NRel) dominant,,
90C-tdr,http://wals.info/languoid/lect/wals_code_tdr,90C,90,NRel or RelN,Kretschmar-1986[ 91],
90C-kgy,http://wals.info/languoid/lect/wals_code_kgy,90C,90,NRel or RelN,Huber-2005[ 177],
90C-knz,http://wals.info/languoid/lect/wals_code_knz,90C,90,Noun-Relative clause (NRel) dominant,Causemann-1989[ 118],
90C-bwc,http://wals.info/languoid/lect/wals_code_bwc,90C,90,Noun-Relative clause (NRel) dominant,"Miller-2007[ 312, 391]",
90C-ttd,http://wals.info/languoid/lect/wals_code_ttd,90C,90,Noun-Relative clause (NRel) dominant,Williams-van-Klinken-et-al-2002[ 25],
90C-lab,http://wals.info/languoid/lect/wals_code_lab,90C,90,Noun-Relative clause (NRel) dominant,Siegel-1984[ 119-120],
90C-vnm,http://wals.info/languoid/lect/wals_code_vnm,90C,90,Noun-Relative clause (NRel) dominant,Crowley-2002g[ 643],
90C-psw,http://wals.info/languoid/lect/wals_code_psw,90C,90,Noun-Relative clause (NRel) dominant,Crowley-2002e[ 655],
90C-lmu,http://wals.info/languoid/lect/wals_code_lmu,90C,90,Noun-Relative clause (NRel) dominant,Early-2002b[ 674],
90C-erk,http://wals.info/languoid/lect/wals_code_erk,90C,90,Noun-Relative clause (NRel) dominant,,
90C-ndr,http://wals.info/languoid/lect/wals_code_ndr,90C,90,Noun-Relative clause (NRel) dominant,Geraghty-2002[ 840],
90C-mxe,http://wals.info/languoid/lect/wals_code_mxe,90C,90,Noun-Relative clause (NRel) dominant,,
90C-mkj,http://wals.info/languoid/lect/wals_code_mkj,90C,90,Noun-Relative clause (NRel) dominant,Huber-2008[ 35],
90C-abv,http://wals.info/languoid/lect/wals_code_abv,90C,90,Noun-Relative clause (NRel) dominant,Kratochvil-2007[ 169-174],
90C-brp,http://wals.info/languoid/lect/wals_code_brp,90C,90,Noun-Relative clause (NRel) dominant,Corris-2005[ 133],
90C-bio,http://wals.info/languoid/lect/wals_code_bio,90C,90,Noun-Relative clause (NRel) dominant,Hamlin-1998[ 51],
90C-urt,http://wals.info/languoid/lect/wals_code_urt,90C,90,Noun-Relative clause (NRel) dominant,Sposato-2008[ 12],
90C-xbi,http://wals.info/languoid/lect/wals_code_xbi,90C,90,Noun-Relative clause (NRel) dominant,Yi-2008[ 13],
90C-aoj,http://wals.info/languoid/lect/wals_code_aoj,90C,90,Noun-Relative clause (NRel) dominant,Alungum-et-al-1978[ 109],
90C-kmz,http://wals.info/languoid/lect/wals_code_kmz,90C,90,NRel or RelN,"Sanders-and-Sanders-1994[ 5, passim, 48]",
90C-tee,http://wals.info/languoid/lect/wals_code_tee,90C,90,Noun-Relative clause (NRel) dominant,Kung-2007[ 589],
90C-qum,http://wals.info/languoid/lect/wals_code_qum,90C,90,Noun-Relative clause (NRel) dominant,Barrett-1999[ 266],
90C-eme,http://wals.info/languoid/lect/wals_code_eme,90C,90,Noun-Relative clause (NRel) dominant,Rose-2003b[ 492-502],
90C-pnx,http://wals.info/languoid/lect/wals_code_pnx,90C,90,Noun-Relative clause (NRel) dominant,Dourado-2001[ 88],
90C-huc,http://wals.info/languoid/lect/wals_code_huc,90C,90,Noun-Relative clause (NRel) dominant,Anonymous-6[passim],
90C-mcv,http://wals.info/languoid/lect/wals_code_mcv,90C,90,Noun-Relative clause (NRel) dominant,Grondona-1998[ 166],
90C-ndy,http://wals.info/languoid/lect/wals_code_ndy,90C,90,Noun-Relative clause (NRel) dominant,"Huttar-and-Huttar-1994[ 90, 200]",
