ID,Language_ID,Parameter_ID,Contribution_ID,Value,Source,Comment
144K-buy,http://wals.info/languoid/lect/wals_code_buy,144K,144,OnlyWithAnotherNeg,,
144K-ina,http://wals.info/languoid/lect/wals_code_ina,144K,144,No SVONeg,de-Vries-1996[ 40],
144K-lgt,http://wals.info/languoid/lect/wals_code_lgt,144K,144,NoDoubleNeg,Tucker-1967[ 253],
144K-xar,http://wals.info/languoid/lect/wals_code_xar,144K,144,No SVONeg,,
144K-anu,http://wals.info/languoid/lect/wals_code_anu,144K,144,No SVONeg,Smye-2004[ 85],
144K-mrq,http://wals.info/languoid/lect/wals_code_mrq,144K,144,No SVONeg,Lynch-2002a[ 875],
144K-tmm,http://wals.info/languoid/lect/wals_code_tmm,144K,144,No SVONeg,Jauncey-2002[ 618],
144K-ssa,http://wals.info/languoid/lect/wals_code_ssa,144K,144,No SVONeg,Blass-1975[ passim],
144K-eko,http://wals.info/languoid/lect/wals_code_eko,144K,144,No SVONeg,Schadeberg-and-Mucanheia-2000[ 116-121],
144K-rim,http://wals.info/languoid/lect/wals_code_rim,144K,144,No SVONeg,"Olson-1964[ 183, 184, 188]",
144K-skm,http://wals.info/languoid/lect/wals_code_skm,144K,144,No SVONeg,Batibo-1985[ 283-286],
144K-tet,http://wals.info/languoid/lect/wals_code_tet,144K,144,No SVONeg,Wetshemongo-1996[ 401],
144K-tpr,http://wals.info/languoid/lect/wals_code_tpr,144K,144,NoDoubleNeg,"Ruelland-1998[ 88, passim]",
144K-bik,http://wals.info/languoid/lect/wals_code_bik,144K,144,NoDoubleNeg,van-den-Heuvel-2006[ 129],
144K-mkz,http://wals.info/languoid/lect/wals_code_mkz,144K,144,No SVONeg,Heath-2003[ 345-346],
144K-nke,http://wals.info/languoid/lect/wals_code_nke,144K,144,No SVONeg,Sibomana-1986[ 272-274],
144K-tan,http://wals.info/languoid/lect/wals_code_tan,144K,144,No SVONeg,Jungraithmayr-1991[ 61],
144K-tki,http://wals.info/languoid/lect/wals_code_tki,144K,144,No SVONeg,Biloa-1997[ passim],
144K-uli,http://wals.info/languoid/lect/wals_code_uli,144K,144,No SVONeg,Lynch-2002b[ 800],
144K-cga,http://wals.info/languoid/lect/wals_code_cga,144K,144,No SVONeg,Raum-1909[ 117-118],
144K-dma,http://wals.info/languoid/lect/wals_code_dma,144K,144,No SVONeg,Adam-1954[ 77],
144K-mhu,http://wals.info/languoid/lect/wals_code_mhu,144K,144,No SVONeg,Fourie-1993[ 23-27],
144K-nto,http://wals.info/languoid/lect/wals_code_nto,144K,144,No SVONeg,"Gilliard-1928[ 23, 27]",
144K-png,http://wals.info/languoid/lect/wals_code_png,144K,144,No SVONeg,Stirnimann-1983[ 122ff],
144K-bch,http://wals.info/languoid/lect/wals_code_bch,144K,144,No SVONeg,Penchoen-1973a[ 50],
144K-bol,http://wals.info/languoid/lect/wals_code_bol,144K,144,OnlyWithAnotherNeg,Mamet-1960[ 58-59],
144K-ebi,http://wals.info/languoid/lect/wals_code_ebi,144K,144,No SVONeg,Adive-1989[ 71],
144K-mkd,http://wals.info/languoid/lect/wals_code_mkd,144K,144,No SVONeg,Harries-1940[ 122-125],
144K-sgl,http://wals.info/languoid/lect/wals_code_sgl,144K,144,OnlyWithAnotherNeg,"Mangulu-2001[309-312, 320, passim]",
144K-tal,http://wals.info/languoid/lect/wals_code_tal,144K,144,No SVONeg,Paluku-1998[ passim],
144K-yao,http://wals.info/languoid/lect/wals_code_yao,144K,144,No SVONeg,"Whiteley-1966[ 55, 58, 59]",
144K-hol,http://wals.info/languoid/lect/wals_code_hol,144K,144,No SVONeg,Coupez-1955[ 67],
144K-mda,http://wals.info/languoid/lect/wals_code_mda,144K,144,NoDoubleNeg,"Barreteau-and-Brunet-2000[ 86, 252]",
144K-rru,http://wals.info/languoid/lect/wals_code_rru,144K,144,No SVONeg,Rubongoya-1999[ 175],
144K-zpr,http://wals.info/languoid/lect/wals_code_zpr,144K,144,No SVONeg,"Peeke-1962[ 130, 157, 200]",
144K-aja,http://wals.info/languoid/lect/wals_code_aja,144K,144,NoDoubleNeg,Santandrea-1976[ 61],
144K-aab,http://wals.info/languoid/lect/wals_code_aab,144K,144,NoDoubleNeg,Nekitel-1985[ 101],
144K-bia,http://wals.info/languoid/lect/wals_code_bia,144K,144,No SVONeg,Kutsch-Lojenga-2003[ 469],
144K-gwo,http://wals.info/languoid/lect/wals_code_gwo,144K,144,NoDoubleNeg,Adwiraah-1989[ 90],
144K-heh,http://wals.info/languoid/lect/wals_code_heh,144K,144,No SVONeg,Velten-1899a[ 179-183],
144K-leb,http://wals.info/languoid/lect/wals_code_leb,144K,144,No SVONeg,Gerard-1924[ 47],
144K-luc,http://wals.info/languoid/lect/wals_code_luc,144K,144,No SVONeg,"Fleisch-2001[185-190, 191]",
144K-mbe,http://wals.info/languoid/lect/wals_code_mbe,144K,144,No SVONeg,Adam-1954[ 76],
144K-one,http://wals.info/languoid/lect/wals_code_one,144K,144,OptDoubleNeg,,
144K-blz,http://wals.info/languoid/lect/wals_code_blz,144K,144,No SVONeg,Fudemann-1999[ 80],
144K-kby,http://wals.info/languoid/lect/wals_code_kby,144K,144,No SVONeg,Lebikaza-1999[ 308],
144K-kdw,http://wals.info/languoid/lect/wals_code_kdw,144K,144,No SVONeg,Sandalo-1997[ 42],
144K-lgi,http://wals.info/languoid/lect/wals_code_lgi,144K,144,No SVONeg,Seidel-1898[ 405],
144K-leg,http://wals.info/languoid/lect/wals_code_leg,144K,144,No SVONeg,"Meeussen-1971[ 27, 29, passim];Botne-2003[ 438]",
144K-ma,http://wals.info/languoid/lect/wals_code_ma,144K,144,OnlyWithAnotherNeg,Tucker-and-Bryan-1966[ 130-131],
144K-ngu,http://wals.info/languoid/lect/wals_code_ngu,144K,144,No SVONeg,"Schutz-1969a[ 24, passim]",
144K-tiv,http://wals.info/languoid/lect/wals_code_tiv,144K,144,NoDoubleNeg,Abraham-1940[ 22],
144K-bob,http://wals.info/languoid/lect/wals_code_bob,144K,144,OnlyWithAnotherNeg,Whitehead-1899[ 76-77],
144K-ega,http://wals.info/languoid/lect/wals_code_ega,144K,144,NoDoubleNeg,,
144K-gla,http://wals.info/languoid/lect/wals_code_gla,144K,144,NoDoubleNeg,Edmondson-2008[ 669],
144K-ktc,http://wals.info/languoid/lect/wals_code_ktc,144K,144,No SVONeg,Tucker-and-Bryan-1966[ 310],
144K-kga,http://wals.info/languoid/lect/wals_code_kga,144K,144,No SVONeg,Wolff-1905[ 80],
144K-kwz,http://wals.info/languoid/lect/wals_code_kwz,144K,144,No SVONeg,van-der-Voort-2004[ 519],
144K-mua,http://wals.info/languoid/lect/wals_code_mua,144K,144,No SVONeg,Woodward-1926[ 295-296],
144K-mgk,http://wals.info/languoid/lect/wals_code_mgk,144K,144,OptDoubleNeg,Tischhauser-1992[ 24],
144K-nal,http://wals.info/languoid/lect/wals_code_nal,144K,144,No SVONeg,Volker-1998[ 58],
144K-nne,http://wals.info/languoid/lect/wals_code_nne,144K,144,No SVONeg,Tryon-1967b[ 47],
144K-shm,http://wals.info/languoid/lect/wals_code_shm,144K,144,No SVONeg,Besha-1993[ 18],
144K-ven,http://wals.info/languoid/lect/wals_code_ven,144K,144,No SVONeg,"Poulos-1990[ 254, 264]",
144K-bug,http://wals.info/languoid/lect/wals_code_bug,144K,144,No SVONeg,Samsuri-1965[ 132],
144K-fon,http://wals.info/languoid/lect/wals_code_fon,144K,144,No SVONeg,Lefebvre-and-Brousseau-2002[ 120-121],
144K-kil,http://wals.info/languoid/lect/wals_code_kil,144K,144,No SVONeg,DeClercq-1929[ 35],
144K-mtb,http://wals.info/languoid/lect/wals_code_mtb,144K,144,NoDoubleNeg,Odden-1996[ passim],
144K-mus,http://wals.info/languoid/lect/wals_code_mus,144K,144,No SVONeg,Ross-2002b[ 164],
144K-ngw,http://wals.info/languoid/lect/wals_code_ngw,144K,144,No SVONeg,Breen-1981b[ 65],
144K-nse,http://wals.info/languoid/lect/wals_code_nse,144K,144,No SVONeg,Ranger-1928[ 58],
144K-ron,http://wals.info/languoid/lect/wals_code_ron,144K,144,NoDoubleNeg,Seibert-1998[ 116],
144K-xam,http://wals.info/languoid/lect/wals_code_xam,144K,144,No SVONeg,,
144K-bbl,http://wals.info/languoid/lect/wals_code_bbl,144K,144,No SVONeg,Leitch-1994[ 193],
144K-bku,http://wals.info/languoid/lect/wals_code_bku,144K,144,No SVONeg,Kagaya-1992[ 31],
144K-ige,http://wals.info/languoid/lect/wals_code_ige,144K,144,NoDoubleNeg,Bergman-1981[ 37],
144K-mdo,http://wals.info/languoid/lect/wals_code_mdo,144K,144,NoDoubleNeg,Boyd-1997[ 162],
144K-sob,http://wals.info/languoid/lect/wals_code_sob,144K,144,No SVONeg,Sterner-and-Ross-2002[ 183],
144K-toz,http://wals.info/languoid/lect/wals_code_toz,144K,144,No SVONeg,Collins-1962[ 44],
144K-agh,http://wals.info/languoid/lect/wals_code_agh,144K,144,No SVONeg,"Anderson-1979[ 118, 123]",
144K-ble,http://wals.info/languoid/lect/wals_code_ble,144K,144,No SVONeg,"Carteron-1972[ 42, 69-70]",
144K-bni,http://wals.info/languoid/lect/wals_code_bni,144K,144,No SVONeg,"Dunn-1968[ 26, 27, 31, passim]",
144K-deg,http://wals.info/languoid/lect/wals_code_deg,144K,144,No SVONeg,Kari-1997[ 47],
144K-dgo,http://wals.info/languoid/lect/wals_code_dgo,144K,144,NoDoubleNeg,Tucker-and-Bryan-1966[ 130],
144K-kba,http://wals.info/languoid/lect/wals_code_kba,144K,144,No SVONeg,Whiteley-and-Muli-1962[ 50],
144K-ldo,http://wals.info/languoid/lect/wals_code_ldo,144K,144,No SVONeg,"Kuperus-1985[ 148, 150, passim]",
144K-msk,http://wals.info/languoid/lect/wals_code_msk,144K,144,OnlyWithAnotherNeg,Tucker-and-Bryan-1966[ 286],
144K-mdg,http://wals.info/languoid/lect/wals_code_mdg,144K,144,NoDoubleNeg,Elders-2000[ 440],
144K-pnu,http://wals.info/languoid/lect/wals_code_pnu,144K,144,No SVONeg,Mao-and-Tsu-yao-1972[ 252],
144K-stn,http://wals.info/languoid/lect/wals_code_stn,144K,144,No SVONeg,Ziervogel-et-al-1969[ 35],
144K-tbw,http://wals.info/languoid/lect/wals_code_tbw,144K,144,No SVONeg,de-Beerst-1896[ 301],
144K-taf,http://wals.info/languoid/lect/wals_code_taf,144K,144,No SVONeg,Ross-2002g[ 437],
144K-zqs,http://wals.info/languoid/lect/wals_code_zqs,144K,144,No SVONeg,"Elson-1967[ 276, 281]",
144K-bka,http://wals.info/languoid/lect/wals_code_bka,144K,144,NoDoubleNeg,Tucker-and-Bryan-1966[ 80];Santandrea-1976[ 149],
144K-dua,http://wals.info/languoid/lect/wals_code_dua,144K,144,No SVONeg,Ittmann-1978[ 151],
144K-kpw,http://wals.info/languoid/lect/wals_code_kpw,144K,144,NoDoubleNeg,Kato-2003[ 640],
144K-lac,http://wals.info/languoid/lect/wals_code_lac,144K,144,No SVONeg,Bruce-1968[ passim],
144K-lew,http://wals.info/languoid/lect/wals_code_lew,144K,144,OnlyWithAnotherNeg,Early-1994a[ passim],
144K-lou,http://wals.info/languoid/lect/wals_code_lou,144K,144,OnlyWithAnotherNeg,Stutzman-1997[ 59],
144K-ndu,http://wals.info/languoid/lect/wals_code_ndu,144K,144,OnlyWithAnotherNeg,Biton-1969[ 643],
144K-neh,http://wals.info/languoid/lect/wals_code_neh,144K,144,No SVONeg,Todd-1978[ 1209],
144K-sgu,http://wals.info/languoid/lect/wals_code_sgu,144K,144,No SVONeg,Idiata-1998[ 80-81],
144K-sht,http://wals.info/languoid/lect/wals_code_sht,144K,144,NoDoubleNeg,Tucker-and-Bryan-1966[ passim],
144K-sir,http://wals.info/languoid/lect/wals_code_sir,144K,144,No SVONeg,Ross-2002f[ 420],
144K-sud,http://wals.info/languoid/lect/wals_code_sud,144K,144,No SVONeg,Anderson-and-Ross-2002[ 343],
144K-adz,http://wals.info/languoid/lect/wals_code_adz,144K,144,OnlyWithAnotherNeg,Holzknecht-1986[ 139],
144K-gnb,http://wals.info/languoid/lect/wals_code_gnb,144K,144,No SVONeg,"Harris-1969b[ 4, 12-13, 35-37]",
144K-jar,http://wals.info/languoid/lect/wals_code_jar,144K,144,NoDoubleNeg,Lukas-and-Willms-1961[ 33],
144K-kel,http://wals.info/languoid/lect/wals_code_kel,144K,144,NoDoubleNeg,Ross-2002k[ passim],
144K-kir,http://wals.info/languoid/lect/wals_code_kir,144K,144,No SVONeg,Prost-1964b[ passim],
144K-mmv,http://wals.info/languoid/lect/wals_code_mmv,144K,144,No SVONeg,Tucker-and-Bryan-1966[ 54],
144K-mpu,http://wals.info/languoid/lect/wals_code_mpu,144K,144,NoDoubleNeg,Ode-2002[ 79],
144K-sap,http://wals.info/languoid/lect/wals_code_sap,144K,144,No SVONeg,Jacq-and-Sidwell-1999[ 22],
144K-sgb,http://wals.info/languoid/lect/wals_code_sgb,144K,144,NoDoubleNeg,Reesink-2002[ 253],
144K-wrm,http://wals.info/languoid/lect/wals_code_wrm,144K,144,NoDoubleNeg,Donohue-1999b[ passim],
144K-bvi,http://wals.info/languoid/lect/wals_code_bvi,144K,144,No SVONeg,Ross-2002c[ 383],
144K-gbk,http://wals.info/languoid/lect/wals_code_gbk,144K,144,NoDoubleNeg,Tucker-and-Bryan-1966[ 101],
144K-ken,http://wals.info/languoid/lect/wals_code_ken,144K,144,NoDoubleNeg,Vandame-1968[ 61],
144K-lmh,http://wals.info/languoid/lect/wals_code_lmh,144K,144,NoDoubleNeg,Nishiyama-and-Kelen-2007[ 69];Arndt-1937[ 99],
144K-nad,http://wals.info/languoid/lect/wals_code_nad,144K,144,No SVONeg,Weir-1994[ 294-298],
144K-nza,http://wals.info/languoid/lect/wals_code_nza,144K,144,NoDoubleNeg,Tucker-and-Bryan-1966[ 155],
144K-plg,http://wals.info/languoid/lect/wals_code_plg,144K,144,No SVONeg,Milne-1921[ passim],
144K-pre,http://wals.info/languoid/lect/wals_code_pre,144K,144,No SVONeg,Kotz-1964[ 7-8],
144K-pat,http://wals.info/languoid/lect/wals_code_pat,144K,144,NoDoubleNeg,Lauck-1976[ passim],
144K-aml,http://wals.info/languoid/lect/wals_code_aml,144K,144,OnlyWithAnotherNeg,"Hyslop-2001[ 231, 259, passim]",
144K-bnn,http://wals.info/languoid/lect/wals_code_bnn,144K,144,No SVONeg,"Lincoln-1976[ 126-127, 132, 134-135, 138]",
144K-bsh,http://wals.info/languoid/lect/wals_code_bsh,144K,144,No SVONeg,Edmiston-1932[ 87],
144K-gku,http://wals.info/languoid/lect/wals_code_gku,144K,144,No SVONeg,Casamiquela-1983[ 79],
144K-hya,http://wals.info/languoid/lect/wals_code_hya,144K,144,No SVONeg,Byarushengo-1977[ 11],
144K-ila,http://wals.info/languoid/lect/wals_code_ila,144K,144,No SVONeg,Smith-1907[ 164],
144K-kni,http://wals.info/languoid/lect/wals_code_kni,144K,144,No SVONeg,Cahill-1999[ 20],
144K-lag,http://wals.info/languoid/lect/wals_code_lag,144K,144,NoDoubleNeg,Lukas-1936[ 47],
144K-mmb,http://wals.info/languoid/lect/wals_code_mmb,144K,144,NoDoubleNeg,"Bugenhagen-1995[ 126, 131]",
144K-mas,http://wals.info/languoid/lect/wals_code_mas,144K,144,NoDoubleNeg,Caitucoli-1986[ 48],
144K-mea,http://wals.info/languoid/lect/wals_code_mea,144K,144,NoDoubleNeg,Gravelle-2004[ 203];Gravelle-2002[ 168],
144K-mga,http://wals.info/languoid/lect/wals_code_mga,144K,144,No SVONeg,De-Boeck-1952[ 40-43],
144K-mwe,http://wals.info/languoid/lect/wals_code_mwe,144K,144,No SVONeg,Harries-1950[ 100],
144K-tob,http://wals.info/languoid/lect/wals_code_tob,144K,144,No SVONeg,Klein-1973[ passim];Klein-2001[ 37],
144K-alk,http://wals.info/languoid/lect/wals_code_alk,144K,144,NoDoubleNeg,DJernes-2002[ 265],
144K-bgr,http://wals.info/languoid/lect/wals_code_bgr,144K,144,NoDoubleNeg,"Boyeldieu-2000[ 225, 227]",
144K-goe,http://wals.info/languoid/lect/wals_code_goe,144K,144,NoDoubleNeg,Hellwig-2003[ 39],
144K-kar,http://wals.info/languoid/lect/wals_code_kar,144K,144,NoDoubleNeg,"Boyeldieu-1987[ 90];Santandrea-1970[ 127, 153, 159]",
144K-laa,http://wals.info/languoid/lect/wals_code_laa,144K,144,NoDoubleNeg,Boyeldieu-1982[ 189-190],
144K-mbt,http://wals.info/languoid/lect/wals_code_mbt,144K,144,No SVONeg,Tucker-and-Bryan-1966[ 54],
144K-mbr,http://wals.info/languoid/lect/wals_code_mbr,144K,144,NoDoubleNeg,Tourneux-et-al-1986[ 190],
144K-bmb,http://wals.info/languoid/lect/wals_code_bmb,144K,144,OnlyWithAnotherNeg,"Jacobs-1970[ 99-101, 114, 128-129]",
144K-bgo,http://wals.info/languoid/lect/wals_code_bgo,144K,144,OptDoubleNeg,"Santandrea-1963[ 58, 68]",
144K-bum,http://wals.info/languoid/lect/wals_code_bum,144K,144,NoDoubleNeg,Tryon-2002[ 583],
144K-cai,http://wals.info/languoid/lect/wals_code_cai,144K,144,NoDoubleNeg,Last-and-Lucassen-1998[ 419],
144K-gul,http://wals.info/languoid/lect/wals_code_gul,144K,144,NoDoubleNeg,Nougayrol-1999[ 68],
144K-kad,http://wals.info/languoid/lect/wals_code_kad,144K,144,No SVONeg,Matsushita-1986[ ??],
144K-koe,http://wals.info/languoid/lect/wals_code_koe,144K,144,No SVONeg,Hieda-1998[ 368],
144K-mlu,http://wals.info/languoid/lect/wals_code_mlu,144K,144,NoDoubleNeg,Haywood-1996[ 177],
144K-mwo,http://wals.info/languoid/lect/wals_code_mwo,144K,144,No SVONeg,"Crowley-2002d[ 595, 597]",
144K-ngo,http://wals.info/languoid/lect/wals_code_ngo,144K,144,No SVONeg,Ngonyani-2003[ 86],
144K-srd,http://wals.info/languoid/lect/wals_code_srd,144K,144,No SVONeg,Jones-1988[ 341],
144K-arq,http://wals.info/languoid/lect/wals_code_arq,144K,144,No SVONeg,Erwin-1963[ 328],
144K-hnd,http://wals.info/languoid/lect/wals_code_hnd,144K,144,No SVONeg,Kahombo-1992[ 33],
144K-ktl,http://wals.info/languoid/lect/wals_code_ktl,144K,144,No SVONeg,Tucker-and-Bryan-1966[ 268],
144K-kwn,http://wals.info/languoid/lect/wals_code_kwn,144K,144,No SVONeg,Dammann-1957[ 66],
144K-ldu,http://wals.info/languoid/lect/wals_code_ldu,144K,144,NoDoubleNeg,Tucker-and-Bryan-1966[ 54],
144K-let,http://wals.info/languoid/lect/wals_code_let,144K,144,No SVONeg,van-Engelenhoven-1995[ 213],
144K-mae,http://wals.info/languoid/lect/wals_code_mae,144K,144,No SVONeg,Capell-1962a[ 26],
144K-nhm,http://wals.info/languoid/lect/wals_code_nhm,144K,144,No SVONeg,Sischo-1979[ 313],
144K-paa,http://wals.info/languoid/lect/wals_code_paa,144K,144,OptDoubleNeg,Skinner-1979[ 51],
144K-rny,http://wals.info/languoid/lect/wals_code_rny,144K,144,No SVONeg,Morris-and-Kirwan-1972[ 7],
144K-sak,http://wals.info/languoid/lect/wals_code_sak,144K,144,No SVONeg,Guy-1974a[ 48],
144K-sis,http://wals.info/languoid/lect/wals_code_sis,144K,144,No SVONeg,Ross-2002l[ 464],
144K-son,http://wals.info/languoid/lect/wals_code_son,144K,144,No SVONeg,Capell-1969[ 81],
144K-sti,http://wals.info/languoid/lect/wals_code_sti,144K,144,No SVONeg,Miller-1976[ 37],
144K-wrn,http://wals.info/languoid/lect/wals_code_wrn,144K,144,No SVONeg,"Heath-1980b[ 59, 78, 96]",
144K-bii,http://wals.info/languoid/lect/wals_code_bii,144K,144,NoDoubleNeg,Terrill-1998[ 46],
144K-juk,http://wals.info/languoid/lect/wals_code_juk,144K,144,NoDoubleNeg,"Welmers-1968b[ 56];Shimuzu-1980[ 276, 315]",
144K-kin,http://wals.info/languoid/lect/wals_code_kin,144K,144,No SVONeg,"Hurel-1959[ 74-75, 83]",
144K-maj,http://wals.info/languoid/lect/wals_code_maj,144K,144,No SVONeg,Unseth-1989[ 119],
144K-mlg,http://wals.info/languoid/lect/wals_code_mlg,144K,144,No SVONeg,"Lohr-2002[ 178-179, 183, 189, 192-196, 199]",
144K-nkn,http://wals.info/languoid/lect/wals_code_nkn,144K,144,No SVONeg,"Reineke-1972[ 52, 55]",
144K-ocu,http://wals.info/languoid/lect/wals_code_ocu,144K,144,No SVONeg,Muntzel-1986[ 125],
144K-uld,http://wals.info/languoid/lect/wals_code_uld,144K,144,NoDoubleNeg,de-Colombel-1997[ 81],
144K-wal,http://wals.info/languoid/lect/wals_code_wal,144K,144,No SVONeg,,
144K-yng,http://wals.info/languoid/lect/wals_code_yng,144K,144,No SVONeg,Dench-1998[ 63],
144K-zch,http://wals.info/languoid/lect/wals_code_zch,144K,144,No SVONeg,"Johnson-2000[ 100, 108]",
144K-acg,http://wals.info/languoid/lect/wals_code_acg,144K,144,No SVONeg,Wilson-and-Levinsohn-1992[ 131],
144K-amq,http://wals.info/languoid/lect/wals_code_amq,144K,144,NoDoubleNeg,Silzer-1983[ 214-215],
144K-btk,http://wals.info/languoid/lect/wals_code_btk,144K,144,No SVONeg,Waterman-1932[ 85];Seidenadel-1909[ 139],
144K-duk,http://wals.info/languoid/lect/wals_code_duk,144K,144,NoDoubleNeg,"Bendor-Samuel-et-al-1973[ passim, 72]",
144K-eno,http://wals.info/languoid/lect/wals_code_eno,144K,144,No SVONeg,Kahler-1940[ 100-101],
144K-gok,http://wals.info/languoid/lect/wals_code_gok,144K,144,No SVONeg,,
144K-hal,http://wals.info/languoid/lect/wals_code_hal,144K,144,No SVONeg,"Allen-and-Allen-1965[ 11-12, passim]",
144K-kbw,http://wals.info/languoid/lect/wals_code_kbw,144K,144,OnlyWithAnotherNeg,"Henderson-1997[ xiii, passim]",
144K-kre,http://wals.info/languoid/lect/wals_code_kre,144K,144,OptDoubleNeg,"Brown-1994[ 165];Santandrea-1976[ 61, 130];Tucker-and-Bryan-1966[ 80-81]",
144K-mut,http://wals.info/languoid/lect/wals_code_mut,144K,144,No SVONeg,Okrand-1977[ 296],
144K-ndb,http://wals.info/languoid/lect/wals_code_ndb,144K,144,No SVONeg,Bowern-and-Lotridge-2002[ 32],
144K-ngd,http://wals.info/languoid/lect/wals_code_ngd,144K,144,No SVONeg,"Arndt-1933b[ 41, 50]",
144K-olo,http://wals.info/languoid/lect/wals_code_olo,144K,144,NoDoubleNeg,"Staley-1995[ passim, 111, passim]",
144K-pga,http://wals.info/languoid/lect/wals_code_pga,144K,144,No SVONeg,"Vidal-2001[ 132, 283]",
144K-teo,http://wals.info/languoid/lect/wals_code_teo,144K,144,No SVONeg,Mosel-and-Spriggs-1992[ 84],
144K-xho,http://wals.info/languoid/lect/wals_code_xho,144K,144,No SVONeg,McLaren-1939[ 103],
144K-adi,http://wals.info/languoid/lect/wals_code_adi,144K,144,No SVONeg,Herault-1978[ 353ff],
144K-bak,http://wals.info/languoid/lect/wals_code_bak,144K,144,NoDoubleNeg,Kilian-Hatz-1989[ xxiii];Kilian-Hatz-1995[ 61],
144K-brf,http://wals.info/languoid/lect/wals_code_brf,144K,144,No SVONeg,"Kossmann-2000[ 150, 173]",
144K-bra,http://wals.info/languoid/lect/wals_code_bra,144K,144,No SVONeg,"Keller-1976[ 42, 44]",
144K-hak,http://wals.info/languoid/lect/wals_code_hak,144K,144,No SVONeg,Hashimoto-1973[ passim],
144K-izi,http://wals.info/languoid/lect/wals_code_izi,144K,144,No SVONeg,Meier-et-al-1975[ 216],
144K-mcd,http://wals.info/languoid/lect/wals_code_mcd,144K,144,No SVONeg,Friedman-1993[ 290],
144K-tmn,http://wals.info/languoid/lect/wals_code_tmn,144K,144,No SVONeg,Tucker-and-Bryan-1966[ 260],
144K-tep,http://wals.info/languoid/lect/wals_code_tep,144K,144,No SVONeg,Watters-1988[ passim],
144K-aln,http://wals.info/languoid/lect/wals_code_aln,144K,144,NoDoubleNeg,Niggemeyer-1951[ passim],
144K-ane,http://wals.info/languoid/lect/wals_code_ane,144K,144,NoDoubleNeg,Thurston-1982[ 31],
144K-dga,http://wals.info/languoid/lect/wals_code_dga,144K,144,No SVONeg,Bodomo-1997[ 84-85],
144K-ga,http://wals.info/languoid/lect/wals_code_ga,144K,144,No SVONeg,"Ablorh-Odjidja-1968[ 65, 69, 72]",
144K-lbu,http://wals.info/languoid/lect/wals_code_lbu,144K,144,OnlyWithAnotherNeg,Kawasha-2003[ 218],
144K-mor,http://wals.info/languoid/lect/wals_code_mor,144K,144,NoDoubleNeg,Laycock-1978[ 300],
144K-obg,http://wals.info/languoid/lect/wals_code_obg,144K,144,No SVONeg,Kari-2000[ 33-40],
144K-ten,http://wals.info/languoid/lect/wals_code_ten,144K,144,No SVONeg,Randal-1998[ 247],
144K-tes,http://wals.info/languoid/lect/wals_code_tes,144K,144,No SVONeg,"Hilders-and-Lawrance-1956[ xix, 46]",
144K-fua,http://wals.info/languoid/lect/wals_code_fua,144K,144,No SVONeg,"Arnott-1970[ 290-298];Taylor-1953[ 75-78];Stennes-1967[ 136, 167]",
144K-iqu,http://wals.info/languoid/lect/wals_code_iqu,144K,144,No SVONeg,"Eastman-and-Eastman-1963[ 158-160, 179]",
144K-kik,http://wals.info/languoid/lect/wals_code_kik,144K,144,No SVONeg,Barlow-1960[ 38],
144K-mon,http://wals.info/languoid/lect/wals_code_mon,144K,144,No SVONeg,"Bauer-1982a[ 403, 455]",
144K-mou,http://wals.info/languoid/lect/wals_code_mou,144K,144,NoDoubleNeg,Tucker-1967[ 253-254];Andersen-1984[ 29];Tucker-and-Bryan-1966[ 54],
144K-mgu,http://wals.info/languoid/lect/wals_code_mgu,144K,144,NoDoubleNeg,"Meyer-Bahlburg-1972[ 162, 185-186]",
144K-pkn,http://wals.info/languoid/lect/wals_code_pkn,144K,144,No SVONeg,Hercus-1982[ 228],
144K-pul,http://wals.info/languoid/lect/wals_code_pul,144K,144,No SVONeg,Elbert-1974[ 85],
144K-shl,http://wals.info/languoid/lect/wals_code_shl,144K,144,No SVONeg,Kohnen-1933[ 147-149],
144K-url,http://wals.info/languoid/lect/wals_code_url,144K,144,No SVONeg,Hogan-1988[ 56],
144K-chw,http://wals.info/languoid/lect/wals_code_chw,144K,144,NoDoubleNeg,Baumgartner-1998[ 5],
144K-cmy,http://wals.info/languoid/lect/wals_code_cmy,144K,144,No SVONeg,Knowles-1984[ 318],
144K-coc,http://wals.info/languoid/lect/wals_code_coc,144K,144,No SVONeg,Faust-1971[ passim];Faust-1972[ 72],
144K-jmo,http://wals.info/languoid/lect/wals_code_jmo,144K,144,NoDoubleNeg,"Persson-1981[ 110, 112]",
144K-plh,http://wals.info/languoid/lect/wals_code_plh,144K,144,OnlyWithAnotherNeg,"Stresemann-1918[ 74, passim]",
144K-aro,http://wals.info/languoid/lect/wals_code_aro,144K,144,No SVONeg,Capell-1971[ passim],
144K-cic,http://wals.info/languoid/lect/wals_code_cic,144K,144,No SVONeg,"Price-1966[ 22];Bentley-and-Kulemeka-2001[ 28, 33]",
144K-igs,http://wals.info/languoid/lect/wals_code_igs,144K,144,NoDoubleNeg,Bender-1989[ 168],
144K-mbm,http://wals.info/languoid/lect/wals_code_mbm,144K,144,NoDoubleNeg,"Hagege-1970[ passim, 321]",
144K-meh,http://wals.info/languoid/lect/wals_code_meh,144K,144,NoDoubleNeg,Simeone-Senelle-1997[ 414],
144K-ngm,http://wals.info/languoid/lect/wals_code_ngm,144K,144,NoDoubleNeg,"Thayer-1978[ 32, passim];Vandame-1963[ 116]",
144K-ses,http://wals.info/languoid/lect/wals_code_ses,144K,144,No SVONeg,Paroz-1946[ 31],
144K-sio,http://wals.info/languoid/lect/wals_code_sio,144K,144,NoDoubleNeg,Clark-and-Clark-1987[ 87],
144K-yin,http://wals.info/languoid/lect/wals_code_yin,144K,144,No SVONeg,Wordick-1982[ passim],
144K-au,http://wals.info/languoid/lect/wals_code_au,144K,144,NoDoubleNeg,"Scorza-1985[ 244, 257]",
144K-moo,http://wals.info/languoid/lect/wals_code_moo,144K,144,OnlyWithAnotherNeg,"Lehr-et-al-1966[ xxiv-xxxv, 31, 96]",
144K-moe,http://wals.info/languoid/lect/wals_code_moe,144K,144,No SVONeg,Zaicz-1998[ passim],
144K-nup,http://wals.info/languoid/lect/wals_code_nup,144K,144,NoDoubleNeg,Smith-1967a[ 39],
144K-slo,http://wals.info/languoid/lect/wals_code_slo,144K,144,No SVONeg,Priestly-1993[ 429],
144K-tmr,http://wals.info/languoid/lect/wals_code_tmr,144K,144,No SVONeg,"Benjamin-1976[ 165, passim]",
144K-twn,http://wals.info/languoid/lect/wals_code_twn,144K,144,No SVONeg,Trager-1946[ 202],
144K-bud,http://wals.info/languoid/lect/wals_code_bud,144K,144,NoDoubleNeg,Lukas-and-Nachtigal-1939[ 58],
144K-egn,http://wals.info/languoid/lect/wals_code_egn,144K,144,No SVONeg,Thomas-1978[ 68],
144K-kom,http://wals.info/languoid/lect/wals_code_kom,144K,144,No SVONeg,"Tucker-and-Bryan-1966[ 364, 367]",
144K-lmp,http://wals.info/languoid/lect/wals_code_lmp,144K,144,No SVONeg,Walker-1976[ 8-9],
144K-llm,http://wals.info/languoid/lect/wals_code_llm,144K,144,No SVONeg,Hoftmann-1971[ 51],
144K-lin,http://wals.info/languoid/lect/wals_code_lin,144K,144,NoDoubleNeg,Meeuwis-1998[ 40],
144K-ndo,http://wals.info/languoid/lect/wals_code_ndo,144K,144,No SVONeg,"Fivaz-1986[ 96, 142]",
144K-jab,http://wals.info/languoid/lect/wals_code_jab,144K,144,NoDoubleNeg,Dempwolff-1939[ 69],
144K-nak,http://wals.info/languoid/lect/wals_code_nak,144K,144,No SVONeg,"Johnston-1980[ 60, 62]",
144K-sul,http://wals.info/languoid/lect/wals_code_sul,144K,144,No SVONeg,Tharp-1996[ 94],
144K-yul,http://wals.info/languoid/lect/wals_code_yul,144K,144,No SVONeg,Santandrea-1970[ passim],
144K-asy,http://wals.info/languoid/lect/wals_code_asy,144K,144,No SVONeg,Cowell-1964[ 383],
144K-brn,http://wals.info/languoid/lect/wals_code_brn,144K,144,No SVONeg,Kiessling-1994[ 209],
144K-mad,http://wals.info/languoid/lect/wals_code_mad,144K,144,NoDoubleNeg,"Tucker-1967[ 253, Blackings and Fabb 2003]",
144K-ndt,http://wals.info/languoid/lect/wals_code_ndt,144K,144,No SVONeg,Morgan-1996[ 89-90],
144K-obo,http://wals.info/languoid/lect/wals_code_obo,144K,144,No SVONeg,Faraclas-1984[ 82-83],
144K-wol,http://wals.info/languoid/lect/wals_code_wol,144K,144,No SVONeg,"Sohn-1975[ 84-86, 211, 218-224]",
144K-bai,http://wals.info/languoid/lect/wals_code_bai,144K,144,No SVONeg,Wiersma-2003[ 672],
144K-mos,http://wals.info/languoid/lect/wals_code_mos,144K,144,No SVONeg,Sakel-2002a[ 258],
144K-nua,http://wals.info/languoid/lect/wals_code_nua,144K,144,NoDoubleNeg,"Bolton-1990[ 82, 126]",
144K-acm,http://wals.info/languoid/lect/wals_code_acm,144K,144,No SVONeg,de-Angulo-and-Freeland-1931[ 115],
144K-anc,http://wals.info/languoid/lect/wals_code_anc,144K,144,NoDoubleNeg,"Burquest-1973[ 32, 174-178]",
144K-gud,http://wals.info/languoid/lect/wals_code_gud,144K,144,No SVONeg,Hoskison-1983[ 90-91],
144K-irr,http://wals.info/languoid/lect/wals_code_irr,144K,144,NoDoubleNeg,Matsumura-1991a[ 83],
144K-mie,http://wals.info/languoid/lect/wals_code_mie,144K,144,No SVONeg,Mao-and-Tsu-yao-1972[ 252],
144K-rot,http://wals.info/languoid/lect/wals_code_rot,144K,144,No SVONeg,Schmidt-2002[ 830],
144K-fut,http://wals.info/languoid/lect/wals_code_fut,144K,144,No SVONeg,Dougherty-1983[ passim],
144K-kzy,http://wals.info/languoid/lect/wals_code_kzy,144K,144,No SVONeg,Hausenberg-1998[ 320],
144K-lao,http://wals.info/languoid/lect/wals_code_lao,144K,144,No SVONeg,"Hospitalier-1937[ 222];Yates-and-Sayisthsena-1970[ 312, passim]",
144K-lnd,http://wals.info/languoid/lect/wals_code_lnd,144K,144,OnlyWithAnotherNeg,"Cloarec-Heiss-1986[ 62, 95-97, 356-362, 456-458]",
144K-shn,http://wals.info/languoid/lect/wals_code_shn,144K,144,No SVONeg,Fortune-1955[ 251-255],
144K-sre,http://wals.info/languoid/lect/wals_code_sre,144K,144,No SVONeg,Manley-1972[ 230],
144K-gwa,http://wals.info/languoid/lect/wals_code_gwa,144K,144,OnlyWithAnotherNeg,Hyman-and-Magaji-1970[ 118],
144K-lon,http://wals.info/languoid/lect/wals_code_lon,144K,144,NoDoubleNeg,Hamel-1985[ 226],
144K-noo,http://wals.info/languoid/lect/wals_code_noo,144K,144,No SVONeg,Soukka-2000[ 185-187],
144K-sal,http://wals.info/languoid/lect/wals_code_sal,144K,144,No SVONeg,Turner-1987[ 132];Mason-1918[ 41],
144K-kan,http://wals.info/languoid/lect/wals_code_kan,144K,144,No SVONeg,Ikoro-1996[ passim],
144K-non,http://wals.info/languoid/lect/wals_code_non,144K,144,OnlyWithAnotherNeg,"Hyman-1981b[ 57-62, 71-72]",
144K-per,http://wals.info/languoid/lect/wals_code_per,144K,144,OnlyWithAnotherNeg,Frajzyngier-1989[ 209-212],
144K-ber,http://wals.info/languoid/lect/wals_code_ber,144K,144,No SVONeg,Tucker-and-Bryan-1966[ 351],
144K-ewo,http://wals.info/languoid/lect/wals_code_ewo,144K,144,No SVONeg,"Redden-1979[ 79, 86, 97]",
144K-ksg,http://wals.info/languoid/lect/wals_code_ksg,144K,144,OnlyWithAnotherNeg,"Jones-1961[ 17, 50, 52, passim]",
144K-wrk,http://wals.info/languoid/lect/wals_code_wrk,144K,144,No SVONeg,Aikhenvald-1998[ 264],
144K-bae,http://wals.info/languoid/lect/wals_code_bae,144K,144,No SVONeg,,
144K-bar,http://wals.info/languoid/lect/wals_code_bar,144K,144,No SVONeg,Spagnolo-1933[ 120],
144K-err,http://wals.info/languoid/lect/wals_code_err,144K,144,No SVONeg,"Crowley-1998a[ 105, 199]",
144K-iba,http://wals.info/languoid/lect/wals_code_iba,144K,144,No SVONeg,"Omar-1981[ 150, 215]",
144K-mby,http://wals.info/languoid/lect/wals_code_mby,144K,144,NoDoubleNeg,"Fortier-1971[ 7, 73]",
144K-sno,http://wals.info/languoid/lect/wals_code_sno,144K,144,No SVONeg,"Bartens-1989[ 59, 524-525]",
144K-ukr,http://wals.info/languoid/lect/wals_code_ukr,144K,144,No SVONeg,Stechishin-1958[ 137],
144K-yuk,http://wals.info/languoid/lect/wals_code_yuk,144K,144,No SVONeg,Keen-1983[ 237],
144K-kkv,http://wals.info/languoid/lect/wals_code_kkv,144K,144,NoDoubleNeg,Counts-1969[ 129-131],
144K-sah,http://wals.info/languoid/lect/wals_code_sah,144K,144,NoDoubleNeg,Visser-and-Voorhoeve-1987[ passim],
144K-fye,http://wals.info/languoid/lect/wals_code_fye,144K,144,OptDoubleNeg,Nettle-1998[ 48-49],
144K-mro,http://wals.info/languoid/lect/wals_code_mro,144K,144,No SVONeg,Black-and-Black-1971[ 70],
144K-zan,http://wals.info/languoid/lect/wals_code_zan,144K,144,OnlyWithAnotherNeg,Tucker-and-Bryan-1966[ 155],
144K-cop,http://wals.info/languoid/lect/wals_code_cop,144K,144,No SVONeg,,
144K-dgb,http://wals.info/languoid/lect/wals_code_dgb,144K,144,No SVONeg,Olawsky-1999[ 49],
144K-kos,http://wals.info/languoid/lect/wals_code_kos,144K,144,No SVONeg,Lee-1975[ 310],
144K-tla,http://wals.info/languoid/lect/wals_code_tla,144K,144,No SVONeg,Franklin-et-al-1974[ passim],
144K-bir,http://wals.info/languoid/lect/wals_code_bir,144K,144,NoDoubleNeg,"Bouquiaux-1970[ 384, 394]",
144K-cze,http://wals.info/languoid/lect/wals_code_cze,144K,144,No SVONeg,Harkins-1953[ 19-20],
144K-dsh,http://wals.info/languoid/lect/wals_code_dsh,144K,144,No SVONeg,"Allan-et-al-1995[ 491-492, 515];Bredsdorff-1958[ 105, 165-171]",
144K-knk,http://wals.info/languoid/lect/wals_code_knk,144K,144,OnlyWithAnotherNeg,Newman-1974[ 59],
144K-kwa,http://wals.info/languoid/lect/wals_code_kwa,144K,144,No SVONeg,Keesing-1985[ 127],
144K-lel,http://wals.info/languoid/lect/wals_code_lel,144K,144,NoDoubleNeg,Frajzyngier-2001[ 297],
144K-tne,http://wals.info/languoid/lect/wals_code_tne,144K,144,No SVONeg,Scott-1956[ 19];Wilson-1961a[ 25],
144K-ctl,http://wals.info/languoid/lect/wals_code_ctl,144K,144,No SVONeg,Hualde-1992[ passim],
144K-por,http://wals.info/languoid/lect/wals_code_por,144K,144,No SVONeg,Parkinson-1988[ 158],
144K-sun,http://wals.info/languoid/lect/wals_code_sun,144K,144,No SVONeg,Hardjadibrata-1985[ 49-50],
144K-chr,http://wals.info/languoid/lect/wals_code_chr,144K,144,OnlyWithAnotherNeg,Thomas-1971[ 143-144],
144K-est,http://wals.info/languoid/lect/wals_code_est,144K,144,No SVONeg,"de-Sivers-1969[ 69-71];Tauli-1973[ 94];Tauli-1983[ 32, 150]",
144K-mum,http://wals.info/languoid/lect/wals_code_mum,144K,144,OptDoubleNeg,"Shimizu-1983[ 102-111, 126]",
144K-ter,http://wals.info/languoid/lect/wals_code_ter,144K,144,OptDoubleNeg,"Newman-1970[ 15, passim, 128-129]",
144K-wma,http://wals.info/languoid/lect/wals_code_wma,144K,144,NoDoubleNeg,Voorhoeve-1982[ 27],
144K-abu,http://wals.info/languoid/lect/wals_code_abu,144K,144,OnlyWithAnotherNeg,Berry-1995b[ 82],
144K-bab,http://wals.info/languoid/lect/wals_code_bab,144K,144,OnlyWithAnotherNeg,Schaub-1985[ 91],
144K-doy,http://wals.info/languoid/lect/wals_code_doy,144K,144,OnlyWithAnotherNeg,"Wiering-and-Wiering-1994[ 56, 80-81]",
144K-len,http://wals.info/languoid/lect/wals_code_len,144K,144,No SVONeg,Lynch-1978[ 64],
144K-ttn,http://wals.info/languoid/lect/wals_code_ttn,144K,144,No SVONeg,van-Klinken-1997[ 226],
144K-tid,http://wals.info/languoid/lect/wals_code_tid,144K,144,OptDoubleNeg,"van-Staden-2000[ 41, 154, 232]",
144K-arg,http://wals.info/languoid/lect/wals_code_arg,144K,144,No SVONeg,Holes-1990[ 71],
144K-htc,http://wals.info/languoid/lect/wals_code_htc,144K,144,No SVONeg,"Edmonson-1988[ 531, 546]",
144K-nun,http://wals.info/languoid/lect/wals_code_nun,144K,144,No SVONeg,Saul-and-Wilson-1980[ 44ff],
144K-sed,http://wals.info/languoid/lect/wals_code_sed,144K,144,No SVONeg,Smith-1979[ 107-108],
144K-mna,http://wals.info/languoid/lect/wals_code_mna,144K,144,No SVONeg,"van-den-Berg-1989b[ 43, 59, 207ff]",
144K-mup,http://wals.info/languoid/lect/wals_code_mup,144K,144,OptDoubleNeg,Frajzyngier-1993[ 353],
144K-scr,http://wals.info/languoid/lect/wals_code_scr,144K,144,No SVONeg,Partridge-1964[ 31],
144K-tin,http://wals.info/languoid/lect/wals_code_tin,144K,144,No SVONeg,Osumi-1995[ 190],
144K-gbb,http://wals.info/languoid/lect/wals_code_gbb,144K,144,OptDoubleNeg,Samarin-1966[ 83],
144K-miy,http://wals.info/languoid/lect/wals_code_miy,144K,144,OnlyWithAnotherNeg,Schuh-1998[ 280],
144K-ngz,http://wals.info/languoid/lect/wals_code_ngz,144K,144,NoDoubleNeg,"Schuh-1972[ 33, 237-238, 454-455]",
144K-poh,http://wals.info/languoid/lect/wals_code_poh,144K,144,No SVONeg,Rehg-1981[ 326],
144K-hve,http://wals.info/languoid/lect/wals_code_hve,144K,144,No SVONeg,Stairs-and-Hollenbach-1981[ 321],
144K-hat,http://wals.info/languoid/lect/wals_code_hat,144K,144,NoDoubleNeg,Reesink-1999[ 96],
144K-mok,http://wals.info/languoid/lect/wals_code_mok,144K,144,No SVONeg,Harrison-and-Albert-1976[ 187],
144K-nor,http://wals.info/languoid/lect/wals_code_nor,144K,144,No SVONeg,Strandskogen-and-Strandskogen-1986[ 188ff];Olson-1901[ passim],
144K-bre,http://wals.info/languoid/lect/wals_code_bre,144K,144,No SVONeg,Stephens-1993[ 376];Ternes-1970[ 284],
144K-luo,http://wals.info/languoid/lect/wals_code_luo,144K,144,No SVONeg,Omondi-1982[ 152-155],
144K-pal,http://wals.info/languoid/lect/wals_code_pal,144K,144,No SVONeg,Josephs-1975[ 362ff],
144K-akn,http://wals.info/languoid/lect/wals_code_akn,144K,144,No SVONeg,Welmers-1946[ 40];Christaller-1875[ 60],
144K-kis,http://wals.info/languoid/lect/wals_code_kis,144K,144,OnlyWithAnotherNeg,"Childs-1995[ 125, 142, 220-222, 227, 260-261]",
144K-lug,http://wals.info/languoid/lect/wals_code_lug,144K,144,NoDoubleNeg,Crazzolara-1960[ 92-93];Barr-1965[ 22],
144K-iaa,http://wals.info/languoid/lect/wals_code_iaa,144K,144,No SVONeg,Tryon-1968[ 56],
144K-tgk,http://wals.info/languoid/lect/wals_code_tgk,144K,144,No SVONeg,Beaumont-1979[ 77],
144K-ton,http://wals.info/languoid/lect/wals_code_ton,144K,144,No SVONeg,Hoijer-1933-1938[ 82];Troike-1967[ 329],
144K-tzu,http://wals.info/languoid/lect/wals_code_tzu,144K,144,No SVONeg,"Dayley-1985[ 8, 244, 321]",
144K-ice,http://wals.info/languoid/lect/wals_code_ice,144K,144,No SVONeg,,
144K-mrg,http://wals.info/languoid/lect/wals_code_mrg,144K,144,NoDoubleNeg,"Hoffmann-1963[ 169, 179, 228]",
144K-abi,http://wals.info/languoid/lect/wals_code_abi,144K,144,No SVONeg,Najlis-1966[ passim],
144K-swe,http://wals.info/languoid/lect/wals_code_swe,144K,144,No SVONeg,Holmes-and-Hinchliffe-1994[ 521-524],
144K-wlf,http://wals.info/languoid/lect/wals_code_wlf,144K,144,No SVONeg,"Njie-1982[ 128-129, 147, 168]",
144K-dut,http://wals.info/languoid/lect/wals_code_dut,144K,144,NoDoubleNeg,Shetter-1958[ passim],
144K-kas,http://wals.info/languoid/lect/wals_code_kas,144K,144,No SVONeg,Wali-and-Koul-1997[ 113],
144K-pur,http://wals.info/languoid/lect/wals_code_pur,144K,144,No SVONeg,Chamoreau-2000[ 242],
144K-ita,http://wals.info/languoid/lect/wals_code_ita,144K,144,No SVONeg,Maiden-and-Robustelli-2000[ 401];Sauer-1891[ 40],
144K-kch,http://wals.info/languoid/lect/wals_code_kch,144K,144,No SVONeg,"Heath-1999b[ 125, 155]",
144K-lit,http://wals.info/languoid/lect/wals_code_lit,144K,144,No SVONeg,Dambriunas-et-al-1966[ 27],
144K-rom,http://wals.info/languoid/lect/wals_code_rom,144K,144,No SVONeg,Mallinson-1986[ 134-135],
144K-bul,http://wals.info/languoid/lect/wals_code_bul,144K,144,No SVONeg,Hubenova-et-al-1968[ 31];Scatton-1984[ 377],
144K-cnt,http://wals.info/languoid/lect/wals_code_cnt,144K,144,No SVONeg,Matthews-and-Yip-1994[ 252-254];Cheung-1983[ 7],
144K-pol,http://wals.info/languoid/lect/wals_code_pol,144K,144,No SVONeg,Bielec-1998[ 25-26],
144K-ker,http://wals.info/languoid/lect/wals_code_ker,144K,144,NoDoubleNeg,Ebert-1979[ 222],
144K-alb,http://wals.info/languoid/lect/wals_code_alb,144K,144,No SVONeg,Newmark-1957[ 102];Newmark-et-al-1982[ 318],
144K-kyl,http://wals.info/languoid/lect/wals_code_kyl,144K,144,NoDoubleNeg,Solnit-1986[ 329],
144K-nti,http://wals.info/languoid/lect/wals_code_nti,144K,144,No SVONeg,"Kutsch-Lojenga-1994[ 242, 391]",
144K-dio,http://wals.info/languoid/lect/wals_code_dio,144K,144,No SVONeg,Sapir-1965[ 92-94],
144K-arm,http://wals.info/languoid/lect/wals_code_arm,144K,144,No SVONeg,,
144K-kmu,http://wals.info/languoid/lect/wals_code_kmu,144K,144,No SVONeg,"Smalley-1961[ 18, 19, 27]",
144K-dre,http://wals.info/languoid/lect/wals_code_dre,144K,144,No SVONeg,Moyse-Faurie-1983[ 103],
144K-pms,http://wals.info/languoid/lect/wals_code_pms,144K,144,No SVONeg,"Crowley-1982[ 129, 140]",
144K-bkr,http://wals.info/languoid/lect/wals_code_bkr,144K,144,No SVONeg,Woollams-1996[ 251],
144K-nko,http://wals.info/languoid/lect/wals_code_nko,144K,144,No SVONeg,Taylor-1985[ 58-59],
144K-tru,http://wals.info/languoid/lect/wals_code_tru,144K,144,No SVONeg,"Monod-Becquelin-1975[ 179, 199, 211];Guirardello-1999a[ 233]",
144K-nht,http://wals.info/languoid/lect/wals_code_nht,144K,144,No SVONeg,Tuggy-1979[ passim],
144K-tab,http://wals.info/languoid/lect/wals_code_tab,144K,144,NoDoubleNeg,Bowden-1997a[ passim],
144K-pau,http://wals.info/languoid/lect/wals_code_pau,144K,144,No SVONeg,"Chapman-and-Derbyshire-1991[ 220-223, 322]",
144K-arp,http://wals.info/languoid/lect/wals_code_arp,144K,144,OnlyWithAnotherNeg,Conrad-and-Wogiga-1991[ 99-101],
144K-ewe,http://wals.info/languoid/lect/wals_code_ewe,144K,144,OnlyWithAnotherNeg,"Warburton-et-al-1968[ 32, 192];Ameka-1991[ 64]",
144K-hmo,http://wals.info/languoid/lect/wals_code_hmo,144K,144,No SVONeg,Lyman-1979[ passim],
144K-khs,http://wals.info/languoid/lect/wals_code_khs,144K,144,No SVONeg,"Rabel-1961[ 61, 123]",
144K-khm,http://wals.info/languoid/lect/wals_code_khm,144K,144,No SVONeg,Jacob-1968[ 60],
144K-juh,http://wals.info/languoid/lect/wals_code_juh,144K,144,No SVONeg,"Snyman-1970[ 9, 154];Dickens-1992[ 1]",
144K-klv,http://wals.info/languoid/lect/wals_code_klv,144K,144,No SVONeg,Senft-1986[ passim],
144K-luv,http://wals.info/languoid/lect/wals_code_luv,144K,144,OptDoubleNeg,"Horton-1949[ 127, 134]",
144K-san,http://wals.info/languoid/lect/wals_code_san,144K,144,NoDoubleNeg,Samarin-1967b[ 148],
144K-bag,http://wals.info/languoid/lect/wals_code_bag,144K,144,NoDoubleNeg,"Stevenson-1969[ 83, 91-92]",
144K-mau,http://wals.info/languoid/lect/wals_code_mau,144K,144,No SVONeg,Capell-and-Hinch-1970[ 67],
144K-kfe,http://wals.info/languoid/lect/wals_code_kfe,144K,144,No SVONeg,Rennison-1997[ 98],
144K-wch,http://wals.info/languoid/lect/wals_code_wch,144K,144,No SVONeg,"Vinas-Urquiza-1974[ 103, passim, 148];Tovar-1981[ 222]",
144K-apu,http://wals.info/languoid/lect/wals_code_apu,144K,144,No SVONeg,Facundes-2000[ 535],
144K-lat,http://wals.info/languoid/lect/wals_code_lat,144K,144,No SVONeg,Lazdina-1966[ 24],
144K-mrt,http://wals.info/languoid/lect/wals_code_mrt,144K,144,No SVONeg,Dench-1995[ 178],
144K-gua,http://wals.info/languoid/lect/wals_code_gua,144K,144,No SVONeg,Gregores-and-Suarez-1967[ 151],
144K-tiw,http://wals.info/languoid/lect/wals_code_tiw,144K,144,No SVONeg,Osborne-1974[ 68-69],
144K-map,http://wals.info/languoid/lect/wals_code_map,144K,144,No SVONeg,Augusta-1903[ 28],
144K-yor,http://wals.info/languoid/lect/wals_code_yor,144K,144,No SVONeg,Rowlands-1969[ 13];Bamgbose-1966[ 72];Ogunbowale-1970[ 62-63],
144K-may,http://wals.info/languoid/lect/wals_code_may,144K,144,NoDoubleNeg,"Dol-1999[ 127, 187]",
144K-heb,http://wals.info/languoid/lect/wals_code_heb,144K,144,No SVONeg,Glinert-1989[ 294-295],
144K-lan,http://wals.info/languoid/lect/wals_code_lan,144K,144,No SVONeg,Noonan-1992[ 122],
144K-tha,http://wals.info/languoid/lect/wals_code_tha,144K,144,No SVONeg,Anthony-et-al-1968[ 14],
144K-zul,http://wals.info/languoid/lect/wals_code_zul,144K,144,No SVONeg,"Ziervogel-et-al-1981[ 82-83, 88, 92];Poulos-and-Bosch-1997[ 21-23]",
144K-aeg,http://wals.info/languoid/lect/wals_code_aeg,144K,144,No SVONeg,Gary-and-Gamal-Eldin-1982[ 38],
144K-swa,http://wals.info/languoid/lect/wals_code_swa,144K,144,No SVONeg,Ashton-1947[ 70],
144K-vie,http://wals.info/languoid/lect/wals_code_vie,144K,144,No SVONeg,Vuong-Gia-Thuy-1975[ 110?],
144K-hau,http://wals.info/languoid/lect/wals_code_hau,144K,144,OnlyWithAnotherNeg,"Newman-2000[ 357ff];Kraft-and-Kirk-Greene-1973[ 37];Kraft-1963[ Vol. 1:125, 132-134, 149];Migeod-1914[ 179]",
144K-mao,http://wals.info/languoid/lect/wals_code_mao,144K,144,No SVONeg,Bauer-1993[ 139],
144K-ger,http://wals.info/languoid/lect/wals_code_ger,144K,144,NoDoubleNeg,Lederer-1969[ 583],
144K-grk,http://wals.info/languoid/lect/wals_code_grk,144K,144,No SVONeg,Mackridge-1985[ 243-244],
144K-mnd,http://wals.info/languoid/lect/wals_code_mnd,144K,144,No SVONeg,,
144K-hun,http://wals.info/languoid/lect/wals_code_hun,144K,144,No SVONeg,Kenesei-et-al-1998[ 112-113];Kiefer-1967[ 188],
144K-ind,http://wals.info/languoid/lect/wals_code_ind,144K,144,No SVONeg,Macdonald-1976[ 99],
144K-fin,http://wals.info/languoid/lect/wals_code_fin,144K,144,No SVONeg,Sulkala-and-Karjalainen-1992[ 115-116],
144K-rus,http://wals.info/languoid/lect/wals_code_rus,144K,144,No SVONeg,Launer-1974[ 36],
144K-spa,http://wals.info/languoid/lect/wals_code_spa,144K,144,No SVONeg,,
144K-fre,http://wals.info/languoid/lect/wals_code_fre,144K,144,No SVONeg,,
144K-eng,http://wals.info/languoid/lect/wals_code_eng,144K,144,No SVONeg,,
144K-ncm,http://wals.info/languoid/lect/wals_code_ncm,144K,144,No SVONeg,Cox-1998[ 109],
144K-myg,http://wals.info/languoid/lect/wals_code_myg,144K,144,NoDoubleNeg,Sawka-2001[ 102],
144K-kwy,http://wals.info/languoid/lect/wals_code_kwy,144K,144,OnlyWithAnotherNeg,"Mingas-1994[ 258, 260-261]",
144K-hna,http://wals.info/languoid/lect/wals_code_hna,144K,144,NoDoubleNeg,Frajzyngier-and-Johnston-2005[ 261],
144K-arj,http://wals.info/languoid/lect/wals_code_arj,144K,144,No SVONeg,,
144K-ksn,http://wals.info/languoid/lect/wals_code_ksn,144K,144,No SVONeg,Sunee-2003[ 168],
144K-lic,http://wals.info/languoid/lect/wals_code_lic,144K,144,No SVONeg,Ostapirat-2008[ 647],
144K-khn,http://wals.info/languoid/lect/wals_code_khn,144K,144,No SVONeg,Petsuk-1978[passim],
144K-bwc,http://wals.info/languoid/lect/wals_code_bwc,144K,144,No SVONeg,Miller-2007[ 340],
144K-lab,http://wals.info/languoid/lect/wals_code_lab,144K,144,NoDoubleNeg,Siegel-1984[ 111],
144K-vnm,http://wals.info/languoid/lect/wals_code_vnm,144K,144,No SVONeg,Crowley-2002g[648],
144K-psw,http://wals.info/languoid/lect/wals_code_psw,144K,144,No SVONeg,Crowley-2002e[ 658],
144K-lmu,http://wals.info/languoid/lect/wals_code_lmu,144K,144,No SVONeg,Early-2002b[ 679],
144K-erk,http://wals.info/languoid/lect/wals_code_erk,144K,144,OnlyWithAnotherNeg,,
144K-mxe,http://wals.info/languoid/lect/wals_code_mxe,144K,144,No SVONeg,,
144K-urt,http://wals.info/languoid/lect/wals_code_urt,144K,144,OnlyWithAnotherNeg,Sposato-2008[18],
144K-xbi,http://wals.info/languoid/lect/wals_code_xbi,144K,144,No SVONeg,Yi-2008[ 23],
144K-tee,http://wals.info/languoid/lect/wals_code_tee,144K,144,No SVONeg,Kung-2007[ 578ff],
144K-huc,http://wals.info/languoid/lect/wals_code_huc,144K,144,No SVONeg,Anonymous-6[passim],
144K-mcv,http://wals.info/languoid/lect/wals_code_mcv,144K,144,No SVONeg,"Grondona-1998[ 93, 178]",
144K-ndy,http://wals.info/languoid/lect/wals_code_ndy,144K,144,No SVONeg,Huttar-and-Huttar-1994[ passim],
144K-nbm,http://wals.info/languoid/lect/wals_code_nbm,144K,144,NoDoubleNeg,Thomas-1963[ 245],
