ID,Language_ID,Parameter_ID,Contribution_ID,Value,Source,Comment
144X-nif,http://wals.info/languoid/lect/wals_code_nif,144X,144,No clause-final neg,Early-2002[ 861],
144X-zzo,http://wals.info/languoid/lect/wals_code_zzo,144X,144,No clause-final neg,Sonnenschein-2005[ 114],
144X-hoa,http://wals.info/languoid/lect/wals_code_hoa,144X,144,No clause-final neg,Davis-2003[ 242],
144X-hdi,http://wals.info/languoid/lect/wals_code_hdi,144X,144,OnlyWithAnotherNeg,Frajzyngier-and-Shay-2002[ 380],
144X-cos,http://wals.info/languoid/lect/wals_code_cos,144X,144,No clause-final neg,Kroeber-1904[ 72],
144X-wya,http://wals.info/languoid/lect/wals_code_wya,144X,144,No clause-final neg,Kopris-2001[ 210-215],
144X-bch,http://wals.info/languoid/lect/wals_code_bch,144X,144,No clause-final neg,Penchoen-1973a[ 50],
144X-wrb,http://wals.info/languoid/lect/wals_code_wrb,144X,144,No clause-final neg,Blake-2003[ 54],
144X-zqo,http://wals.info/languoid/lect/wals_code_zqo,144X,144,No clause-final neg,Engel-and-Longacre-1963[ passim],
144X-als,http://wals.info/languoid/lect/wals_code_als,144X,144,No clause-final neg,Frachtenberg-1920[ passim],
144X-tho,http://wals.info/languoid/lect/wals_code_tho,144X,144,No clause-final neg,"Thompson-and-Thompson-1992[ 163, 167-170]",
144X-chj,http://wals.info/languoid/lect/wals_code_chj,144X,144,No clause-final neg,"Buenrostros-1991[ 35, 68]",
144X-mch,http://wals.info/languoid/lect/wals_code_mch,144X,144,No clause-final neg,Snell-and-Wise-1963[ 136],
144X-ann,http://wals.info/languoid/lect/wals_code_ann,144X,144,No clause-final neg,"Leeding-1989[ 407, 504-505]",
144X-bbu,http://wals.info/languoid/lect/wals_code_bbu,144X,144,OnlyWithAnotherNeg,"Tucker-and-Bryan-1966[ 155];Santandrea-1965b[ 116, 163, 167]",
144X-kyq,http://wals.info/languoid/lect/wals_code_kyq,144X,144,No clause-final neg,"Rose-1981[ 103, 105]",
144X-tke,http://wals.info/languoid/lect/wals_code_tke,144X,144,No clause-final neg,"Hooper-1996[ 16, 19]",
144X-hei,http://wals.info/languoid/lect/wals_code_hei,144X,144,No clause-final neg,Rath-1981[ 101],
144X-lac,http://wals.info/languoid/lect/wals_code_lac,144X,144,No clause-final neg,Bruce-1968[ passim],
144X-pod,http://wals.info/languoid/lect/wals_code_pod,144X,144,NoDoubleNeg,Jarvis-1989[ 108],
144X-tsg,http://wals.info/languoid/lect/wals_code_tsg,144X,144,No clause-final neg,Rubino-2006[ 103-105],
144X-kdz,http://wals.info/languoid/lect/wals_code_kdz,144X,144,No clause-final neg,Antonissen-1958[ 37],
144X-chx,http://wals.info/languoid/lect/wals_code_chx,144X,144,No clause-final neg,Waterhouse-1967[ 364],
144X-gel,http://wals.info/languoid/lect/wals_code_gel,144X,144,No clause-final neg,Crowley-2002a[ 535],
144X-hil,http://wals.info/languoid/lect/wals_code_hil,144X,144,No clause-final neg,Wolfenden-1975[ 24-25],
144X-mov,http://wals.info/languoid/lect/wals_code_mov,144X,144,No clause-final neg,Haude-2006[ 316],
144X-rov,http://wals.info/languoid/lect/wals_code_rov,144X,144,No clause-final neg,Corston-Oliver-2002[ 493],
144X-ams,http://wals.info/languoid/lect/wals_code_ams,144X,144,No clause-final neg,Cowan-1958[ passim],
144X-dom,http://wals.info/languoid/lect/wals_code_dom,144X,144,No clause-final neg,"Macalister-1914[ 27-28, 38, 183]",
144X-gku,http://wals.info/languoid/lect/wals_code_gku,144X,144,No clause-final neg,Casamiquela-1983[ 79],
144X-shp,http://wals.info/languoid/lect/wals_code_shp,144X,144,No clause-final neg,Jacobs-1929[ passim],
144X-tob,http://wals.info/languoid/lect/wals_code_tob,144X,144,No clause-final neg,Klein-1973[ passim];Klein-2001[ 37],
144X-baq,http://wals.info/languoid/lect/wals_code_baq,144X,144,No clause-final neg,Baptista-and-Wallin-1967[ 36],
144X-mxj,http://wals.info/languoid/lect/wals_code_mxj,144X,144,No clause-final neg,"Bradley-1970[ 41, 43]",
144X-yok,http://wals.info/languoid/lect/wals_code_yok,144X,144,No clause-final neg,Kroeber-1904[ 221],
144X-kkt,http://wals.info/languoid/lect/wals_code_kkt,144X,144,No clause-final neg,Palmer-2002[ 519],
144X-mmn,http://wals.info/languoid/lect/wals_code_mmn,144X,144,No clause-final neg,"Miller-and-Miller-1976[ 77, 89]",
144X-see,http://wals.info/languoid/lect/wals_code_see,144X,144,No clause-final neg,"Holmer-1996[ 58, 62-63]",
144X-cak,http://wals.info/languoid/lect/wals_code_cak,144X,144,No clause-final neg,"Garcia-Matzar-and-Rodriguez-Guajan-1997[ 226, Garcia Matzar]",
144X-cya,http://wals.info/languoid/lect/wals_code_cya,144X,144,No clause-final neg,Rasch-2002[ 236],
144X-pkt,http://wals.info/languoid/lect/wals_code_pkt,144X,144,No clause-final neg,Tucker-and-Bryan-1966[ 486];Baroja-1989[ 232-233];Crazzolara-1978[ 108],
144X-kbl,http://wals.info/languoid/lect/wals_code_kbl,144X,144,No clause-final neg,"Chaker-1983[ 142, 239]",
144X-kls,http://wals.info/languoid/lect/wals_code_kls,144X,144,No clause-final neg,Vogt-1940[ passim],
144X-mwb,http://wals.info/languoid/lect/wals_code_mwb,144X,144,No clause-final neg,"Elkins-1970[ 16-17, 23-24]",
144X-nhh,http://wals.info/languoid/lect/wals_code_nhh,144X,144,No clause-final neg,Beller-and-Beller-1979[ passim],
144X-pnn,http://wals.info/languoid/lect/wals_code_pnn,144X,144,No clause-final neg,Benton-1971a[ 184],
144X-btk,http://wals.info/languoid/lect/wals_code_btk,144X,144,No clause-final neg,Seidenadel-1909[ 139];Waterman-1932[ 85],
144X-ckl,http://wals.info/languoid/lect/wals_code_ckl,144X,144,No clause-final neg,Boas-1911b[ passim],
144X-gjj,http://wals.info/languoid/lect/wals_code_gjj,144X,144,No clause-final neg,Bendor-Samuel-1972[ 85],
144X-ifu,http://wals.info/languoid/lect/wals_code_ifu,144X,144,No clause-final neg,Newell-1993[ 21],
144X-lgu,http://wals.info/languoid/lect/wals_code_lgu,144X,144,No clause-final neg,Hill-2002[ 549],
144X-tim,http://wals.info/languoid/lect/wals_code_tim,144X,144,No clause-final neg,Prentice-1971[ 159],
144X-zap,http://wals.info/languoid/lect/wals_code_zap,144X,144,No clause-final neg,"Briggs-1961[ 32-33, 58]",
144X-agc,http://wals.info/languoid/lect/wals_code_agc,144X,144,No clause-final neg,Healey-1960[ 90],
144X-lmg,http://wals.info/languoid/lect/wals_code_lmg,144X,144,OptDoubleNeg,Wolff-1983[  252- 253],
144X-mxo,http://wals.info/languoid/lect/wals_code_mxo,144X,144,No clause-final neg,"Alexander-1988[ 195, passim]",
144X-tzo,http://wals.info/languoid/lect/wals_code_tzo,144X,144,No clause-final neg,Cowan-1969[ 28],
144X-cem,http://wals.info/languoid/lect/wals_code_cem,144X,144,No clause-final neg,Lynch-2002c[ 762],
144X-ign,http://wals.info/languoid/lect/wals_code_ign,144X,144,No clause-final neg,"Ott-and-Ott-1967b[ 88-89, passim]",
144X-kri,http://wals.info/languoid/lect/wals_code_kri,144X,144,No clause-final neg,Adam-1897[ 58],
144X-tbo,http://wals.info/languoid/lect/wals_code_tbo,144X,144,No clause-final neg,Porter-1977[ 72],
144X-cpl,http://wals.info/languoid/lect/wals_code_cpl,144X,144,No clause-final neg,Merrifield-1968[ 26],
144X-mzc,http://wals.info/languoid/lect/wals_code_mzc,144X,144,No clause-final neg,Jamieson-1988[ 16],
144X-did,http://wals.info/languoid/lect/wals_code_did,144X,144,No clause-final neg,Tucker-and-Bryan-1966[ 387],
144X-cba,http://wals.info/languoid/lect/wals_code_cba,144X,144,No clause-final neg,Beeler-1976[ 262],
144X-meh,http://wals.info/languoid/lect/wals_code_meh,144X,144,NoDoubleNeg,Simeone-Senelle-1997[ 414],
144X-bfg,http://wals.info/languoid/lect/wals_code_bfg,144X,144,No clause-final neg,"Kossmann-1997[ 270, 275, 358]",
144X-kmj,http://wals.info/languoid/lect/wals_code_kmj,144X,144,No clause-final neg,"Novelli-1985[ 21, 442]",
144X-wem,http://wals.info/languoid/lect/wals_code_wem,144X,144,No clause-final neg,Hercus-1986b[ 52];Hercus-1969b[ 74],
144X-crn,http://wals.info/languoid/lect/wals_code_crn,144X,144,No clause-final neg,Jenner-1904[ 160],
144X-grf,http://wals.info/languoid/lect/wals_code_grf,144X,144,No clause-final neg,Taylor-1958[ passim],
144X-nsg,http://wals.info/languoid/lect/wals_code_nsg,144X,144,No clause-final neg,"Tarpent-1987[ 355ff, 373]",
144X-zai,http://wals.info/languoid/lect/wals_code_zai,144X,144,No clause-final neg,Pickett-et-al-1998[ 77-78],
144X-kuo,http://wals.info/languoid/lect/wals_code_kuo,144X,144,No clause-final neg,"Chung-and-Chung-1996[ 14, 53]",
144X-tri,http://wals.info/languoid/lect/wals_code_tri,144X,144,No clause-final neg,Hollenbach-1992[ 248],
144X-anj,http://wals.info/languoid/lect/wals_code_anj,144X,144,No clause-final neg,Lynch-2000[ 96],
144X-asy,http://wals.info/languoid/lect/wals_code_asy,144X,144,No clause-final neg,Cowell-1964[ 383],
144X-ccm,http://wals.info/languoid/lect/wals_code_ccm,144X,144,No clause-final neg,"Anderson-1989[ 29, 7-8, passim]",
144X-mxp,http://wals.info/languoid/lect/wals_code_mxp,144X,144,No clause-final neg,"Daly-1973[ 7, passim]",
144X-chq,http://wals.info/languoid/lect/wals_code_chq,144X,144,No clause-final neg,"Robbins-1968[ 137, passim]",
144X-nia,http://wals.info/languoid/lect/wals_code_nia,144X,144,No clause-final neg,Brown-2001,
144X-tng,http://wals.info/languoid/lect/wals_code_tng,144X,144,No clause-final neg,Churchward-1953[ 56],
144X-niu,http://wals.info/languoid/lect/wals_code_niu,144X,144,No clause-final neg,Seiter-1980[ 13-15],
144X-bco,http://wals.info/languoid/lect/wals_code_bco,144X,144,No clause-final neg,Davis-and-Saunders-1980[ passim];Nater-1984[ 122],
144X-cso,http://wals.info/languoid/lect/wals_code_cso,144X,144,No clause-final neg,"Pride-1965[ 39, 77]",
144X-ruk,http://wals.info/languoid/lect/wals_code_ruk,144X,144,No clause-final neg,Li-1973[ 227-228],
144X-ata,http://wals.info/languoid/lect/wals_code_ata,144X,144,No clause-final neg,"Rau-1992[ 147, 161, 169, 173]",
144X-tpn,http://wals.info/languoid/lect/wals_code_tpn,144X,144,No clause-final neg,Bascom-1982[ passim],
144X-tlp,http://wals.info/languoid/lect/wals_code_tlp,144X,144,No clause-final neg,"Suarez-1983a[ 192-193, 266]",
144X-amr,http://wals.info/languoid/lect/wals_code_amr,144X,144,No clause-final neg,Harrell-1962[ 152],
144X-bto,http://wals.info/languoid/lect/wals_code_bto,144X,144,No clause-final neg,"Percival-1981[ 82, passim];Nababan-1981[ 116]",
144X-goa,http://wals.info/languoid/lect/wals_code_goa,144X,144,No clause-final neg,Holmer-1949b[ 151],
144X-oji,http://wals.info/languoid/lect/wals_code_oji,144X,144,No clause-final neg,Nichols-1988[ passim],
144X-tah,http://wals.info/languoid/lect/wals_code_tah,144X,144,No clause-final neg,Tryon-1970a[ 46-47],
144X-shu,http://wals.info/languoid/lect/wals_code_shu,144X,144,No clause-final neg,Kuipers-1974[ 81],
144X-so,http://wals.info/languoid/lect/wals_code_so,144X,144,No clause-final neg,Tucker-and-Bryan-1966[ 399],
144X-gae,http://wals.info/languoid/lect/wals_code_gae,144X,144,No clause-final neg,Calder-1923[ 302],
144X-mam,http://wals.info/languoid/lect/wals_code_mam,144X,144,No clause-final neg,England-1983[ 244],
144X-nca,http://wals.info/languoid/lect/wals_code_nca,144X,144,No clause-final neg,"Braine-1970[ 229, passim]",
144X-ik,http://wals.info/languoid/lect/wals_code_ik,144X,144,No clause-final neg,Tucker-1973[ 37],
144X-tin,http://wals.info/languoid/lect/wals_code_tin,144X,144,No clause-final neg,Osumi-1995[ 190],
144X-miy,http://wals.info/languoid/lect/wals_code_miy,144X,144,OnlyWithAnotherNeg,Schuh-1998[ 280],
144X-tna,http://wals.info/languoid/lect/wals_code_tna,144X,144,No clause-final neg,"Dimmendaal-1983a[ 96, 441]",
144X-qui,http://wals.info/languoid/lect/wals_code_qui,144X,144,No clause-final neg,Andrade-1933[ 268-269],
144X-sam,http://wals.info/languoid/lect/wals_code_sam,144X,144,No clause-final neg,Marsack-1962[ 56],
144X-maa,http://wals.info/languoid/lect/wals_code_maa,144X,144,No clause-final neg,Tucker-and-Mpaayei-1955[ 67],
144X-wel,http://wals.info/languoid/lect/wals_code_wel,144X,144,No clause-final neg,"Thomas-1992a[ 274];Jones-and-Thomas-1977[ 7, 356];Williams-1980b[ 72, 147]",
144X-yap,http://wals.info/languoid/lect/wals_code_yap,144X,144,No clause-final neg,"Jensen-1977a[ 203, passim]",
144X-pip,http://wals.info/languoid/lect/wals_code_pip,144X,144,No clause-final neg,Campbell-1985[ passim],
144X-tzu,http://wals.info/languoid/lect/wals_code_tzu,144X,144,No clause-final neg,"Dayley-1985[ 8, 244, 321]",
144X-nan,http://wals.info/languoid/lect/wals_code_nan,144X,144,No clause-final neg,Creider-and-Creider-1989[ 106],
144X-haw,http://wals.info/languoid/lect/wals_code_haw,144X,144,No clause-final neg,Elbert-and-Pukui-1979[ 49],
144X-ood,http://wals.info/languoid/lect/wals_code_ood,144X,144,No clause-final neg,Zepeda-1983[ 9],
144X-krb,http://wals.info/languoid/lect/wals_code_krb,144X,144,No clause-final neg,Groves-et-al-1985[ 80-81];Cowell-1951[ 8],
144X-mak,http://wals.info/languoid/lect/wals_code_mak,144X,144,No clause-final neg,,
144X-tsi,http://wals.info/languoid/lect/wals_code_tsi,144X,144,No clause-final neg,Dunn-1979[ 73],
144X-mrl,http://wals.info/languoid/lect/wals_code_mrl,144X,144,No clause-final neg,Lyth-1971[ 49],
144X-cyv,http://wals.info/languoid/lect/wals_code_cyv,144X,144,No clause-final neg,"Key-1967[ 30, passim]",
144X-pai,http://wals.info/languoid/lect/wals_code_pai,144X,144,No clause-final neg,Egli-1990[ 275],
144X-dre,http://wals.info/languoid/lect/wals_code_dre,144X,144,No clause-final neg,Moyse-Faurie-1983[ 103],
144X-sml,http://wals.info/languoid/lect/wals_code_sml,144X,144,No clause-final neg,Kruspe-1999[ passim],
144X-otm,http://wals.info/languoid/lect/wals_code_otm,144X,144,No clause-final neg,"Hess-1968[ 27, 37]",
144X-cle,http://wals.info/languoid/lect/wals_code_cle,144X,144,No clause-final neg,"Rupp-1989[ 11, 32]",
144X-zqc,http://wals.info/languoid/lect/wals_code_zqc,144X,144,No clause-final neg,"Harrison-et-al-1981[ 430, 436, 436-439]",
144X-bkr,http://wals.info/languoid/lect/wals_code_bkr,144X,144,No clause-final neg,Woollams-1996[ 251],
144X-iri,http://wals.info/languoid/lect/wals_code_iri,144X,144,No clause-final neg,"O-Dochartaigh-1992[ 57];Stenson-1981[ 32, 41, passim]",
144X-squ,http://wals.info/languoid/lect/wals_code_squ,144X,144,No clause-final neg,Kuipers-1967[ 174],
144X-ond,http://wals.info/languoid/lect/wals_code_ond,144X,144,No clause-final neg,,
144X-klv,http://wals.info/languoid/lect/wals_code_klv,144X,144,No clause-final neg,Senft-1986[ passim],
144X-yag,http://wals.info/languoid/lect/wals_code_yag,144X,144,No clause-final neg,Payne-1990a[ 64],
144X-kut,http://wals.info/languoid/lect/wals_code_kut,144X,144,No clause-final neg,,
144X-mxc,http://wals.info/languoid/lect/wals_code_mxc,144X,144,No clause-final neg,"Macaulay-1996[ 119, 146]",
144X-rap,http://wals.info/languoid/lect/wals_code_rap,144X,144,No clause-final neg,Du-Feu-1996[ 89-91],
144X-jak,http://wals.info/languoid/lect/wals_code_jak,144X,144,No clause-final neg,Day-1973[ 80];Craig-1977[ 26],
144X-war,http://wals.info/languoid/lect/wals_code_war,144X,144,No clause-final neg,"Everett-and-Kern-1997[ 40, 44, 52, 142, 172ff]",
144X-kro,http://wals.info/languoid/lect/wals_code_kro,144X,144,OnlyWithAnotherNeg,Reh-1985[ 370-374],
144X-tuk,http://wals.info/languoid/lect/wals_code_tuk,144X,144,No clause-final neg,"Donohue-1999a[ 176, 448]",
144X-cha,http://wals.info/languoid/lect/wals_code_cha,144X,144,No clause-final neg,Topping-1973[ passim],
144X-fij,http://wals.info/languoid/lect/wals_code_fij,144X,144,No clause-final neg,Dixon-1988[ 40],
144X-tag,http://wals.info/languoid/lect/wals_code_tag,144X,144,No clause-final neg,Schachter-and-Otanes-1972[ 517],
144X-mal,http://wals.info/languoid/lect/wals_code_mal,144X,144,No clause-final neg,Dez-1990[ 165];Domenichini-Ramiaramanana-1977[ 92],
144X-grk,http://wals.info/languoid/lect/wals_code_grk,144X,144,No clause-final neg,Mackridge-1985[ 243-244],
144X-hlu,http://wals.info/languoid/lect/wals_code_hlu,144X,144,No clause-final neg,Galloway-1993[ 185],
144X-wec,http://wals.info/languoid/lect/wals_code_wec,144X,144,No clause-final neg,Watkins-1993[ 336],
144X-tsk,http://wals.info/languoid/lect/wals_code_tsk,144X,144,No clause-final neg,"Heath-2005[ 309, 335, 587]",
144X-agd,http://wals.info/languoid/lect/wals_code_agd,144X,144,No clause-final neg,Robinson-2008[ 221],
144X-bwc,http://wals.info/languoid/lect/wals_code_bwc,144X,144,No clause-final neg,Miller-2007[ 340],
144X-ndr,http://wals.info/languoid/lect/wals_code_ndr,144X,144,No clause-final neg,Geraghty-2002[ 845],
144X-msq,http://wals.info/languoid/lect/wals_code_msq,144X,144,No clause-final neg,Suttles-2004[ 118ff],
144X-tee,http://wals.info/languoid/lect/wals_code_tee,144X,144,No clause-final neg,Kung-2007[ 578ff],
144X-qum,http://wals.info/languoid/lect/wals_code_qum,144X,144,No clause-final neg,Barrett-1999[ 252-255],
