ID,Language_ID,Parameter_ID,Contribution_ID,Value,Source,Comment
90A-brl,http://wals.info/languoid/lect/wals_code_brl,90A,90,Relative clause-Noun,Kretschmar-1995[ 210],
90A-dhm,http://wals.info/languoid/lect/wals_code_dhm,90A,90,Relative clause-Noun,Cooper-1999[ 31],
90A-rag,http://wals.info/languoid/lect/wals_code_rag,90A,90,Noun-Relative clause,Crowley-2002c[ 631],
90A-xas,http://wals.info/languoid/lect/wals_code_xas,90A,90,Mixed,Koite-Herschel-1981-1982[ 223-228],
90A-zhn,http://wals.info/languoid/lect/wals_code_zhn,90A,90,Noun-Relative clause,Yongxian-Luo-2008[307],
90A-cnm,http://wals.info/languoid/lect/wals_code_cnm,90A,90,Noun-Relative clause,,
90A-kyo,http://wals.info/languoid/lect/wals_code_kyo,90A,90,Noun-Relative clause,Mukash-Kalel-1982[ 260-261],
90A-klg,http://wals.info/languoid/lect/wals_code_klg,90A,90,Mixed,Tolsma-1999[ 91-92],
90A-lgt,http://wals.info/languoid/lect/wals_code_lgt,90A,90,Noun-Relative clause,Tucker-1967[ 265],
90A-nif,http://wals.info/languoid/lect/wals_code_nif,90A,90,Noun-Relative clause,Early-2002[ 855],
90A-tpt,http://wals.info/languoid/lect/wals_code_tpt,90A,90,Noun-Relative clause,Gonzalez-2005[ 230],
90A-zzo,http://wals.info/languoid/lect/wals_code_zzo,90A,90,Noun-Relative clause,Sonnenschein-2005[ 157],
90A-anu,http://wals.info/languoid/lect/wals_code_anu,90A,90,Noun-Relative clause,Smye-2004[ 31],
90A-eip,http://wals.info/languoid/lect/wals_code_eip,90A,90,Relative clause-Noun,"Heeschen-1998[ 265, 266, 276-277]",
90A-har,http://wals.info/languoid/lect/wals_code_har,90A,90,Mixed,,
90A-mrq,http://wals.info/languoid/lect/wals_code_mrq,90A,90,Noun-Relative clause,Lynch-2002a[ 871-872],
90A-tmm,http://wals.info/languoid/lect/wals_code_tmm,90A,90,Noun-Relative clause,Jauncey-2002[ 614],
90A-hoa,http://wals.info/languoid/lect/wals_code_hoa,90A,90,Noun-Relative clause,"Davis-2003[ 34, 97]",
90A-skr,http://wals.info/languoid/lect/wals_code_skr,90A,90,Noun-Relative clause,Martin-1986[passim],
90A-bik,http://wals.info/languoid/lect/wals_code_bik,90A,90,Noun-Relative clause,van-den-Heuvel-2006[ 201-202],
90A-hwr,http://wals.info/languoid/lect/wals_code_hwr,90A,90,Noun-Relative clause,MacKenzie-1966[59],
90A-hdi,http://wals.info/languoid/lect/wals_code_hdi,90A,90,Noun-Relative clause,Frajzyngier-and-Shay-2002[ 401],
90A-ami,http://wals.info/languoid/lect/wals_code_ami,90A,90,Relative clause-Noun,Wu-2006[ 96],
90A-bok,http://wals.info/languoid/lect/wals_code_bok,90A,90,Noun-Relative clause,,
90A-uli,http://wals.info/languoid/lect/wals_code_uli,90A,90,Noun-Relative clause,Lynch-2002b[ 799],
90A-sea,http://wals.info/languoid/lect/wals_code_sea,90A,90,Noun-Relative clause,Crowley-2002b[ 664],
90A-bsr,http://wals.info/languoid/lect/wals_code_bsr,90A,90,Noun-Relative clause,Ferry-1981[59],
90A-des,http://wals.info/languoid/lect/wals_code_des,90A,90,Noun-Relative clause,Miller-1999[ 6],
90A-mud,http://wals.info/languoid/lect/wals_code_mud,90A,90,Noun-Relative clause,Parker-1989[173-174],
90A-hol,http://wals.info/languoid/lect/wals_code_hol,90A,90,Noun-Relative clause,Coupez-1955[121],
90A-skn,http://wals.info/languoid/lect/wals_code_skn,90A,90,Noun-Relative clause,Queixalos-2000[311ff],
90A-chj,http://wals.info/languoid/lect/wals_code_chj,90A,90,Noun-Relative clause,Hopkins-1967[ 154-155],
90A-dhi,http://wals.info/languoid/lect/wals_code_dhi,90A,90,Relative clause-Noun,Cain-and-Gair-2000[36],
90A-han,http://wals.info/languoid/lect/wals_code_han,90A,90,Relative clause-Noun,Lewis-and-Bibo-1996[passim 154-155],
90A-kbt,http://wals.info/languoid/lect/wals_code_kbt,90A,90,Noun-Relative clause,Stilo-2005[passim],
90A-klr,http://wals.info/languoid/lect/wals_code_klr,90A,90,Noun-Relative clause,Stilo-2005[passim],
90A-skw,http://wals.info/languoid/lect/wals_code_skw,90A,90,Mixed,Gusain-2001[60],
90A-tls,http://wals.info/languoid/lect/wals_code_tls,90A,90,Noun-Relative clause,Stilo-2005[passim],
90A-tat,http://wals.info/languoid/lect/wals_code_tat,90A,90,Noun-Relative clause,"Dunn-and-Peck-1988[207, 210]",
90A-tai,http://wals.info/languoid/lect/wals_code_tai,90A,90,Noun-Relative clause,Galand-1974[38],
90A-bfi,http://wals.info/languoid/lect/wals_code_bfi,90A,90,Noun-Relative clause,Guarisma-1973[230],
90A-gnd,http://wals.info/languoid/lect/wals_code_gnd,90A,90,Noun-Relative clause,Newman-1971[89],
90A-khw,http://wals.info/languoid/lect/wals_code_khw,90A,90,Relative clause-Noun,Bashir-2000[passim],
90A-leg,http://wals.info/languoid/lect/wals_code_leg,90A,90,Noun-Relative clause,Meeussen-1971[445],
90A-abo,http://wals.info/languoid/lect/wals_code_abo,90A,90,Noun-Relative clause,Hayward-1984[314],
90A-bob,http://wals.info/languoid/lect/wals_code_bob,90A,90,Noun-Relative clause,Whitehead-1899[69-70],
90A-ktc,http://wals.info/languoid/lect/wals_code_ktc,90A,90,Noun-Relative clause,Stevenson-1957[ 63-64],
90A-kwz,http://wals.info/languoid/lect/wals_code_kwz,90A,90,Noun-Relative clause,van-der-Voort-2004[ 188],
90A-nal,http://wals.info/languoid/lect/wals_code_nal,90A,90,Noun-Relative clause,Volker-1998[109],
90A-svs,http://wals.info/languoid/lect/wals_code_svs,90A,90,Relative clause-Noun,"Wegener-2008[ 118, 120, 254]",
90A-acn,http://wals.info/languoid/lect/wals_code_acn,90A,90,Relative clause-Noun,"Dai-and-Cui-1985[passim 64, 72]",
90A-bug,http://wals.info/languoid/lect/wals_code_bug,90A,90,Noun-Relative clause,Samsuri-1965[154-155],
90A-day,http://wals.info/languoid/lect/wals_code_day,90A,90,Noun-Relative clause,Nougayrol-1979[143ff],
90A-fon,http://wals.info/languoid/lect/wals_code_fon,90A,90,Noun-Relative clause,"Lefebvre-and-Brousseau-2002[ 53, 56]",
90A-hhu,http://wals.info/languoid/lect/wals_code_hhu,90A,90,Relative clause-Noun,Wendel-1993[119],
90A-kgr,http://wals.info/languoid/lect/wals_code_kgr,90A,90,Noun-Relative clause,Last-1886[47-49],
90A-mus,http://wals.info/languoid/lect/wals_code_mus,90A,90,Noun-Relative clause,Ross-2002b[159],
90A-rsu,http://wals.info/languoid/lect/wals_code_rsu,90A,90,Noun-Relative clause,Haiman-1988[371-372],
90A-ron,http://wals.info/languoid/lect/wals_code_ron,90A,90,Noun-Relative clause,Seibert-1998[71],
90A-shb,http://wals.info/languoid/lect/wals_code_shb,90A,90,Noun-Relative clause,Teferra-and-Unseth-1989[416],
90A-bbl,http://wals.info/languoid/lect/wals_code_bbl,90A,90,Noun-Relative clause,Leitch-1994[192],
90A-bku,http://wals.info/languoid/lect/wals_code_bku,90A,90,Noun-Relative clause,Kagaya-1992[61-63],
90A-bbu,http://wals.info/languoid/lect/wals_code_bbu,90A,90,Noun-Relative clause,Santandrea-1965b[ 200],
90A-kte,http://wals.info/languoid/lect/wals_code_kte,90A,90,Noun-Relative clause,Kamba-Muzenga-1980[174-175],
90A-kyq,http://wals.info/languoid/lect/wals_code_kyq,90A,90,Noun-Relative clause,"Rose-1981[128, 132-134, 135]",
90A-mdo,http://wals.info/languoid/lect/wals_code_mdo,90A,90,Noun-Relative clause,Boyd-1997[80],
90A-msm,http://wals.info/languoid/lect/wals_code_msm,90A,90,Noun-Relative clause,Holzknecht-1997b[101-102],
90A-sob,http://wals.info/languoid/lect/wals_code_sob,90A,90,Noun-Relative clause,Sterner-and-Ross-2002[ 175],
90A-trm,http://wals.info/languoid/lect/wals_code_trm,90A,90,Noun-Relative clause,Bryant-1999[115],
90A-tke,http://wals.info/languoid/lect/wals_code_tke,90A,90,Noun-Relative clause,Hooper-1996[40],
90A-toz,http://wals.info/languoid/lect/wals_code_toz,90A,90,Noun-Relative clause,Collins-1962[101-108],
90A-bni,http://wals.info/languoid/lect/wals_code_bni,90A,90,Noun-Relative clause,"Dunn-1968[209-210, passim 213]",
90A-cml,http://wals.info/languoid/lect/wals_code_cml,90A,90,Relative clause-Noun,"Ebert-1997a[52, 62-63]",
90A-cld,http://wals.info/languoid/lect/wals_code_cld,90A,90,Noun-Relative clause,Sara-1974[101],
90A-deg,http://wals.info/languoid/lect/wals_code_deg,90A,90,Noun-Relative clause,Kari-1997[51],
90A-hei,http://wals.info/languoid/lect/wals_code_hei,90A,90,Noun-Relative clause,Rath-1981[90],
90A-isa,http://wals.info/languoid/lect/wals_code_isa,90A,90,Noun-Relative clause,"Donohue-and-San-Roque-2002[83, 89]",
90A-msk,http://wals.info/languoid/lect/wals_code_msk,90A,90,Noun-Relative clause,Tucker-and-Bryan-1966[282],
90A-mof,http://wals.info/languoid/lect/wals_code_mof,90A,90,Noun-Relative clause,Barreteau-1988[67],
90A-mgo,http://wals.info/languoid/lect/wals_code_mgo,90A,90,Noun-Relative clause,"Hulstaert-1966[140, 145]",
90A-mdg,http://wals.info/languoid/lect/wals_code_mdg,90A,90,Noun-Relative clause,Elders-2000[ 523-527],
90A-sle,http://wals.info/languoid/lect/wals_code_sle,90A,90,Noun-Relative clause,Fabre-2003[214ff],
90A-taf,http://wals.info/languoid/lect/wals_code_taf,90A,90,Noun-Relative clause,Ross-2002g[432],
90A-thu,http://wals.info/languoid/lect/wals_code_thu,90A,90,Relative clause-Noun,"Allen-1975b[110, passim]",
90A-tou,http://wals.info/languoid/lect/wals_code_tou,90A,90,Internally headed,Prost-1964g[285],
90A-tnk,http://wals.info/languoid/lect/wals_code_tnk,90A,90,Noun-Relative clause,Fast-1990[55],
90A-vaf,http://wals.info/languoid/lect/wals_code_vaf,90A,90,Noun-Relative clause,Stilo-2005[passim],
90A-all,http://wals.info/languoid/lect/wals_code_all,90A,90,Noun-Relative clause,"Ross-2002d[ 352];Symonds-1989[72];Lanyon-Orgill-1943[649, passim]",
90A-awe,http://wals.info/languoid/lect/wals_code_awe,90A,90,Noun-Relative clause,Strehlow-1944[100-101],
90A-bka,http://wals.info/languoid/lect/wals_code_bka,90A,90,Noun-Relative clause,Santandrea-1976[passim],
90A-bid,http://wals.info/languoid/lect/wals_code_bid,90A,90,Noun-Relative clause,Alio-1986[222],
90A-dms,http://wals.info/languoid/lect/wals_code_dms,90A,90,Relative clause-Noun,"Dundas-1908[5, 9]",
90A-gal,http://wals.info/languoid/lect/wals_code_gal,90A,90,Relative clause-Noun,"Das-Gupta-1963[16, 21]",
90A-kpw,http://wals.info/languoid/lect/wals_code_kpw,90A,90,Noun-Relative clause,Kato-2003[641],
90A-lew,http://wals.info/languoid/lect/wals_code_lew,90A,90,Noun-Relative clause,Early-1994a[186],
90A-mds,http://wals.info/languoid/lect/wals_code_mds,90A,90,Noun-Relative clause,"Wantalangi-1993[51, 89ff]",
90A-mur,http://wals.info/languoid/lect/wals_code_mur,90A,90,Noun-Relative clause,Turton-and-Bender-1976[555],
90A-nat,http://wals.info/languoid/lect/wals_code_nat,90A,90,Noun-Relative clause,Swanton-1991[109-110],
90A-neh,http://wals.info/languoid/lect/wals_code_neh,90A,90,Noun-Relative clause,Todd-1978[1208],
90A-nku,http://wals.info/languoid/lect/wals_code_nku,90A,90,Noun-Relative clause,"Abdel-Hafiz-1988[205, 207, 211]",
90A-pod,http://wals.info/languoid/lect/wals_code_pod,90A,90,Noun-Relative clause,Jarvis-1989[68],
90A-sgu,http://wals.info/languoid/lect/wals_code_sgu,90A,90,Noun-Relative clause,Idiata-1998[73-74],
90A-sht,http://wals.info/languoid/lect/wals_code_sht,90A,90,Noun-Relative clause,Tucker-and-Bryan-1966[239],
90A-sir,http://wals.info/languoid/lect/wals_code_sir,90A,90,Noun-Relative clause,Ross-2002f[419],
90A-sud,http://wals.info/languoid/lect/wals_code_sud,90A,90,Noun-Relative clause,Anderson-and-Ross-2002[331],
90A-tbt,http://wals.info/languoid/lect/wals_code_tbt,90A,90,Noun-Relative clause,Donohue-2002[ 193],
90A-tgn,http://wals.info/languoid/lect/wals_code_tgn,90A,90,Noun-Relative clause,"Hinton-1991[45, 55]",
90A-adz,http://wals.info/languoid/lect/wals_code_adz,90A,90,Noun-Relative clause,Holzknecht-1986[ 111],
90A-azi,http://wals.info/languoid/lect/wals_code_azi,90A,90,Mixed,Dehghani-2000[268],
90A-bus,http://wals.info/languoid/lect/wals_code_bus,90A,90,Noun-Relative clause,"Wedekind-1972[23-24, 141-142]",
90A-cav,http://wals.info/languoid/lect/wals_code_cav,90A,90,Noun-Relative clause,Guillaume-2004[422],
90A-djm,http://wals.info/languoid/lect/wals_code_djm,90A,90,Noun-Relative clause,Buchanan-1978[173],
90A-gnb,http://wals.info/languoid/lect/wals_code_gnb,90A,90,Noun-Relative clause,Coleman-1982[55-56],
90A-kel,http://wals.info/languoid/lect/wals_code_kel,90A,90,Noun-Relative clause,Ross-2002k[135],
90A-kir,http://wals.info/languoid/lect/wals_code_kir,90A,90,Noun-Relative clause,Prost-1964b[46],
90A-myn,http://wals.info/languoid/lect/wals_code_myn,90A,90,Noun-Relative clause,Gudai-1988[98],
90A-mek,http://wals.info/languoid/lect/wals_code_mek,90A,90,Adjoined,Galucio-2001[203],
90A-mpu,http://wals.info/languoid/lect/wals_code_mpu,90A,90,Noun-Relative clause,Ode-2002[64],
90A-pum,http://wals.info/languoid/lect/wals_code_pum,90A,90,Relative clause-Noun,Ding-1998[170-171],
90A-sgb,http://wals.info/languoid/lect/wals_code_sgb,90A,90,Noun-Relative clause,Reesink-2002[525],
90A-swt,http://wals.info/languoid/lect/wals_code_swt,90A,90,Noun-Relative clause,Ziervogel-1952[170],
90A-thy,http://wals.info/languoid/lect/wals_code_thy,90A,90,Noun-Relative clause,,
90A-bvi,http://wals.info/languoid/lect/wals_code_bvi,90A,90,Noun-Relative clause,Ross-2002c[372],
90A-drm,http://wals.info/languoid/lect/wals_code_drm,90A,90,Mixed,,
90A-gam,http://wals.info/languoid/lect/wals_code_gam,90A,90,Relative clause-Noun,Taylor-1994[57],
90A-gap,http://wals.info/languoid/lect/wals_code_gap,90A,90,Noun-Relative clause,McGuckin-2002[305],
90A-gel,http://wals.info/languoid/lect/wals_code_gel,90A,90,Noun-Relative clause,Crowley-2002a[531],
90A-iau,http://wals.info/languoid/lect/wals_code_iau,90A,90,Noun-Relative clause,Bateman-1986[passim],
90A-ken,http://wals.info/languoid/lect/wals_code_ken,90A,90,Noun-Relative clause,Vandame-1968[21-22],
90A-kje,http://wals.info/languoid/lect/wals_code_kje,90A,90,Noun-Relative clause,Cook-and-Criswell-1993[iv],
90A-lmh,http://wals.info/languoid/lect/wals_code_lmh,90A,90,Noun-Relative clause,Nishiyama-and-Kelen-2007[ 126],
90A-mco,http://wals.info/languoid/lect/wals_code_mco,90A,90,Noun-Relative clause,Van-Haitsma-and-Van-Haitsma-1976[73],
90A-nza,http://wals.info/languoid/lect/wals_code_nza,90A,90,Noun-Relative clause,Santandrea-1965b[198],
90A-oya,http://wals.info/languoid/lect/wals_code_oya,90A,90,Correlative,Ray-2003[470],
90A-osa,http://wals.info/languoid/lect/wals_code_osa,90A,90,Internally headed,Quintero-1997[33],
90A-plg,http://wals.info/languoid/lect/wals_code_plg,90A,90,Noun-Relative clause,Milne-1921[passim],
90A-pre,http://wals.info/languoid/lect/wals_code_pre,90A,90,Noun-Relative clause,"Kagaya-1989[52, 53]",
90A-pat,http://wals.info/languoid/lect/wals_code_pat,90A,90,Noun-Relative clause,Lauck-1976[passim],
90A-rov,http://wals.info/languoid/lect/wals_code_rov,90A,90,Noun-Relative clause,Corston-Oliver-2002[480],
90A-stl,http://wals.info/languoid/lect/wals_code_stl,90A,90,Mixed,Neukom-2001[ 197-201],
90A-tny,http://wals.info/languoid/lect/wals_code_tny,90A,90,Noun-Relative clause,Prost-1964h[228-229],
90A-tgl,http://wals.info/languoid/lect/wals_code_tgl,90A,90,Relative clause-Noun,"Andvik-1999[ 126];Andvik-2003[ 441, 442];Das-Gupta-1968[ 37, 38]",
90A-yal,http://wals.info/languoid/lect/wals_code_yal,90A,90,Relative clause-Noun,Heeschen-1992[passim 35],
90A-aml,http://wals.info/languoid/lect/wals_code_aml,90A,90,Noun-Relative clause,Hyslop-2001[105],
90A-apw,http://wals.info/languoid/lect/wals_code_apw,90A,90,Noun-Relative clause,Edgerton-1963[119],
90A-awa,http://wals.info/languoid/lect/wals_code_awa,90A,90,Relative clause-Noun,Loving-1973[79],
90A-blt,http://wals.info/languoid/lect/wals_code_blt,90A,90,Relative clause-Noun,Read-1934[69],
90A-bsh,http://wals.info/languoid/lect/wals_code_bsh,90A,90,Noun-Relative clause,Edmiston-1932[192],
90A-dom,http://wals.info/languoid/lect/wals_code_dom,90A,90,Noun-Relative clause,Macalister-1914[23-24],
90A-gah,http://wals.info/languoid/lect/wals_code_gah,90A,90,Mixed,Deibler-1976[45],
90A-hya,http://wals.info/languoid/lect/wals_code_hya,90A,90,Noun-Relative clause,Byarushengo-1977[12],
90A-hid,http://wals.info/languoid/lect/wals_code_hid,90A,90,Noun-Relative clause,"Matthews-1965[49, 167]",
90A-ho,http://wals.info/languoid/lect/wals_code_ho,90A,90,Relative clause-Noun,Deeney-1975[74],
90A-idn,http://wals.info/languoid/lect/wals_code_idn,90A,90,Noun-Relative clause,Huckett-1974[90-91],
90A-ila,http://wals.info/languoid/lect/wals_code_ila,90A,90,Noun-Relative clause,"Smith-1907[235, 240]",
90A-khr,http://wals.info/languoid/lect/wals_code_khr,90A,90,Mixed,,
90A-kni,http://wals.info/languoid/lect/wals_code_kni,90A,90,Noun-Relative clause,Cahill-1999[17],
90A-mmb,http://wals.info/languoid/lect/wals_code_mmb,90A,90,Noun-Relative clause,Bugenhagen-1995[15],
90A-mas,http://wals.info/languoid/lect/wals_code_mas,90A,90,Noun-Relative clause,Caitucoli-1986[46-48],
90A-mea,http://wals.info/languoid/lect/wals_code_mea,90A,90,Noun-Relative clause,Gravelle-2004[ 167],
90A-mga,http://wals.info/languoid/lect/wals_code_mga,90A,90,Noun-Relative clause,De-Boeck-1952[57],
90A-noc,http://wals.info/languoid/lect/wals_code_noc,90A,90,Relative clause-Noun,Das-Gupta-1971[passim],
90A-qia,http://wals.info/languoid/lect/wals_code_qia,90A,90,Relative clause-Noun,LaPolla-2003b[39],
90A-tak,http://wals.info/languoid/lect/wals_code_tak,90A,90,Noun-Relative clause,Ross-2002h[230],
90A-tkm,http://wals.info/languoid/lect/wals_code_tkm,90A,90,Relative clause-Noun,"Clark-1998b[487, passim]",
90A-alk,http://wals.info/languoid/lect/wals_code_alk,90A,90,Noun-Relative clause,DJernes-2002[258],
90A-bgr,http://wals.info/languoid/lect/wals_code_bgr,90A,90,Noun-Relative clause,Boyeldieu-2000[112-115],
90A-baq,http://wals.info/languoid/lect/wals_code_baq,90A,90,Noun-Relative clause,Baptista-and-Wallin-1967[42-44],
90A-cde,http://wals.info/languoid/lect/wals_code_cde,90A,90,Noun-Relative clause,"Hall-1988[53, 79, 108]",
90A-kar,http://wals.info/languoid/lect/wals_code_kar,90A,90,Noun-Relative clause,Boyeldieu-1987[64];Santandrea-1970[passim 181-182],
90A-klw,http://wals.info/languoid/lect/wals_code_klw,90A,90,Noun-Relative clause,"Mixco-1971[215, 237-238, passim]",
90A-mpr,http://wals.info/languoid/lect/wals_code_mpr,90A,90,Noun-Relative clause,Zamponi-2003a[30],
90A-mbr,http://wals.info/languoid/lect/wals_code_mbr,90A,90,Noun-Relative clause,Tourneux-et-al-1986[174-175],
90A-mxy,http://wals.info/languoid/lect/wals_code_mxy,90A,90,Noun-Relative clause,Farris-1992[75],
90A-orw,http://wals.info/languoid/lect/wals_code_orw,90A,90,Noun-Relative clause,"Heine-1981[24, passim]",
90A-wak,http://wals.info/languoid/lect/wals_code_wak,90A,90,Noun-Relative clause,Grunberg-1988b[103],
90A-aar,http://wals.info/languoid/lect/wals_code_aar,90A,90,Noun-Relative clause,Hayward-1990a[485],
90A-bmb,http://wals.info/languoid/lect/wals_code_bmb,90A,90,Noun-Relative clause,"Jacobs-1970[76, 154-155]",
90A-bum,http://wals.info/languoid/lect/wals_code_bum,90A,90,Noun-Relative clause,Tryon-2002[578],
90A-buu,http://wals.info/languoid/lect/wals_code_buu,90A,90,Noun-Relative clause,Grimes-1991[183],
90A-drg,http://wals.info/languoid/lect/wals_code_drg,90A,90,Relative clause-Noun,"Isaev-2004[ 327, 333]",
90A-eud,http://wals.info/languoid/lect/wals_code_eud,90A,90,Noun-Relative clause,Shaul-1991[106],
90A-fri,http://wals.info/languoid/lect/wals_code_fri,90A,90,Noun-Relative clause,Tiersma-1985[132],
90A-gul,http://wals.info/languoid/lect/wals_code_gul,90A,90,Noun-Relative clause,Nougayrol-1999[87-89],
90A-kau,http://wals.info/languoid/lect/wals_code_kau,90A,90,Noun-Relative clause,Ross-2002i[395],
90A-koe,http://wals.info/languoid/lect/wals_code_koe,90A,90,Noun-Relative clause,Hieda-1998[357],
90A-kkt,http://wals.info/languoid/lect/wals_code_kkt,90A,90,Noun-Relative clause,Palmer-2002[505],
90A-lis,http://wals.info/languoid/lect/wals_code_lis,90A,90,Relative clause-Noun,Bradley-2003[ 229];Hope-1974[76-77],
90A-mlu,http://wals.info/languoid/lect/wals_code_mlu,90A,90,Noun-Relative clause,Haywood-1996[179],
90A-mmn,http://wals.info/languoid/lect/wals_code_mmn,90A,90,Noun-Relative clause,Miller-and-Miller-1976[33],
90A-mru,http://wals.info/languoid/lect/wals_code_mru,90A,90,Relative clause-Noun,"Clerk-1911[14, passim]",
90A-mno,http://wals.info/languoid/lect/wals_code_mno,90A,90,Noun-Relative clause,Norris-1986[165],
90A-mwo,http://wals.info/languoid/lect/wals_code_mwo,90A,90,Noun-Relative clause,Crowley-2002d[593],
90A-ngo,http://wals.info/languoid/lect/wals_code_ngo,90A,90,Noun-Relative clause,Ngonyani-2003[74],
90A-ptt,http://wals.info/languoid/lect/wals_code_ptt,90A,90,Noun-Relative clause,Sharma-2000[passim],
90A-prk,http://wals.info/languoid/lect/wals_code_prk,90A,90,Relative clause-Noun,Rangan-1979[125],
90A-rwe,http://wals.info/languoid/lect/wals_code_rwe,90A,90,Noun-Relative clause,Sampson-1926[passim],
90A-rum,http://wals.info/languoid/lect/wals_code_rum,90A,90,Relative clause-Noun,Petterson-1999[passim],
90A-run,http://wals.info/languoid/lect/wals_code_run,90A,90,Noun-Relative clause,Nougayrol-1989[45],
90A-srd,http://wals.info/languoid/lect/wals_code_srd,90A,90,Noun-Relative clause,Jones-1988[335],
90A-see,http://wals.info/languoid/lect/wals_code_see,90A,90,Noun-Relative clause,Aldridge-2004[ 100];Holmer-1996[74-75],
90A-akh,http://wals.info/languoid/lect/wals_code_akh,90A,90,Relative clause-Noun,"Hansson-2003[ 244];Dellinger-1969[32, passim 171-172]",
90A-ang,http://wals.info/languoid/lect/wals_code_ang,90A,90,Noun-Relative clause,Litteral-1980[93],
90A-arq,http://wals.info/languoid/lect/wals_code_arq,90A,90,Noun-Relative clause,Erwin-1963[379-380],
90A-cak,http://wals.info/languoid/lect/wals_code_cak,90A,90,Noun-Relative clause,Garcia-Matzar-and-Rodriguez-Guajan-1997[259],
90A-cya,http://wals.info/languoid/lect/wals_code_cya,90A,90,Noun-Relative clause,Rasch-2002[82],
90A-hnd,http://wals.info/languoid/lect/wals_code_hnd,90A,90,Noun-Relative clause,Kahombo-1992[197ff],
90A-hpd,http://wals.info/languoid/lect/wals_code_hpd,90A,90,Relative clause-Noun,Epps-2008[ 828];Moore-and-Franklin-1979[11],
90A-ktl,http://wals.info/languoid/lect/wals_code_ktl,90A,90,Noun-Relative clause,Tucker-and-Bryan-1966[267],
90A-kwn,http://wals.info/languoid/lect/wals_code_kwn,90A,90,Noun-Relative clause,Dammann-1957[34],
90A-ldu,http://wals.info/languoid/lect/wals_code_ldu,90A,90,Mixed,Tucker-1967[396],
90A-let,http://wals.info/languoid/lect/wals_code_let,90A,90,Noun-Relative clause,van-Engelenhoven-1995[228],
90A-mot,http://wals.info/languoid/lect/wals_code_mot,90A,90,Noun-Relative clause,"Onishi-1994[223, 522]",
90A-nma,http://wals.info/languoid/lect/wals_code_nma,90A,90,Relative clause-Noun,Giridhar-1994[453],
90A-nhm,http://wals.info/languoid/lect/wals_code_nhm,90A,90,Noun-Relative clause,Sischo-1979[passim],
90A-nph,http://wals.info/languoid/lect/wals_code_nph,90A,90,Relative clause-Noun,Noonan-2003a[348],
90A-paa,http://wals.info/languoid/lect/wals_code_paa,90A,90,Noun-Relative clause,"Skinner-1979[67, 123-126]",
90A-pkt,http://wals.info/languoid/lect/wals_code_pkt,90A,90,Noun-Relative clause,Crazzolara-1978[65];Baroja-1989[272],
90A-rny,http://wals.info/languoid/lect/wals_code_rny,90A,90,Noun-Relative clause,"Morris-and-Kirwan-1972[27-28, 45, 57, 224-225]",
90A-sak,http://wals.info/languoid/lect/wals_code_sak,90A,90,Noun-Relative clause,Guy-1974a[74],
90A-sis,http://wals.info/languoid/lect/wals_code_sis,90A,90,Noun-Relative clause,Ross-2002l[461],
90A-tmo,http://wals.info/languoid/lect/wals_code_tmo,90A,90,Relative clause-Noun,"Goldstein-1991[137-138, passim]",
90A-zay,http://wals.info/languoid/lect/wals_code_zay,90A,90,Relative clause-Noun,"Hayward-1990b[319, 342-343]",
90A-apt,http://wals.info/languoid/lect/wals_code_apt,90A,90,Relative clause-Noun,Abraham-1985[131],
90A-blr,http://wals.info/languoid/lect/wals_code_blr,90A,90,Noun-Relative clause,Mayo-1993[926],
90A-bil,http://wals.info/languoid/lect/wals_code_bil,90A,90,Mixed,Obata-2003,
90A-bii,http://wals.info/languoid/lect/wals_code_bii,90A,90,Noun-Relative clause,Terrill-1998[61],
90A-chg,http://wals.info/languoid/lect/wals_code_chg,90A,90,Mixed,"Hutton-1987[16, 48]",
90A-cmr,http://wals.info/languoid/lect/wals_code_cmr,90A,90,Internally headed,Savidge-1908[11];Lorrain-1951[15-16],
90A-chs,http://wals.info/languoid/lect/wals_code_chs,90A,90,Relative clause-Noun,Naylor-1925[passim],
90A-juk,http://wals.info/languoid/lect/wals_code_juk,90A,90,Noun-Relative clause,"Welmers-1968b[64, 69];Shimuzu-1980[177]",
90A-kbl,http://wals.info/languoid/lect/wals_code_kbl,90A,90,Noun-Relative clause,Chaker-1983[379],
90A-kem,http://wals.info/languoid/lect/wals_code_kem,90A,90,Relative clause-Noun,Appleyard-1975[344],
90A-maj,http://wals.info/languoid/lect/wals_code_maj,90A,90,Noun-Relative clause,"Unseth-1989[97, passim 106]",
90A-mlg,http://wals.info/languoid/lect/wals_code_mlg,90A,90,Noun-Relative clause,Lohr-2002[252],
90A-mee,http://wals.info/languoid/lect/wals_code_mee,90A,90,Noun-Relative clause,"Will-1989[136, 138]",
90A-moa,http://wals.info/languoid/lect/wals_code_moa,90A,90,Noun-Relative clause,Fagan-1986[59-61],
90A-nhh,http://wals.info/languoid/lect/wals_code_nhh,90A,90,Noun-Relative clause,Beller-and-Beller-1979[292],
90A-nwd,http://wals.info/languoid/lect/wals_code_nwd,90A,90,Relative clause-Noun,"Genetti-1990[224, 228-229, 260-263]",
90A-nkn,http://wals.info/languoid/lect/wals_code_nkn,90A,90,Noun-Relative clause,Painter-1970[456-457],
90A-sdw,http://wals.info/languoid/lect/wals_code_sdw,90A,90,Noun-Relative clause,Eaton-2008[ 169],
90A-sar,http://wals.info/languoid/lect/wals_code_sar,90A,90,Relative clause-Noun,Sumbuk-2002,
90A-skk,http://wals.info/languoid/lect/wals_code_skk,90A,90,Relative clause-Noun,Sandberg-1888[38],
90A-uld,http://wals.info/languoid/lect/wals_code_uld,90A,90,Noun-Relative clause,de-Colombel-1997[98],
90A-uyg,http://wals.info/languoid/lect/wals_code_uyg,90A,90,Relative clause-Noun,Hahn-1998[394],
90A-wal,http://wals.info/languoid/lect/wals_code_wal,90A,90,Noun-Relative clause,,
90A-zch,http://wals.info/languoid/lect/wals_code_zch,90A,90,Noun-Relative clause,Johnson-2000[242],
90A-acg,http://wals.info/languoid/lect/wals_code_acg,90A,90,Noun-Relative clause,Wilson-and-Levinsohn-1992[7],
90A-amq,http://wals.info/languoid/lect/wals_code_amq,90A,90,Noun-Relative clause,Silzer-1983[80],
90A-btk,http://wals.info/languoid/lect/wals_code_btk,90A,90,Noun-Relative clause,Seidenadel-1909[149-158],
90A-duk,http://wals.info/languoid/lect/wals_code_duk,90A,90,Noun-Relative clause,"Bendor-Samuel-et-al-1973[68-69, 118, 146]",
90A-eno,http://wals.info/languoid/lect/wals_code_eno,90A,90,Noun-Relative clause,Kahler-1940[93],
90A-gok,http://wals.info/languoid/lect/wals_code_gok,90A,90,Noun-Relative clause,,
90A-hal,http://wals.info/languoid/lect/wals_code_hal,90A,90,Noun-Relative clause,Allen-and-Allen-1965[passim],
90A-hui,http://wals.info/languoid/lect/wals_code_hui,90A,90,Noun-Relative clause,"Grimes-1964[38, passim]",
90A-ifu,http://wals.info/languoid/lect/wals_code_ifu,90A,90,Noun-Relative clause,Newell-1993[passim],
90A-kbw,http://wals.info/languoid/lect/wals_code_kbw,90A,90,Noun-Relative clause,Henderson-1997[passim],
90A-kre,http://wals.info/languoid/lect/wals_code_kre,90A,90,Noun-Relative clause,"Tucker-and-Bryan-1966[74, 83]",
90A-kuv,http://wals.info/languoid/lect/wals_code_kuv,90A,90,Relative clause-Noun,"Israel-1979[201, 255, 259ff]",
90A-lgu,http://wals.info/languoid/lect/wals_code_lgu,90A,90,Noun-Relative clause,Hill-2002[546-547],
90A-msg,http://wals.info/languoid/lect/wals_code_msg,90A,90,Relative clause-Noun,Prasad-1991[passim],
90A-mut,http://wals.info/languoid/lect/wals_code_mut,90A,90,Noun-Relative clause,Okrand-1977[310],
90A-nam,http://wals.info/languoid/lect/wals_code_nam,90A,90,Mixed,Feldpausch-and-Feldpausch-1992[61],
90A-olo,http://wals.info/languoid/lect/wals_code_olo,90A,90,Noun-Relative clause,"Staley-nd[ix];Staley-1995[passim 46, 74, 75]",
90A-pga,http://wals.info/languoid/lect/wals_code_pga,90A,90,Noun-Relative clause,Vidal-2001[372-374],
90A-qaf,http://wals.info/languoid/lect/wals_code_qaf,90A,90,Relative clause-Noun,"Bliese-1981[19, passim 24]",
90A-teo,http://wals.info/languoid/lect/wals_code_teo,90A,90,Noun-Relative clause,Mosel-and-Spriggs-1992[103],
90A-tim,http://wals.info/languoid/lect/wals_code_tim,90A,90,Noun-Relative clause,"Prentice-1971[178, 190-192]",
90A-xho,http://wals.info/languoid/lect/wals_code_xho,90A,90,Noun-Relative clause,McLaren-1939[51-55],
90A-adi,http://wals.info/languoid/lect/wals_code_adi,90A,90,Noun-Relative clause,Herault-1978[passim],
90A-agm,http://wals.info/languoid/lect/wals_code_agm,90A,90,Noun-Relative clause,"Giridhar-1980[58, 92]",
90A-brf,http://wals.info/languoid/lect/wals_code_brf,90A,90,Noun-Relative clause,Kossmann-2000[156-157],
90A-chn,http://wals.info/languoid/lect/wals_code_chn,90A,90,Relative clause-Noun,Noonan-2003b[329],
90A-cpn,http://wals.info/languoid/lect/wals_code_cpn,90A,90,Relative clause-Noun,"Caughley-1982[41, 42-43]",
90A-gur,http://wals.info/languoid/lect/wals_code_gur,90A,90,Relative clause-Noun,Glover-1974[96],
90A-hak,http://wals.info/languoid/lect/wals_code_hak,90A,90,Relative clause-Noun,"Hashimoto-1973[442, 448]",
90A-izi,http://wals.info/languoid/lect/wals_code_izi,90A,90,Noun-Relative clause,Meier-et-al-1975[passim],
90A-khg,http://wals.info/languoid/lect/wals_code_khg,90A,90,Relative clause-Noun,Toba-1984[5],
90A-krw,http://wals.info/languoid/lect/wals_code_krw,90A,90,Mixed,van-Enk-and-de-Vries-1997[passim],
90A-lmg,http://wals.info/languoid/lect/wals_code_lmg,90A,90,Noun-Relative clause,"Wolff-1983[190-191, 197-198]",
90A-mxo,http://wals.info/languoid/lect/wals_code_mxo,90A,90,Noun-Relative clause,Alexander-1988[214-217],
90A-pba,http://wals.info/languoid/lect/wals_code_pba,90A,90,Noun-Relative clause,Estrada-Fernandez-1996[16],
90A-tce,http://wals.info/languoid/lect/wals_code_tce,90A,90,Noun-Relative clause,Cohen-1998[229],
90A-tep,http://wals.info/languoid/lect/wals_code_tep,90A,90,Noun-Relative clause,"Watters-1988[12, passim]",
90A-tsf,http://wals.info/languoid/lect/wals_code_tsf,90A,90,Relative clause-Noun,Dickinson-2002[73],
90A-tnn,http://wals.info/languoid/lect/wals_code_tnn,90A,90,Noun-Relative clause,"Dugast-1971[143, 312]",
90A-cem,http://wals.info/languoid/lect/wals_code_cem,90A,90,Noun-Relative clause,Lynch-2002c[759],
90A-chh,http://wals.info/languoid/lect/wals_code_chh,90A,90,Relative clause-Noun,Leslau-1950[31],
90A-efi,http://wals.info/languoid/lect/wals_code_efi,90A,90,Noun-Relative clause,"Welmers-1968a[109, 110-111]",
90A-gmz,http://wals.info/languoid/lect/wals_code_gmz,90A,90,Noun-Relative clause,Bender-1979[56],
90A-ign,http://wals.info/languoid/lect/wals_code_ign,90A,90,Noun-Relative clause,"Ott-and-Ott-1967b[100, 102]",
90A-kpm,http://wals.info/languoid/lect/wals_code_kpm,90A,90,Noun-Relative clause,Mirikitani-1972[189],
90A-kkp,http://wals.info/languoid/lect/wals_code_kkp,90A,90,Relative clause-Noun,Wurm-1951[passim],
90A-kri,http://wals.info/languoid/lect/wals_code_kri,90A,90,Noun-Relative clause,Adam-1897[passim],
90A-lal,http://wals.info/languoid/lect/wals_code_lal,90A,90,Mixed,"Bjorverud-1998[117, passim]",
90A-lmn,http://wals.info/languoid/lect/wals_code_lmn,90A,90,Relative clause-Noun,"Trail-1970[83, 87]",
90A-lbu,http://wals.info/languoid/lect/wals_code_lbu,90A,90,Noun-Relative clause,Kawasha-2003[348],
90A-ngt,http://wals.info/languoid/lect/wals_code_ngt,90A,90,Relative clause-Noun,"Arokianathan-1987[ 145];Pettigrew-1918[ 24, 66]",
90A-obg,http://wals.info/languoid/lect/wals_code_obg,90A,90,Noun-Relative clause,Kari-2000[45],
90A-tbo,http://wals.info/languoid/lect/wals_code_tbo,90A,90,Noun-Relative clause,"Porter-1977[52, passim]",
90A-ten,http://wals.info/languoid/lect/wals_code_ten,90A,90,Noun-Relative clause,"Randal-1998[226, 259]",
90A-tes,http://wals.info/languoid/lect/wals_code_tes,90A,90,Noun-Relative clause,Hilders-and-Lawrance-1956[22-23],
90A-wlo,http://wals.info/languoid/lect/wals_code_wlo,90A,90,Noun-Relative clause,Anceaux-1952[41],
90A-acl,http://wals.info/languoid/lect/wals_code_acl,90A,90,Noun-Relative clause,Crazzolara-1955[94],
90A-ath,http://wals.info/languoid/lect/wals_code_ath,90A,90,Relative clause-Noun,"Ebert-1997b[108, 144, 145]",
90A-chi,http://wals.info/languoid/lect/wals_code_chi,90A,90,Internally headed,,
90A-cpl,http://wals.info/languoid/lect/wals_code_cpl,90A,90,Noun-Relative clause,"Merrifield-1968[55, 100-101]",
90A-fua,http://wals.info/languoid/lect/wals_code_fua,90A,90,Noun-Relative clause,Stennes-1967[passim];Arnott-1970[21],
90A-khl,http://wals.info/languoid/lect/wals_code_khl,90A,90,Noun-Relative clause,Doerfer-1988[232],
90A-kik,http://wals.info/languoid/lect/wals_code_kik,90A,90,Noun-Relative clause,Barlow-1960[56],
90A-msn,http://wals.info/languoid/lect/wals_code_msn,90A,90,Internally headed,Ross-1984[passim 77],
90A-maw,http://wals.info/languoid/lect/wals_code_maw,90A,90,Noun-Relative clause,Delafosse-1929[149-150],
90A-mou,http://wals.info/languoid/lect/wals_code_mou,90A,90,Noun-Relative clause,"Tucker-and-Bryan-1966[45];Tucker-1967[261-262, 282]",
90A-mgu,http://wals.info/languoid/lect/wals_code_mgu,90A,90,Noun-Relative clause,Meyer-Bahlburg-1972[236-238];Tourneaux-1978[269],
90A-nue,http://wals.info/languoid/lect/wals_code_nue,90A,90,Noun-Relative clause,Crazzolara-1933[161],
90A-pul,http://wals.info/languoid/lect/wals_code_pul,90A,90,Noun-Relative clause,"Elbert-1974[117, 126]",
90A-sng,http://wals.info/languoid/lect/wals_code_sng,90A,90,Relative clause-Noun,Tauberschmidt-1999[ 74],
90A-url,http://wals.info/languoid/lect/wals_code_url,90A,90,Noun-Relative clause,"Hogan-1988[52, 73-74]",
90A-amb,http://wals.info/languoid/lect/wals_code_amb,90A,90,Relative clause-Noun,"Wilson-1980[91, passim]",
90A-amo,http://wals.info/languoid/lect/wals_code_amo,90A,90,Noun-Relative clause,Di-Luzio-1972[21-22],
90A-chw,http://wals.info/languoid/lect/wals_code_chw,90A,90,Noun-Relative clause,Baumgartner-1998[6],
90A-cmy,http://wals.info/languoid/lect/wals_code_cmy,90A,90,Noun-Relative clause,Knowles-1984[348],
90A-did,http://wals.info/languoid/lect/wals_code_did,90A,90,Noun-Relative clause,Rosato-1980[13];Tucker-and-Bryan-1966[382],
90A-dig,http://wals.info/languoid/lect/wals_code_dig,90A,90,Relative clause-Noun,Sastry-1984[184],
90A-gim,http://wals.info/languoid/lect/wals_code_gim,90A,90,Mixed,"Breeze-1990[39, 47-48]",
90A-jmo,http://wals.info/languoid/lect/wals_code_jmo,90A,90,Noun-Relative clause,"Persson-1981[17, 25]",
90A-krr,http://wals.info/languoid/lect/wals_code_krr,90A,90,Noun-Relative clause,"Wivell-1981[39, 185-186]",
90A-knc,http://wals.info/languoid/lect/wals_code_knc,90A,90,Noun-Relative clause,Smith-and-Johnson-2000[430],
90A-mng,http://wals.info/languoid/lect/wals_code_mng,90A,90,Noun-Relative clause,Semiun-1993[41],
90A-mka,http://wals.info/languoid/lect/wals_code_mka,90A,90,Correlative,"Ebermann-1986a[78, 178-179]",
90A-ngk,http://wals.info/languoid/lect/wals_code_ngk,90A,90,Adjoined,Hoddinott-and-Kofod-1988[217],
90A-plh,http://wals.info/languoid/lect/wals_code_plh,90A,90,Noun-Relative clause,Stresemann-1918[79],
90A-src,http://wals.info/languoid/lect/wals_code_src,90A,90,Noun-Relative clause,"Cook-1984[60, 106-108]",
90A-any,http://wals.info/languoid/lect/wals_code_any,90A,90,Noun-Relative clause,Lusted-1976[509],
90A-aro,http://wals.info/languoid/lect/wals_code_aro,90A,90,Noun-Relative clause,Lynch-and-Horoi-2002[ 568],
90A-baj,http://wals.info/languoid/lect/wals_code_baj,90A,90,Noun-Relative clause,Verheijen-1986[passim],
90A-cic,http://wals.info/languoid/lect/wals_code_cic,90A,90,Noun-Relative clause,Mchombo-2004[24],
90A-emb,http://wals.info/languoid/lect/wals_code_emb,90A,90,Noun-Relative clause,Loewen-1958[114],
90A-god,http://wals.info/languoid/lect/wals_code_god,90A,90,Mixed,Kibrik-1996[ 161],
90A-igs,http://wals.info/languoid/lect/wals_code_igs,90A,90,Noun-Relative clause,Bender-1989[178-179],
90A-krn,http://wals.info/languoid/lect/wals_code_krn,90A,90,Mixed,Meinhof-1930[62],
90A-mbm,http://wals.info/languoid/lect/wals_code_mbm,90A,90,Noun-Relative clause,Hagege-1970[passim],
90A-meh,http://wals.info/languoid/lect/wals_code_meh,90A,90,Noun-Relative clause,Simeone-Senelle-1997[417],
90A-ngm,http://wals.info/languoid/lect/wals_code_ngm,90A,90,Noun-Relative clause,Thayer-1978[19-23],
90A-ses,http://wals.info/languoid/lect/wals_code_ses,90A,90,Noun-Relative clause,Paroz-1946[166],
90A-sio,http://wals.info/languoid/lect/wals_code_sio,90A,90,Noun-Relative clause,"Clark-and-Clark-1987[80, 84]",
90A-twe,http://wals.info/languoid/lect/wals_code_twe,90A,90,Mixed,Burgess-1984[131-132],
90A-tvl,http://wals.info/languoid/lect/wals_code_tvl,90A,90,Noun-Relative clause,Besnier-2000[ 151],
90A-uby,http://wals.info/languoid/lect/wals_code_uby,90A,90,Relative clause-Noun,Charachidze-1989[418-419],
90A-urd,http://wals.info/languoid/lect/wals_code_urd,90A,90,Correlative,Bender-1967[passim],
90A-wrg,http://wals.info/languoid/lect/wals_code_wrg,90A,90,Mixed,Dixon-1981[passim],
90A-bfg,http://wals.info/languoid/lect/wals_code_bfg,90A,90,Noun-Relative clause,Kossmann-1997[317],
90A-kmj,http://wals.info/languoid/lect/wals_code_kmj,90A,90,Noun-Relative clause,Novelli-1985[112-113],
90A-nup,http://wals.info/languoid/lect/wals_code_nup,90A,90,Noun-Relative clause,Smith-1967a[21-22],
90A-slb,http://wals.info/languoid/lect/wals_code_slb,90A,90,Noun-Relative clause,Margetts-1999b[22],
90A-taj,http://wals.info/languoid/lect/wals_code_taj,90A,90,Noun-Relative clause,"Rastorgueva-1963[97, 99, 106]",
90A-tmr,http://wals.info/languoid/lect/wals_code_tmr,90A,90,Noun-Relative clause,Benjamin-1976[155-156],
90A-tno,http://wals.info/languoid/lect/wals_code_tno,90A,90,Noun-Relative clause,Sneddon-1975[passim],
90A-bud,http://wals.info/languoid/lect/wals_code_bud,90A,90,Noun-Relative clause,Lukas-and-Nachtigal-1939[76-77],
90A-crn,http://wals.info/languoid/lect/wals_code_crn,90A,90,Noun-Relative clause,Jenner-1904[109-110],
90A-egn,http://wals.info/languoid/lect/wals_code_egn,90A,90,Noun-Relative clause,Thomas-1978[passim],
90A-grf,http://wals.info/languoid/lect/wals_code_grf,90A,90,Noun-Relative clause,Taylor-1958[37],
90A-kku,http://wals.info/languoid/lect/wals_code_kku,90A,90,Relative clause-Noun,"Drake-1903[141, 145, passim]",
90A-lmp,http://wals.info/languoid/lect/wals_code_lmp,90A,90,Noun-Relative clause,Walker-1976[17-19],
90A-ndo,http://wals.info/languoid/lect/wals_code_ndo,90A,90,Noun-Relative clause,"Viljoen-and-Amakali-1978[81, 128]",
90A-naj,http://wals.info/languoid/lect/wals_code_naj,90A,90,Noun-Relative clause,Khan-1999[386],
90A-par,http://wals.info/languoid/lect/wals_code_par,90A,90,Noun-Relative clause,Simeoni-1978[passim],
90A-raw,http://wals.info/languoid/lect/wals_code_raw,90A,90,Relative clause-Noun,Barnard-1934[9],
90A-tar,http://wals.info/languoid/lect/wals_code_tar,90A,90,Noun-Relative clause,Aikhenvald-2003,
90A-yar,http://wals.info/languoid/lect/wals_code_yar,90A,90,Relative clause-Noun,Weimer-and-Weimer-1975[ passim],
90A-yuw,http://wals.info/languoid/lect/wals_code_yuw,90A,90,Internally headed,Williams-1980a[113-114],
90A-zai,http://wals.info/languoid/lect/wals_code_zai,90A,90,Noun-Relative clause,"Pickett-et-al-1998[25, 107-108]",
90A-arw,http://wals.info/languoid/lect/wals_code_arw,90A,90,Noun-Relative clause,Gulian-1965[66],
90A-baa,http://wals.info/languoid/lect/wals_code_baa,90A,90,Noun-Relative clause,Olson-1975[490],
90A-ceb,http://wals.info/languoid/lect/wals_code_ceb,90A,90,Noun-Relative clause,Wolff-1966[passim],
90A-cor,http://wals.info/languoid/lect/wals_code_cor,90A,90,Noun-Relative clause,Casad-1984[411],
90A-hay,http://wals.info/languoid/lect/wals_code_hay,90A,90,Relative clause-Noun,Michailovsky-1988[186-187],
90A-jab,http://wals.info/languoid/lect/wals_code_jab,90A,90,Noun-Relative clause,Dempwolff-1939[87],
90A-kma,http://wals.info/languoid/lect/wals_code_kma,90A,90,Noun-Relative clause,"Seki-2000[117, 176-182]",
90A-kuo,http://wals.info/languoid/lect/wals_code_kuo,90A,90,Noun-Relative clause,Chung-and-Chung-1996[16],
90A-lda,http://wals.info/languoid/lect/wals_code_lda,90A,90,Noun-Relative clause,Ashton-et-al-1954[passim],
90A-sro,http://wals.info/languoid/lect/wals_code_sro,90A,90,Noun-Relative clause,Wells-1979[73-74],
90A-sul,http://wals.info/languoid/lect/wals_code_sul,90A,90,Noun-Relative clause,"Tharp-1996[88, 147]",
90A-txj,http://wals.info/languoid/lect/wals_code_txj,90A,90,Noun-Relative clause,Reid-et-al-1968[passim],
90A-tri,http://wals.info/languoid/lect/wals_code_tri,90A,90,Noun-Relative clause,Hollenbach-1992[272],
90A-xoo,http://wals.info/languoid/lect/wals_code_xoo,90A,90,Noun-Relative clause,Traill-1994[20-21],
90A-yul,http://wals.info/languoid/lect/wals_code_yul,90A,90,Noun-Relative clause,Santandrea-1970[97];Boyeldieu-1987[164],
90A-anj,http://wals.info/languoid/lect/wals_code_anj,90A,90,Noun-Relative clause,Lynch-2000[155],
90A-asy,http://wals.info/languoid/lect/wals_code_asy,90A,90,Noun-Relative clause,Cowell-1964[493],
90A-bel,http://wals.info/languoid/lect/wals_code_bel,90A,90,Relative clause-Noun,Bickel-2003[ 566],
90A-brn,http://wals.info/languoid/lect/wals_code_brn,90A,90,Noun-Relative clause,"Kiessling-1994[198, 220-225]",
90A-ccm,http://wals.info/languoid/lect/wals_code_ccm,90A,90,Noun-Relative clause,Anderson-1989[81],
90A-ctm,http://wals.info/languoid/lect/wals_code_ctm,90A,90,Noun-Relative clause,Swadesh-1946b[333],
90A-gmw,http://wals.info/languoid/lect/wals_code_gmw,90A,90,Mixed,Olson-1988[91-93],
90A-kmk,http://wals.info/languoid/lect/wals_code_kmk,90A,90,Relative clause-Noun,Street-1959[77-78],
90A-krc,http://wals.info/languoid/lect/wals_code_krc,90A,90,Relative clause-Noun,Seegmiller-1996[31],
90A-mad,http://wals.info/languoid/lect/wals_code_mad,90A,90,Noun-Relative clause,"Tucker-1967[264, 268-269]",
90A-mnm,http://wals.info/languoid/lect/wals_code_mnm,90A,90,Noun-Relative clause,"Lichtenberk-1983[ 260, 553];Gregersen-1976[98]",
90A-ndt,http://wals.info/languoid/lect/wals_code_ndt,90A,90,Noun-Relative clause,Morgan-1996[128],
90A-obo,http://wals.info/languoid/lect/wals_code_obo,90A,90,Noun-Relative clause,Faraclas-1984[38],
90A-wbn,http://wals.info/languoid/lect/wals_code_wbn,90A,90,Mixed,"de-Vries-1989[76-77, 95, 110-111]",
90A-wol,http://wals.info/languoid/lect/wals_code_wol,90A,90,Noun-Relative clause,"Sohn-1975[183, 190, 291-300]",
90A-bai,http://wals.info/languoid/lect/wals_code_bai,90A,90,Relative clause-Noun,Wiersma-2003[ 669];Xu-and-Zhao-1984[passim],
90A-bya,http://wals.info/languoid/lect/wals_code_bya,90A,90,Mixed,"Trivedi-1991[149, 151-152, 160-161]",
90A-chp,http://wals.info/languoid/lect/wals_code_chp,90A,90,Noun-Relative clause,Carter-1979[1],
90A-kmh,http://wals.info/languoid/lect/wals_code_kmh,90A,90,Relative clause-Noun,Watters-1973[185-186];Watters-1998[390],
90A-kol,http://wals.info/languoid/lect/wals_code_kol,90A,90,Relative clause-Noun,Emeneau-1955[123],
90A-min,http://wals.info/languoid/lect/wals_code_min,90A,90,Noun-Relative clause,"Moussay-1981[147, 149]",
90A-mxp,http://wals.info/languoid/lect/wals_code_mxp,90A,90,Noun-Relative clause,"Daly-1973[11, 50, passim]",
90A-mos,http://wals.info/languoid/lect/wals_code_mos,90A,90,Noun-Relative clause,Sakel-2002a[83],
90A-nua,http://wals.info/languoid/lect/wals_code_nua,90A,90,Noun-Relative clause,"Bolton-1990[71, 77, 165]",
90A-ute,http://wals.info/languoid/lect/wals_code_ute,90A,90,Noun-Relative clause,Southern-Ute-Tribe-1980[202-203],
90A-anc,http://wals.info/languoid/lect/wals_code_anc,90A,90,Noun-Relative clause,Burquest-1973[58-65],
90A-bod,http://wals.info/languoid/lect/wals_code_bod,90A,90,Relative clause-Noun,,
90A-chq,http://wals.info/languoid/lect/wals_code_chq,90A,90,Noun-Relative clause,"Robbins-1968[58, passim]",
90A-dan,http://wals.info/languoid/lect/wals_code_dan,90A,90,Noun-Relative clause,Doneux-1968[60-61],
90A-gud,http://wals.info/languoid/lect/wals_code_gud,90A,90,Noun-Relative clause,Hoskison-1983[57],
90A-koy,http://wals.info/languoid/lect/wals_code_koy,90A,90,Relative clause-Noun,Tyler-1969[66],
90A-men,http://wals.info/languoid/lect/wals_code_men,90A,90,Noun-Relative clause,Bloomfield-1962[467],
90A-nia,http://wals.info/languoid/lect/wals_code_nia,90A,90,Noun-Relative clause,Brown-2001,
90A-rot,http://wals.info/languoid/lect/wals_code_rot,90A,90,Noun-Relative clause,Churchward-1940[29],
90A-tbu,http://wals.info/languoid/lect/wals_code_tbu,90A,90,Noun-Relative clause,Lukas-1953[179];Tucker-and-Bryan-1966[183],
90A-tuc,http://wals.info/languoid/lect/wals_code_tuc,90A,90,Relative clause-Noun,"West-1980[199-201, 201]",
90A-bla,http://wals.info/languoid/lect/wals_code_bla,90A,90,Mixed,,
90A-fut,http://wals.info/languoid/lect/wals_code_fut,90A,90,Noun-Relative clause,Dougherty-1983[94-95],
90A-hum,http://wals.info/languoid/lect/wals_code_hum,90A,90,Relative clause-Noun,Burtch-and-Wise-1968[28],
90A-kam,http://wals.info/languoid/lect/wals_code_kam,90A,90,Noun-Relative clause,Klamer-1998[316],
90A-lao,http://wals.info/languoid/lect/wals_code_lao,90A,90,Noun-Relative clause,Hospitalier-1937[passim];Yates-and-Sayisthsena-1970[passim],
90A-lnd,http://wals.info/languoid/lect/wals_code_lnd,90A,90,Noun-Relative clause,Cloarec-Heiss-1986[248-251],
90A-mai,http://wals.info/languoid/lect/wals_code_mai,90A,90,Mixed,Yadav-1996[354],
90A-msl,http://wals.info/languoid/lect/wals_code_msl,90A,90,Noun-Relative clause,Edgar-1989[80],
90A-nhn,http://wals.info/languoid/lect/wals_code_nhn,90A,90,Mixed,Brockway-1979[182],
90A-ser,http://wals.info/languoid/lect/wals_code_ser,90A,90,Internally headed,Marlett-1981[228-229],
90A-shn,http://wals.info/languoid/lect/wals_code_shn,90A,90,Noun-Relative clause,"Fortune-1955[181, 181-188]",
90A-sre,http://wals.info/languoid/lect/wals_code_sre,90A,90,Noun-Relative clause,"Manley-1972[82, 156-158]",
90A-tng,http://wals.info/languoid/lect/wals_code_tng,90A,90,Noun-Relative clause,Churchward-1953[passim],
90A-vai,http://wals.info/languoid/lect/wals_code_vai,90A,90,Correlative,Welmers-1976[124],
90A-wrl,http://wals.info/languoid/lect/wals_code_wrl,90A,90,Adjoined,Hale-1976b;Capell-1962b,
90A-gum,http://wals.info/languoid/lect/wals_code_gum,90A,90,Noun-Relative clause,Eades-1979[328],
90A-gwa,http://wals.info/languoid/lect/wals_code_gwa,90A,90,Noun-Relative clause,Hyman-and-Magaji-1970[47],
90A-kws,http://wals.info/languoid/lect/wals_code_kws,90A,90,Noun-Relative clause,Zigmond-et-al-1990-1991[ 124],
90A-kmb,http://wals.info/languoid/lect/wals_code_kmb,90A,90,Doubly headed,de-Vries-1989[189],
90A-lon,http://wals.info/languoid/lect/wals_code_lon,90A,90,Noun-Relative clause,"Hamel-1985[144, 154]",
90A-niu,http://wals.info/languoid/lect/wals_code_niu,90A,90,Noun-Relative clause,Seiter-1980[90ff],
90A-noo,http://wals.info/languoid/lect/wals_code_noo,90A,90,Noun-Relative clause,"Soukka-2000[132, 133]",
90A-pno,http://wals.info/languoid/lect/wals_code_pno,90A,90,Noun-Relative clause,Snapp-et-al-1982[82-85],
90A-aly,http://wals.info/languoid/lect/wals_code_aly,90A,90,Noun-Relative clause,Yallop-1977[137],
90A-kan,http://wals.info/languoid/lect/wals_code_kan,90A,90,Noun-Relative clause,"Ikoro-1996[224, passim 265ff]",
90A-kwo,http://wals.info/languoid/lect/wals_code_kwo,90A,90,Relative clause-Noun,Kooyers-1974[63-66],
90A-non,http://wals.info/languoid/lect/wals_code_non,90A,90,Noun-Relative clause,Hyman-1981b[91-93],
90A-per,http://wals.info/languoid/lect/wals_code_per,90A,90,Noun-Relative clause,Frajzyngier-1989[276],
90A-taw,http://wals.info/languoid/lect/wals_code_taw,90A,90,Noun-Relative clause,Ezard-1991[404],
90A-bco,http://wals.info/languoid/lect/wals_code_bco,90A,90,Noun-Relative clause,"Davis-and-Saunders-1997[98-104, passim]",
90A-ber,http://wals.info/languoid/lect/wals_code_ber,90A,90,Noun-Relative clause,Triulzi-et-al-1976a[527],
90A-cso,http://wals.info/languoid/lect/wals_code_cso,90A,90,Noun-Relative clause,"Pride-1965[30, 32]",
90A-cmh,http://wals.info/languoid/lect/wals_code_cmh,90A,90,Noun-Relative clause,"Press-1979[58, 109-114]",
90A-ewo,http://wals.info/languoid/lect/wals_code_ewo,90A,90,Noun-Relative clause,Redden-1979[passim],
90A-ksg,http://wals.info/languoid/lect/wals_code_ksg,90A,90,Noun-Relative clause,"Jones-1961[34, passim]",
90A-ruk,http://wals.info/languoid/lect/wals_code_ruk,90A,90,Mixed,Zeitoun-2007[ 310-311],
90A-wah,http://wals.info/languoid/lect/wals_code_wah,90A,90,Noun-Relative clause,Luzbetak-1954[passim],
90A-bar,http://wals.info/languoid/lect/wals_code_bar,90A,90,Noun-Relative clause,Spagnolo-1933[253],
90A-chc,http://wals.info/languoid/lect/wals_code_chc,90A,90,Relative clause-Noun,"Nichols-1994a[54, 58, 64]",
90A-err,http://wals.info/languoid/lect/wals_code_err,90A,90,Noun-Relative clause,Crowley-1998a[161],
90A-hua,http://wals.info/languoid/lect/wals_code_hua,90A,90,Relative clause-Noun,"Haiman-1980[257, 262]",
90A-iba,http://wals.info/languoid/lect/wals_code_iba,90A,90,Noun-Relative clause,"Omar-1981[198-199, 238-239]",
90A-jeb,http://wals.info/languoid/lect/wals_code_jeb,90A,90,Noun-Relative clause,"Bendor-Samuel-1961b[46, passim]",
90A-jng,http://wals.info/languoid/lect/wals_code_jng,90A,90,Relative clause-Noun,Hertz-1917[11],
90A-mby,http://wals.info/languoid/lect/wals_code_mby,90A,90,Noun-Relative clause,"Fortier-1971[16, 20-21]",
90A-mpa,http://wals.info/languoid/lect/wals_code_mpa,90A,90,Mixed,Walsh-1976[287],
90A-new,http://wals.info/languoid/lect/wals_code_new,90A,90,Relative clause-Noun,Malla-1985[passim],
90A-ukr,http://wals.info/languoid/lect/wals_code_ukr,90A,90,Noun-Relative clause,Stechishin-1958[134],
90A-yuk,http://wals.info/languoid/lect/wals_code_yuk,90A,90,Noun-Relative clause,Keen-1983[passim],
90A-kya,http://wals.info/languoid/lect/wals_code_kya,90A,90,Adjoined,Patz-2002[ 181-182],
90A-sah,http://wals.info/languoid/lect/wals_code_sah,90A,90,Noun-Relative clause,"Visser-and-Voorhoeve-1987[44, 59]",
90A-ttu,http://wals.info/languoid/lect/wals_code_ttu,90A,90,Relative clause-Noun,"Holisky-and-Gagua-1994[190, 198, 205-206]",
90A-ao,http://wals.info/languoid/lect/wals_code_ao,90A,90,Mixed,Clark-1893[14],
90A-fye,http://wals.info/languoid/lect/wals_code_fye,90A,90,Noun-Relative clause,Nettle-1998[53],
90A-lai,http://wals.info/languoid/lect/wals_code_lai,90A,90,Mixed,Hay-Neave-1953[passim],
90A-mro,http://wals.info/languoid/lect/wals_code_mro,90A,90,Noun-Relative clause,Black-and-Black-1971[81],
90A-nar,http://wals.info/languoid/lect/wals_code_nar,90A,90,Noun-Relative clause,Thompson-1976a[493],
90A-tam,http://wals.info/languoid/lect/wals_code_tam,90A,90,Relative clause-Noun,Mazaudon-1976[15];Mazaudon-2003[299],
90A-tvo,http://wals.info/languoid/lect/wals_code_tvo,90A,90,Relative clause-Noun,Poppe-1968[113],
90A-tpn,http://wals.info/languoid/lect/wals_code_tpn,90A,90,Noun-Relative clause,Bascom-1982[376-379],
90A-tib,http://wals.info/languoid/lect/wals_code_tib,90A,90,Relative clause-Noun,De-Lancey-2003[ 276],
90A-tlp,http://wals.info/languoid/lect/wals_code_tlp,90A,90,Noun-Relative clause,Suarez-1983a[298],
90A-udh,http://wals.info/languoid/lect/wals_code_udh,90A,90,Mixed,Nikolaeva-and-Tolskaya-2001[674],
90A-cct,http://wals.info/languoid/lect/wals_code_cct,90A,90,Internally headed,Nicklas-1979[25],
90A-cop,http://wals.info/languoid/lect/wals_code_cop,90A,90,Noun-Relative clause,"Lambdin-1983[8, 43-44, 76-77, 86]",
90A-kos,http://wals.info/languoid/lect/wals_code_kos,90A,90,Noun-Relative clause,Lee-1975[345],
90A-snh,http://wals.info/languoid/lect/wals_code_snh,90A,90,Noun-Relative clause,Gair-1970[158],
90A-trb,http://wals.info/languoid/lect/wals_code_trb,90A,90,Noun-Relative clause,Quesada-2000[127],
90A-tja,http://wals.info/languoid/lect/wals_code_tja,90A,90,Internally headed,Miller-2001[205],
90A-tla,http://wals.info/languoid/lect/wals_code_tla,90A,90,Noun-Relative clause,Franklin-et-al-1974[127],
90A-amr,http://wals.info/languoid/lect/wals_code_amr,90A,90,Noun-Relative clause,Harrell-1962[164],
90A-ara,http://wals.info/languoid/lect/wals_code_ara,90A,90,Mixed,"Pet-1987[91, 94-100, 103-104]",
90A-bto,http://wals.info/languoid/lect/wals_code_bto,90A,90,Noun-Relative clause,van-der-Tuuk-1864[passim];Nababan-1981[passim];Percival-1981[passim],
90A-bir,http://wals.info/languoid/lect/wals_code_bir,90A,90,Noun-Relative clause,"Bouquiaux-1970[336, 433]",
90A-din,http://wals.info/languoid/lect/wals_code_din,90A,90,Noun-Relative clause,Tucker-and-Bryan-1966[423];Nebel-1948[passim],
90A-evn,http://wals.info/languoid/lect/wals_code_evn,90A,90,Relative clause-Noun,Benzing-1955[ Malchukov 1996],
90A-mgg,http://wals.info/languoid/lect/wals_code_mgg,90A,90,Relative clause-Noun,Slater-2003[233],
90A-oji,http://wals.info/languoid/lect/wals_code_oji,90A,90,Noun-Relative clause,Valentine-2001[ 580];Rhodes-1991[1],
90A-res,http://wals.info/languoid/lect/wals_code_res,90A,90,Mixed,"Allin-1976[223, 229ff., 230, 231]",
90A-tah,http://wals.info/languoid/lect/wals_code_tah,90A,90,Noun-Relative clause,Tryon-1970a[passim],
90A-che,http://wals.info/languoid/lect/wals_code_che,90A,90,Relative clause-Noun,"Scancarelli-1986[228];Cook-1979[156, passim]",
90A-cze,http://wals.info/languoid/lect/wals_code_cze,90A,90,Noun-Relative clause,Harkins-1953[passim],
90A-dsh,http://wals.info/languoid/lect/wals_code_dsh,90A,90,Noun-Relative clause,Bredsdorff-1958[86-88];Allan-et-al-1995[201ff],
90A-hup,http://wals.info/languoid/lect/wals_code_hup,90A,90,Noun-Relative clause,Goddard-1903[passim],
90A-kab,http://wals.info/languoid/lect/wals_code_kab,90A,90,Relative clause-Noun,"Colarusso-1989[330, 343-344]",
90A-knk,http://wals.info/languoid/lect/wals_code_knk,90A,90,Noun-Relative clause,Newman-1974[94],
90A-lel,http://wals.info/languoid/lect/wals_code_lel,90A,90,Noun-Relative clause,Frajzyngier-2001[435],
90A-so,http://wals.info/languoid/lect/wals_code_so,90A,90,Noun-Relative clause,Serzisko-1989[393],
90A-tne,http://wals.info/languoid/lect/wals_code_tne,90A,90,Noun-Relative clause,Wilson-1961a[31-33];Scott-1956[passim],
90A-ctl,http://wals.info/languoid/lect/wals_code_ctl,90A,90,Noun-Relative clause,Hualde-1992[119],
90A-lui,http://wals.info/languoid/lect/wals_code_lui,90A,90,Noun-Relative clause,Hyde-1971[169],
90A-por,http://wals.info/languoid/lect/wals_code_por,90A,90,Noun-Relative clause,Parkinson-1988[157],
90A-sun,http://wals.info/languoid/lect/wals_code_sun,90A,90,Noun-Relative clause,Hardjadibrata-1985[38-40],
90A-chr,http://wals.info/languoid/lect/wals_code_chr,90A,90,Noun-Relative clause,Thomas-1971[passim 139],
90A-est,http://wals.info/languoid/lect/wals_code_est,90A,90,Noun-Relative clause,"de-Sivers-1969[227, 229];Tauli-1983[257]",
90A-gae,http://wals.info/languoid/lect/wals_code_gae,90A,90,Noun-Relative clause,Calder-1923[259-260],
90A-mum,http://wals.info/languoid/lect/wals_code_mum,90A,90,Noun-Relative clause,Shimizu-1983[95],
90A-ter,http://wals.info/languoid/lect/wals_code_ter,90A,90,Noun-Relative clause,Newman-1970[36],
90A-wma,http://wals.info/languoid/lect/wals_code_wma,90A,90,Noun-Relative clause,Voorhoeve-1982[25],
90A-abu,http://wals.info/languoid/lect/wals_code_abu,90A,90,Noun-Relative clause,Berry-1995b[107-109];Berry-1995a[46ff],
90A-bab,http://wals.info/languoid/lect/wals_code_bab,90A,90,Noun-Relative clause,Schaub-1985[33],
90A-doy,http://wals.info/languoid/lect/wals_code_doy,90A,90,Noun-Relative clause,Wiering-and-Wiering-1994[167-169],
90A-krd,http://wals.info/languoid/lect/wals_code_krd,90A,90,Noun-Relative clause,Blau-1980[156-157],
90A-len,http://wals.info/languoid/lect/wals_code_len,90A,90,Noun-Relative clause,Lynch-1978[105-107],
90A-mam,http://wals.info/languoid/lect/wals_code_mam,90A,90,Noun-Relative clause,"England-1983[149, 290]",
90A-ttn,http://wals.info/languoid/lect/wals_code_ttn,90A,90,Noun-Relative clause,van-Klinken-1997[133],
90A-tid,http://wals.info/languoid/lect/wals_code_tid,90A,90,Noun-Relative clause,"van-Staden-2000[193, 295ff]",
90A-ygr,http://wals.info/languoid/lect/wals_code_ygr,90A,90,Relative clause-Noun,Renck-1975[206-208],
90A-arg,http://wals.info/languoid/lect/wals_code_arg,90A,90,Noun-Relative clause,"Holes-1990[24, 59, 62]",
90A-cub,http://wals.info/languoid/lect/wals_code_cub,90A,90,Noun-Relative clause,Morse-and-Maxwell-1999a[151],
90A-dgr,http://wals.info/languoid/lect/wals_code_dgr,90A,90,Relative clause-Noun,Martin-1961[passim],
90A-htc,http://wals.info/languoid/lect/wals_code_htc,90A,90,Noun-Relative clause,Edmonson-1988[515],
90A-ik,http://wals.info/languoid/lect/wals_code_ik,90A,90,Noun-Relative clause,Tucker-1972[192];Serzisko-1989[393],
90A-nun,http://wals.info/languoid/lect/wals_code_nun,90A,90,Noun-Relative clause,Saul-and-Wilson-1980[passim 78ff],
90A-sed,http://wals.info/languoid/lect/wals_code_sed,90A,90,Noun-Relative clause,Smith-1979[77],
90A-bsk,http://wals.info/languoid/lect/wals_code_bsk,90A,90,Relative clause-Noun,Poppe-1964[80-81],
90A-mns,http://wals.info/languoid/lect/wals_code_mns,90A,90,Relative clause-Noun,"Murphy-1968[136, 138, 144]",
90A-mna,http://wals.info/languoid/lect/wals_code_mna,90A,90,Noun-Relative clause,"van-den-Berg-1989b[120, 133, 136, 231ff]",
90A-mup,http://wals.info/languoid/lect/wals_code_mup,90A,90,Noun-Relative clause,"Frajzyngier-1993[135, 197]",
90A-ngl,http://wals.info/languoid/lect/wals_code_ngl,90A,90,Noun-Relative clause,Merlan-1983[138],
90A-tin,http://wals.info/languoid/lect/wals_code_tin,90A,90,Noun-Relative clause,Osumi-1995[265-273],
90A-gbb,http://wals.info/languoid/lect/wals_code_gbb,90A,90,Noun-Relative clause,"Samarin-1966[65, 121, 123, passim]",
90A-lim,http://wals.info/languoid/lect/wals_code_lim,90A,90,Relative clause-Noun,Weidert-and-Subba-1985[passim],
90A-miy,http://wals.info/languoid/lect/wals_code_miy,90A,90,Noun-Relative clause,Schuh-1998[264-270],
90A-ngz,http://wals.info/languoid/lect/wals_code_ngz,90A,90,Noun-Relative clause,"Schuh-1972[119, 120-121, 124-128]",
90A-poh,http://wals.info/languoid/lect/wals_code_poh,90A,90,Noun-Relative clause,Rehg-1981[344],
90A-tna,http://wals.info/languoid/lect/wals_code_tna,90A,90,Noun-Relative clause,"Dimmendaal-1983a[206, 308]",
90A-uzb,http://wals.info/languoid/lect/wals_code_uzb,90A,90,Relative clause-Noun,"Sjoberg-1963[140, passim]",
90A-hve,http://wals.info/languoid/lect/wals_code_hve,90A,90,Noun-Relative clause,Stairs-and-Hollenbach-1981[ passim],
90A-kty,http://wals.info/languoid/lect/wals_code_kty,90A,90,Relative clause-Noun,"Filchenko-2007[ 302, 365]",
90A-mym,http://wals.info/languoid/lect/wals_code_mym,90A,90,Relative clause-Noun,Asher-and-Kumari-1997[ 133],
90A-tel,http://wals.info/languoid/lect/wals_code_tel,90A,90,Relative clause-Noun,"Lisker-1963[228-229, passim]",
90A-ykt,http://wals.info/languoid/lect/wals_code_ykt,90A,90,Relative clause-Noun,Stachowski-and-Menz-1998[427],
90A-awt,http://wals.info/languoid/lect/wals_code_awt,90A,90,Relative clause-Noun,"Feldman-1986[116, 164-165]",
90A-klm,http://wals.info/languoid/lect/wals_code_klm,90A,90,Noun-Relative clause,Gatschet-1890[662];Barker-1964[passim],
90A-tgr,http://wals.info/languoid/lect/wals_code_tgr,90A,90,Relative clause-Noun,Raz-1983[43],
90A-hat,http://wals.info/languoid/lect/wals_code_hat,90A,90,Noun-Relative clause,"Reesink-1999[56, 112]",
90A-mok,http://wals.info/languoid/lect/wals_code_mok,90A,90,Noun-Relative clause,Harrison-and-Albert-1976[256],
90A-nor,http://wals.info/languoid/lect/wals_code_nor,90A,90,Noun-Relative clause,Olson-1901[40-41],
90A-ret,http://wals.info/languoid/lect/wals_code_ret,90A,90,Internally headed,Strom-1992[48],
90A-tau,http://wals.info/languoid/lect/wals_code_tau,90A,90,Mixed,"MacDonald-1990[109, 266-268]",
90A-bre,http://wals.info/languoid/lect/wals_code_bre,90A,90,Noun-Relative clause,Press-1986[187],
90A-ijo,http://wals.info/languoid/lect/wals_code_ijo,90A,90,Relative clause-Noun,"Williamson-1965[66-67, 71]",
90A-luo,http://wals.info/languoid/lect/wals_code_luo,90A,90,Noun-Relative clause,Omondi-1982[231-232],
90A-pal,http://wals.info/languoid/lect/wals_code_pal,90A,90,Noun-Relative clause,Josephs-1975[452],
90A-psh,http://wals.info/languoid/lect/wals_code_psh,90A,90,Noun-Relative clause,"Shafeev-1964[35-36, 62]",
90A-sam,http://wals.info/languoid/lect/wals_code_sam,90A,90,Noun-Relative clause,Marsack-1962[passim],
90A-wao,http://wals.info/languoid/lect/wals_code_wao,90A,90,Mixed,Peeke-1994[269],
90A-wap,http://wals.info/languoid/lect/wals_code_wap,90A,90,Internally headed,Radin-1929[107ff];Li-et-al-1977[96],
90A-kis,http://wals.info/languoid/lect/wals_code_kis,90A,90,Noun-Relative clause,Childs-1995[295],
90A-cax,http://wals.info/languoid/lect/wals_code_cax,90A,90,Noun-Relative clause,"Payne-1981[9, passim]",
90A-lug,http://wals.info/languoid/lect/wals_code_lug,90A,90,Noun-Relative clause,"Barr-1965[54-56, 131-132];Crazzolara-1960[56-60, 149]",
90A-maa,http://wals.info/languoid/lect/wals_code_maa,90A,90,Noun-Relative clause,"Tucker-and-Mpaayei-1955[23, 106-107]",
90A-tsh,http://wals.info/languoid/lect/wals_code_tsh,90A,90,Mixed,Dayley-1989a[366],
90A-wel,http://wals.info/languoid/lect/wals_code_wel,90A,90,Noun-Relative clause,Williams-1980b[56];Bowen-and-Jones-1960[121-124];Jones-and-Thomas-1977[177];Thomas-1992a[290],
90A-yap,http://wals.info/languoid/lect/wals_code_yap,90A,90,Noun-Relative clause,"Jensen-et-al-1977a[152, 166, passim];Jensen-1977a[ 152, 166, passim]",
90A-iaa,http://wals.info/languoid/lect/wals_code_iaa,90A,90,Noun-Relative clause,Tryon-1968[76],
90A-tgk,http://wals.info/languoid/lect/wals_code_tgk,90A,90,Noun-Relative clause,Beaumont-1979[50],
90A-mhi,http://wals.info/languoid/lect/wals_code_mhi,90A,90,Relative clause-Noun,,
90A-pip,http://wals.info/languoid/lect/wals_code_pip,90A,90,Noun-Relative clause,Campbell-1985[128-129],
90A-tzu,http://wals.info/languoid/lect/wals_code_tzu,90A,90,Noun-Relative clause,"Dayley-1985[231, 372ff]",
90A-amp,http://wals.info/languoid/lect/wals_code_amp,90A,90,Noun-Relative clause,Wilkins-1989[418],
90A-die,http://wals.info/languoid/lect/wals_code_die,90A,90,Internally headed,Gorbet-1976[43ff];Couro-and-Langdon-1975[187],
90A-diy,http://wals.info/languoid/lect/wals_code_diy,90A,90,Adjoined,Austin-1981[210],
90A-ice,http://wals.info/languoid/lect/wals_code_ice,90A,90,Noun-Relative clause,Einarsson-1945[passim 127],
90A-pan,http://wals.info/languoid/lect/wals_code_pan,90A,90,Mixed,Gill-and-Gleason-1963[passim],
90A-mne,http://wals.info/languoid/lect/wals_code_mne,90A,90,Relative clause-Noun,Shipley-1964[35],
90A-mrg,http://wals.info/languoid/lect/wals_code_mrg,90A,90,Noun-Relative clause,"Hoffmann-1963[277, 280]",
90A-nan,http://wals.info/languoid/lect/wals_code_nan,90A,90,Noun-Relative clause,Creider-and-Creider-1989[133-137];Hollis-1909[187-188],
90A-mac,http://wals.info/languoid/lect/wals_code_mac,90A,90,Mixed,"Abbott-1991[70];Carson-1982[125-126, 168-169]",
90A-abi,http://wals.info/languoid/lect/wals_code_abi,90A,90,Noun-Relative clause,Najlis-1966[88],
90A-mab,http://wals.info/languoid/lect/wals_code_mab,90A,90,Noun-Relative clause,Trenga-1947[66],
90A-swe,http://wals.info/languoid/lect/wals_code_swe,90A,90,Noun-Relative clause,"Holmes-and-Hinchliffe-1994[220-221, 533];McClean-1963[passim]",
90A-wlf,http://wals.info/languoid/lect/wals_code_wlf,90A,90,Noun-Relative clause,"Njie-1982[87-99];Sauvageot-1965[193, 195-196]",
90A-ace,http://wals.info/languoid/lect/wals_code_ace,90A,90,Noun-Relative clause,Durie-1985[231],
90A-chv,http://wals.info/languoid/lect/wals_code_chv,90A,90,Relative clause-Noun,Krueger-1961[137],
90A-dut,http://wals.info/languoid/lect/wals_code_dut,90A,90,Noun-Relative clause,Shetter-1958[98-99],
90A-kas,http://wals.info/languoid/lect/wals_code_kas,90A,90,Mixed,Wali-and-Koul-1997[54-55],
90A-pur,http://wals.info/languoid/lect/wals_code_pur,90A,90,Noun-Relative clause,"Foster-1969[77-78, 179]",
90A-una,http://wals.info/languoid/lect/wals_code_una,90A,90,Relative clause-Noun,Louwerse-1988[92],
90A-dyi,http://wals.info/languoid/lect/wals_code_dyi,90A,90,Noun-Relative clause,Dixon-1972[passim],
90A-haw,http://wals.info/languoid/lect/wals_code_haw,90A,90,Noun-Relative clause,Elbert-and-Pukui-1979[passim],
90A-ita,http://wals.info/languoid/lect/wals_code_ita,90A,90,Noun-Relative clause,Maiden-and-Robustelli-2000[130ff],
90A-kch,http://wals.info/languoid/lect/wals_code_kch,90A,90,Noun-Relative clause,Heath-1999b[186],
90A-lit,http://wals.info/languoid/lect/wals_code_lit,90A,90,Noun-Relative clause,Dambriunas-et-al-1966[passim],
90A-ood,http://wals.info/languoid/lect/wals_code_ood,90A,90,Noun-Relative clause,"Saxton-1982[202, 250];Zepeda-1983[105-107]",
90A-rom,http://wals.info/languoid/lect/wals_code_rom,90A,90,Noun-Relative clause,Mallinson-1986[56],
90A-tml,http://wals.info/languoid/lect/wals_code_tml,90A,90,Relative clause-Noun,"Asher-1982[65, 26, passim]",
90A-bul,http://wals.info/languoid/lect/wals_code_bul,90A,90,Noun-Relative clause,Scatton-1984[passim],
90A-lah,http://wals.info/languoid/lect/wals_code_lah,90A,90,Relative clause-Noun,Matisoff-1973[473],
90A-yuc,http://wals.info/languoid/lect/wals_code_yuc,90A,90,Noun-Relative clause,Linn-2001[ 500],
90A-krb,http://wals.info/languoid/lect/wals_code_krb,90A,90,Noun-Relative clause,Groves-et-al-1985[passim];Cowell-1951[21-22],
90A-som,http://wals.info/languoid/lect/wals_code_som,90A,90,Noun-Relative clause,Saeed-1987[228-229];Kirk-1905[125],
90A-cnt,http://wals.info/languoid/lect/wals_code_cnt,90A,90,Relative clause-Noun,Cheung-1983[10];Matthews-and-Yip-1994[ 109],
90A-fur,http://wals.info/languoid/lect/wals_code_fur,90A,90,Noun-Relative clause,Beaton-1968[passim],
90A-pol,http://wals.info/languoid/lect/wals_code_pol,90A,90,Noun-Relative clause,,
90A-ker,http://wals.info/languoid/lect/wals_code_ker,90A,90,Noun-Relative clause,Ebert-1979[174],
90A-tli,http://wals.info/languoid/lect/wals_code_tli,90A,90,Relative clause-Noun,Naish-1979[102],
90A-alb,http://wals.info/languoid/lect/wals_code_alb,90A,90,Noun-Relative clause,"Newmark-et-al-1982[120-121, 278-279]",
90A-bam,http://wals.info/languoid/lect/wals_code_bam,90A,90,Correlative,Bird-and-Kante-1976[9],
90A-kyl,http://wals.info/languoid/lect/wals_code_kyl,90A,90,Noun-Relative clause,"Solnit-1986[298, 352]",
90A-mak,http://wals.info/languoid/lect/wals_code_mak,90A,90,Mixed,,
90A-tsi,http://wals.info/languoid/lect/wals_code_tsi,90A,90,Noun-Relative clause,Mulder-1994[141];Dunn-1979[passim];Boas-1911c[passim],
90A-tun,http://wals.info/languoid/lect/wals_code_tun,90A,90,Noun-Relative clause,Haas-1940[102],
90A-mrl,http://wals.info/languoid/lect/wals_code_mrl,90A,90,Noun-Relative clause,"Lyth-1971[7, 8, 9, 12]",
90A-pit,http://wals.info/languoid/lect/wals_code_pit,90A,90,Mixed,Bowe-1990[100ff],
90A-amh,http://wals.info/languoid/lect/wals_code_amh,90A,90,Relative clause-Noun,Leslau-1966[613],
90A-ana,http://wals.info/languoid/lect/wals_code_ana,90A,90,Noun-Relative clause,"Pitman-1980[77-78, 90, 60-61]",
90A-dio,http://wals.info/languoid/lect/wals_code_dio,90A,90,Noun-Relative clause,"Sapir-1965[47, 76, 87, 106]",
90A-arm,http://wals.info/languoid/lect/wals_code_arm,90A,90,Mixed,,
90A-baw,http://wals.info/languoid/lect/wals_code_baw,90A,90,Mixed,"Reichle-1981[90-103, 139]",
90A-nbd,http://wals.info/languoid/lect/wals_code_nbd,90A,90,Noun-Relative clause,"Armbruster-1960[328, 330, 427-428]",
90A-hai,http://wals.info/languoid/lect/wals_code_hai,90A,90,Internally headed,Enrico-2003[ 564ff],
90A-pai,http://wals.info/languoid/lect/wals_code_pai,90A,90,Noun-Relative clause,Egli-1990[ 178],
90A-ung,http://wals.info/languoid/lect/wals_code_ung,90A,90,Noun-Relative clause,"Rumsey-1982[138, 147]",
90A-bej,http://wals.info/languoid/lect/wals_code_bej,90A,90,Noun-Relative clause,"Reinisch-1893[119-120, 157]",
90A-dre,http://wals.info/languoid/lect/wals_code_dre,90A,90,Noun-Relative clause,"Tryon-1967a[60, 63, 65, 67, 83]",
90A-gar,http://wals.info/languoid/lect/wals_code_gar,90A,90,Relative clause-Noun,"Burling-1961[32, 68, passim];Burling-2003[ 392]",
90A-pms,http://wals.info/languoid/lect/wals_code_pms,90A,90,Noun-Relative clause,Crowley-1982[99],
90A-sml,http://wals.info/languoid/lect/wals_code_sml,90A,90,Noun-Relative clause,Kruspe-1999[331],
90A-yur,http://wals.info/languoid/lect/wals_code_yur,90A,90,Mixed,Robins-1958[64],
90A-dag,http://wals.info/languoid/lect/wals_code_dag,90A,90,Noun-Relative clause,"Murane-1974[17, 89, 147-148]",
90A-otm,http://wals.info/languoid/lect/wals_code_otm,90A,90,Noun-Relative clause,"Hess-1968[132, 135]",
90A-igb,http://wals.info/languoid/lect/wals_code_igb,90A,90,Noun-Relative clause,Emenanjo-1978[80],
90A-nez,http://wals.info/languoid/lect/wals_code_nez,90A,90,Noun-Relative clause,Aoki-1979[passim],
90A-brh,http://wals.info/languoid/lect/wals_code_brh,90A,90,Noun-Relative clause,Bray-1909[passim],
90A-cah,http://wals.info/languoid/lect/wals_code_cah,90A,90,Noun-Relative clause,"Seiler-1977[passim 228, 181]",
90A-cle,http://wals.info/languoid/lect/wals_code_cle,90A,90,Noun-Relative clause,"Rupp-1989[72, 85]",
90A-knm,http://wals.info/languoid/lect/wals_code_knm,90A,90,Noun-Relative clause,Tucker-and-Bryan-1966[346],
90A-nav,http://wals.info/languoid/lect/wals_code_nav,90A,90,Internally headed,Young-and-Morgan-1980[56-57];Speas-1990[221-222],
90A-bkr,http://wals.info/languoid/lect/wals_code_bkr,90A,90,Noun-Relative clause,"Woollams-1996[106, 143, 291ff]",
90A-cmn,http://wals.info/languoid/lect/wals_code_cmn,90A,90,Noun-Relative clause,Charney-1993[237-247];Wistrand-Robinson-and-Armagost-1990[332],
90A-iri,http://wals.info/languoid/lect/wals_code_iri,90A,90,Noun-Relative clause,"Stenson-1981[passim];O-Dochartaigh-1992[51];McCloskey-1979[180, passim]",
90A-nko,http://wals.info/languoid/lect/wals_code_nko,90A,90,Noun-Relative clause,Taylor-1985[23],
90A-squ,http://wals.info/languoid/lect/wals_code_squ,90A,90,Mixed,Kuipers-1967[175-176],
90A-dni,http://wals.info/languoid/lect/wals_code_dni,90A,90,Noun-Relative clause,Bromley-1981[262-263],
90A-coo,http://wals.info/languoid/lect/wals_code_coo,90A,90,Noun-Relative clause,Frachtenberg-1913[passim],
90A-nht,http://wals.info/languoid/lect/wals_code_nht,90A,90,Noun-Relative clause,Tuggy-1979[122],
90A-ika,http://wals.info/languoid/lect/wals_code_ika,90A,90,Internally headed,Frank-1990[100-101],
90A-kse,http://wals.info/languoid/lect/wals_code_kse,90A,90,Noun-Relative clause,Heath-1999a[242];Prost-1956[passim 56],
90A-mun,http://wals.info/languoid/lect/wals_code_mun,90A,90,Relative clause-Noun,Sinha-1975[117-118];Osada-1992[121],
90A-yid,http://wals.info/languoid/lect/wals_code_yid,90A,90,Adjoined,Dixon-1977a[ 330],
90A-brs,http://wals.info/languoid/lect/wals_code_brs,90A,90,Noun-Relative clause,Jones-and-Jones-1991[149-153],
90A-tab,http://wals.info/languoid/lect/wals_code_tab,90A,90,Noun-Relative clause,Bowden-1997a[446],
90A-pau,http://wals.info/languoid/lect/wals_code_pau,90A,90,Noun-Relative clause,Chapman-and-Derbyshire-1991[238],
90A-ond,http://wals.info/languoid/lect/wals_code_ond,90A,90,Internally headed,,
90A-asm,http://wals.info/languoid/lect/wals_code_asm,90A,90,Relative clause-Noun,Voorhoeve-1965[passim],
90A-ewe,http://wals.info/languoid/lect/wals_code_ewe,90A,90,Noun-Relative clause,"Ameka-1991[45, 47-48, 62-63];Warburton-et-al-1968[97]",
90A-grb,http://wals.info/languoid/lect/wals_code_grb,90A,90,Noun-Relative clause,Innes-1966[94],
90A-hmo,http://wals.info/languoid/lect/wals_code_hmo,90A,90,Noun-Relative clause,Harriehausen-1990[141];Lyman-1979[passim],
90A-khs,http://wals.info/languoid/lect/wals_code_khs,90A,90,Noun-Relative clause,"Nagaraja-1985[14];Rabel-1961[51-52, 131-132]",
90A-khm,http://wals.info/languoid/lect/wals_code_khm,90A,90,Noun-Relative clause,Ehrman-1970[15-16];Gorgoniev-1966[ 121-122];Gorgoniyev-1966[121-122],
90A-kio,http://wals.info/languoid/lect/wals_code_kio,90A,90,Internally headed,Watkins-1984[230-233],
90A-wic,http://wals.info/languoid/lect/wals_code_wic,90A,90,Noun-Relative clause,Rood-1976[passim],
90A-juh,http://wals.info/languoid/lect/wals_code_juh,90A,90,Noun-Relative clause,"Dickens-1992[28, 29];Snyman-1970[105]",
90A-klv,http://wals.info/languoid/lect/wals_code_klv,90A,90,Noun-Relative clause,"Senft-1986[66, 121-122]",
90A-nug,http://wals.info/languoid/lect/wals_code_nug,90A,90,Noun-Relative clause,"Heath-1984[561, 570]",
90A-irq,http://wals.info/languoid/lect/wals_code_irq,90A,90,Noun-Relative clause,Whiteley-1958[passim],
90A-kew,http://wals.info/languoid/lect/wals_code_kew,90A,90,Mixed,"Franklin-1971[77-78, 92, passim]",
90A-snm,http://wals.info/languoid/lect/wals_code_snm,90A,90,Mixed,Borgman-1990[133-144],
90A-epe,http://wals.info/languoid/lect/wals_code_epe,90A,90,Internally headed,"Harms-1994[14, 166]",
90A-koa,http://wals.info/languoid/lect/wals_code_koa,90A,90,Mixed,Kimball-1991[525],
90A-luv,http://wals.info/languoid/lect/wals_code_luv,90A,90,Noun-Relative clause,Horton-1949[177-179],
90A-san,http://wals.info/languoid/lect/wals_code_san,90A,90,Noun-Relative clause,"Samarin-1967b[63, 70-71]",
90A-bag,http://wals.info/languoid/lect/wals_code_bag,90A,90,Noun-Relative clause,Stevenson-1969[51],
90A-hzb,http://wals.info/languoid/lect/wals_code_hzb,90A,90,Relative clause-Noun,"van-den-Berg-1995[92-93, 117-118]",
90A-ing,http://wals.info/languoid/lect/wals_code_ing,90A,90,Relative clause-Noun,Nichols-1994b,
90A-mau,http://wals.info/languoid/lect/wals_code_mau,90A,90,Noun-Relative clause,Capell-and-Hinch-1970[passim],
90A-kfe,http://wals.info/languoid/lect/wals_code_kfe,90A,90,Noun-Relative clause,Rennison-1997[45],
90A-qim,http://wals.info/languoid/lect/wals_code_qim,90A,90,Relative clause-Noun,Cole-1982[49],
90A-wch,http://wals.info/languoid/lect/wals_code_wch,90A,90,Noun-Relative clause,"Vinas-Urquiza-1974[112, 122, 131-132];Hunt-1940[11, 71]",
90A-yag,http://wals.info/languoid/lect/wals_code_yag,90A,90,Noun-Relative clause,"Payne-1990a[82];Payne-and-Payne-1990[342, 349]",
90A-niv,http://wals.info/languoid/lect/wals_code_niv,90A,90,Relative clause-Noun,Panfilov-1962[ passim],
90A-apu,http://wals.info/languoid/lect/wals_code_apu,90A,90,Noun-Relative clause,Facundes-2000[576],
90A-bma,http://wals.info/languoid/lect/wals_code_bma,90A,90,Noun-Relative clause,Penchoen-1973b[67],
90A-imo,http://wals.info/languoid/lect/wals_code_imo,90A,90,Mixed,Seiler-1985[65-66],
90A-kob,http://wals.info/languoid/lect/wals_code_kob,90A,90,Mixed,"Davies-1981b[29, 58]",
90A-lat,http://wals.info/languoid/lect/wals_code_lat,90A,90,Noun-Relative clause,Lazdina-1966[63];Bielenstein-1863[414],
90A-mar,http://wals.info/languoid/lect/wals_code_mar,90A,90,Mixed,Gordon-1986[250-265],
90A-ala,http://wals.info/languoid/lect/wals_code_ala,90A,90,Relative clause-Noun,"Bruce-1984[99, 105, 109]",
90A-kut,http://wals.info/languoid/lect/wals_code_kut,90A,90,Internally headed,,
90A-mxc,http://wals.info/languoid/lect/wals_code_mxc,90A,90,Noun-Relative clause,Macaulay-1996[157],
90A-lav,http://wals.info/languoid/lect/wals_code_lav,90A,90,Internally headed,"Terrill-1999[395, 16.3]",
90A-rap,http://wals.info/languoid/lect/wals_code_rap,90A,90,Noun-Relative clause,Chapin-1978[149-150],
90A-ain,http://wals.info/languoid/lect/wals_code_ain,90A,90,Relative clause-Noun,"Shibatani-1990[23, 40];Refsing-1986[80, 268]",
90A-jak,http://wals.info/languoid/lect/wals_code_jak,90A,90,Noun-Relative clause,"Day-1973[66, passim];Craig-1977[9, 191-192]",
90A-lkt,http://wals.info/languoid/lect/wals_code_lkt,90A,90,Internally headed,,
90A-mrt,http://wals.info/languoid/lect/wals_code_mrt,90A,90,Adjoined,Dench-1995[240],
90A-war,http://wals.info/languoid/lect/wals_code_war,90A,90,Noun-Relative clause,"Everett-and-Kern-1997[83-85, 150, 158]",
90A-kho,http://wals.info/languoid/lect/wals_code_kho,90A,90,Relative clause-Noun,Hagman-1977[121-125],
90A-mei,http://wals.info/languoid/lect/wals_code_mei,90A,90,Relative clause-Noun,Chelliah-1997[80],
90A-ngi,http://wals.info/languoid/lect/wals_code_ngi,90A,90,Mixed,Donaldson-1980[297-299],
90A-brm,http://wals.info/languoid/lect/wals_code_brm,90A,90,Relative clause-Noun,"Okell-1969[59, passim];Wheatley-1982[104-108]",
90A-kro,http://wals.info/languoid/lect/wals_code_kro,90A,90,Noun-Relative clause,"Reh-1983[47];Reh-1985[249, 253-258]",
90A-myi,http://wals.info/languoid/lect/wals_code_myi,90A,90,Noun-Relative clause,"Merlan-1982[15, 17]",
90A-tiw,http://wals.info/languoid/lect/wals_code_tiw,90A,90,Noun-Relative clause,Osborne-1974[72],
90A-knr,http://wals.info/languoid/lect/wals_code_knr,90A,90,Noun-Relative clause,"Lukas-1937[155-157];Hutchison-1981[217];Hutchison-1976[3, 63]",
90A-kay,http://wals.info/languoid/lect/wals_code_kay,90A,90,Noun-Relative clause,"Evans-1995[489, 517]",
90A-yor,http://wals.info/languoid/lect/wals_code_yor,90A,90,Noun-Relative clause,Rowlands-1969[87],
90A-yko,http://wals.info/languoid/lect/wals_code_yko,90A,90,Relative clause-Noun,"Maslova-1999[10, 14, 179-180, 350, 506ff]",
90A-may,http://wals.info/languoid/lect/wals_code_may,90A,90,Noun-Relative clause,"Dol-1999[137, 151, 168, 239];Brown-1990[passim 47, passim]",
90A-tuk,http://wals.info/languoid/lect/wals_code_tuk,90A,90,Mixed,"Donohue-1999a[304, 367]",
90A-bur,http://wals.info/languoid/lect/wals_code_bur,90A,90,Relative clause-Noun,"Tiffou-and-Pesot-1989[69-70];Lorimer-1935[406, 404, passim]",
90A-cha,http://wals.info/languoid/lect/wals_code_cha,90A,90,Noun-Relative clause,Topping-1973[280-282],
90A-chk,http://wals.info/languoid/lect/wals_code_chk,90A,90,Mixed,Dunn-1999[passim],
90A-fij,http://wals.info/languoid/lect/wals_code_fij,90A,90,Noun-Relative clause,"Dixon-1988[43, 251]",
90A-heb,http://wals.info/languoid/lect/wals_code_heb,90A,90,Noun-Relative clause,Glinert-1989[359],
90A-lan,http://wals.info/languoid/lect/wals_code_lan,90A,90,Noun-Relative clause,Noonan-1992[154],
90A-orh,http://wals.info/languoid/lect/wals_code_orh,90A,90,Noun-Relative clause,Owens-1985[86],
90A-tha,http://wals.info/languoid/lect/wals_code_tha,90A,90,Noun-Relative clause,Anthony-et-al-1968[502];Warotamasikkhadit-1972[48],
90A-yaq,http://wals.info/languoid/lect/wals_code_yaq,90A,90,Noun-Relative clause,"Lindenfeld-1973[25, 66]",
90A-zul,http://wals.info/languoid/lect/wals_code_zul,90A,90,Noun-Relative clause,"Ziervogel-et-al-1981[127-128, 220-225]",
90A-sla,http://wals.info/languoid/lect/wals_code_sla,90A,90,Mixed,"Rice-1989[1000, 1309-1310]",
90A-aeg,http://wals.info/languoid/lect/wals_code_aeg,90A,90,Noun-Relative clause,"Gary-and-Gamal-Eldin-1982[18, 33]",
90A-grw,http://wals.info/languoid/lect/wals_code_grw,90A,90,Noun-Relative clause,Woodbury-1977[308];Fortescue-1984[108],
90A-hix,http://wals.info/languoid/lect/wals_code_hix,90A,90,Noun-Relative clause,"Derbyshire-1985[108, 136]",
90A-swa,http://wals.info/languoid/lect/wals_code_swa,90A,90,Noun-Relative clause,Ashton-1947[110-113],
90A-vie,http://wals.info/languoid/lect/wals_code_vie,90A,90,Noun-Relative clause,"Thompson-1965[191, passim];Binh-1971[130];Vuong-Gia-Thuy-1975[120]",
90A-hin,http://wals.info/languoid/lect/wals_code_hin,90A,90,Correlative,"McGregor-1977[46-47, 82]",
90A-ckr,http://wals.info/languoid/lect/wals_code_ckr,90A,90,Mixed,Popjes-and-Popjes-1986[171],
90A-tag,http://wals.info/languoid/lect/wals_code_tag,90A,90,Noun-Relative clause,"Schachter-and-Otanes-1972[123, 131];Aldridge-2004[ 200]",
90A-geo,http://wals.info/languoid/lect/wals_code_geo,90A,90,Noun-Relative clause,Hewitt-1995[ 600ff],
90A-knd,http://wals.info/languoid/lect/wals_code_knd,90A,90,Mixed,"Bright-1958[39];Sridhar-1990[47-54, 98];Schiffman-1983[130-133]",
90A-kha,http://wals.info/languoid/lect/wals_code_kha,90A,90,Relative clause-Noun,"Binnick-1979[20, 89];Poppe-1970[143, 145]",
90A-mal,http://wals.info/languoid/lect/wals_code_mal,90A,90,Noun-Relative clause,"Domenichini-Ramiaramanana-1977[96];Dez-1980b[107-108, 117]",
90A-sup,http://wals.info/languoid/lect/wals_code_sup,90A,90,Correlative,Carlson-1994[488ff],
90A-hau,http://wals.info/languoid/lect/wals_code_hau,90A,90,Noun-Relative clause,"Kraft-1963[(Vol. 1) 66, (Vol. 1) 71, (Vol. 2) 85];Newman-2000[376]",
90A-mao,http://wals.info/languoid/lect/wals_code_mao,90A,90,Noun-Relative clause,"Bauer-1993[51, 107]",
90A-bsq,http://wals.info/languoid/lect/wals_code_bsq,90A,90,Relative clause-Noun,Lafitte-1962[50];Saltarelli-et-al-1988[75];Urbina-1989[69],
90A-abk,http://wals.info/languoid/lect/wals_code_abk,90A,90,Relative clause-Noun,"Hewitt-1979[35, 56]",
90A-eve,http://wals.info/languoid/lect/wals_code_eve,90A,90,Relative clause-Noun,"Nedjalkov-1997[36, 82]",
90A-kor,http://wals.info/languoid/lect/wals_code_kor,90A,90,Relative clause-Noun,Sohn-1999[293],
90A-prs,http://wals.info/languoid/lect/wals_code_prs,90A,90,Noun-Relative clause,Rastorgueva-1964[60],
90A-ame,http://wals.info/languoid/lect/wals_code_ame,90A,90,Noun-Relative clause,Roberts-1987[49-52],
90A-ger,http://wals.info/languoid/lect/wals_code_ger,90A,90,Noun-Relative clause,"Lederer-1969[604, 612-613]",
90A-grk,http://wals.info/languoid/lect/wals_code_grk,90A,90,Noun-Relative clause,Mackridge-1985[passim],
90A-lez,http://wals.info/languoid/lect/wals_code_lez,90A,90,Relative clause-Noun,"Haspelmath-1993[6, passim 251, 261-262, 340ff]",
90A-jpn,http://wals.info/languoid/lect/wals_code_jpn,90A,90,Relative clause-Noun,"Hinds-1986[59, 61];Shibatani-1990[257]",
90A-mnd,http://wals.info/languoid/lect/wals_code_mnd,90A,90,Relative clause-Noun,Li-and-Thompson-1981[124],
90A-hun,http://wals.info/languoid/lect/wals_code_hun,90A,90,Mixed,Kenesei-et-al-1998[38],
90A-ind,http://wals.info/languoid/lect/wals_code_ind,90A,90,Noun-Relative clause,"Danusugondo-1975[passim];Sneddon-1996a[148, 286ff];Macdonald-1976[89]",
90A-fin,http://wals.info/languoid/lect/wals_code_fin,90A,90,Noun-Relative clause,"Sulkala-and-Karjalainen-1992[43, 88]",
90A-rus,http://wals.info/languoid/lect/wals_code_rus,90A,90,Noun-Relative clause,Bivon-1971[84],
90A-spa,http://wals.info/languoid/lect/wals_code_spa,90A,90,Noun-Relative clause,Green-1988[104-105],
90A-tur,http://wals.info/languoid/lect/wals_code_tur,90A,90,Relative clause-Noun,Underhill-1976[276],
90A-fre,http://wals.info/languoid/lect/wals_code_fre,90A,90,Noun-Relative clause,,
90A-eng,http://wals.info/languoid/lect/wals_code_eng,90A,90,Noun-Relative clause,,
90A-dds,http://wals.info/languoid/lect/wals_code_dds,90A,90,Internally headed,Kervran-and-Prost-1969[118-121],
90A-ddj,http://wals.info/languoid/lect/wals_code_ddj,90A,90,Noun-Relative clause,Gode-2008[ 149ff],
90A-ney,http://wals.info/languoid/lect/wals_code_ney,90A,90,Noun-Relative clause,Grah-1983[ 206],
90A-jms,http://wals.info/languoid/lect/wals_code_jms,90A,90,Mixed,Heath-2008[479-480],
90A-nrg,http://wals.info/languoid/lect/wals_code_nrg,90A,90,Noun-Relative clause,Ouedraogo-1984[ 556],
90A-ncm,http://wals.info/languoid/lect/wals_code_ncm,90A,90,Noun-Relative clause,Cox-1998[ 314],
90A-myg,http://wals.info/languoid/lect/wals_code_myg,90A,90,Noun-Relative clause,Sawka-2001[ 32],
90A-ajg,http://wals.info/languoid/lect/wals_code_ajg,90A,90,Noun-Relative clause,Tchitchi-1984[ 357-358],
90A-zag,http://wals.info/languoid/lect/wals_code_zag,90A,90,Noun-Relative clause,Crass-and-Jakobi-2004[ 177],
90A-mgq,http://wals.info/languoid/lect/wals_code_mgq,90A,90,Noun-Relative clause,Khamis-1983[ 155],
90A-tsk,http://wals.info/languoid/lect/wals_code_tsk,90A,90,Noun-Relative clause,"Heath-2005[ 14, 623ff]",
90A-hna,http://wals.info/languoid/lect/wals_code_hna,90A,90,Noun-Relative clause,Frajzyngier-and-Johnston-2005[ 436],
90A-sid,http://wals.info/languoid/lect/wals_code_sid,90A,90,Relative clause-Noun,Kawachi-2007[ 517],
90A-arj,http://wals.info/languoid/lect/wals_code_arj,90A,90,Noun-Relative clause,,
90A-nmm,http://wals.info/languoid/lect/wals_code_nmm,90A,90,Relative clause-Noun,Hildebrandt-2004[113],
90A-tdr,http://wals.info/languoid/lect/wals_code_tdr,90A,90,Mixed,Kretschmar-1986[ 91],
90A-kgy,http://wals.info/languoid/lect/wals_code_kgy,90A,90,Relative clause-Noun,Huber-2005[ 177],
90A-amt,http://wals.info/languoid/lect/wals_code_amt,90A,90,Mixed,Haller-2004[ 158],
90A-shg,http://wals.info/languoid/lect/wals_code_shg,90A,90,Mixed,Haller-2000[ 114],
90A-knz,http://wals.info/languoid/lect/wals_code_knz,90A,90,Noun-Relative clause,Causemann-1989[ 118],
90A-khd,http://wals.info/languoid/lect/wals_code_khd,90A,90,Relative clause-Noun,Hasler-1999[ 238],
90A-gyc,http://wals.info/languoid/lect/wals_code_gyc,90A,90,Relative clause-Noun,Nagano-2003[ 472],
90A-rgc,http://wals.info/languoid/lect/wals_code_rgc,90A,90,Internally headed,Sun-2003[ 500],
90A-bwc,http://wals.info/languoid/lect/wals_code_bwc,90A,90,Noun-Relative clause,"Miller-2007[ 312, 391]",
90A-ttd,http://wals.info/languoid/lect/wals_code_ttd,90A,90,Noun-Relative clause,Williams-van-Klinken-et-al-2002[ 25],
90A-lab,http://wals.info/languoid/lect/wals_code_lab,90A,90,Noun-Relative clause,Siegel-1984[ 119-120],
90A-vnm,http://wals.info/languoid/lect/wals_code_vnm,90A,90,Noun-Relative clause,Crowley-2002g[ 643],
90A-psw,http://wals.info/languoid/lect/wals_code_psw,90A,90,Noun-Relative clause,Crowley-2002e[ 655],
90A-lmu,http://wals.info/languoid/lect/wals_code_lmu,90A,90,Noun-Relative clause,Early-2002b[ 674],
90A-erk,http://wals.info/languoid/lect/wals_code_erk,90A,90,Noun-Relative clause,,
90A-ndr,http://wals.info/languoid/lect/wals_code_ndr,90A,90,Noun-Relative clause,Geraghty-2002[ 840],
90A-mxe,http://wals.info/languoid/lect/wals_code_mxe,90A,90,Noun-Relative clause,,
90A-mpt,http://wals.info/languoid/lect/wals_code_mpt,90A,90,Internally headed,"Fedden-2007[ 26, 204]",
90A-mkj,http://wals.info/languoid/lect/wals_code_mkj,90A,90,Noun-Relative clause,Huber-2008[ 35],
90A-abv,http://wals.info/languoid/lect/wals_code_abv,90A,90,Noun-Relative clause,Kratochvil-2007[ 169-174],
90A-dlm,http://wals.info/languoid/lect/wals_code_dlm,90A,90,Mixed,de-Sousa-2006[passim],
90A-brp,http://wals.info/languoid/lect/wals_code_brp,90A,90,Noun-Relative clause,Corris-2005[ 133],
90A-kwt,http://wals.info/languoid/lect/wals_code_kwt,90A,90,Relative clause-Noun,Spencer-2008[ 151],
90A-bio,http://wals.info/languoid/lect/wals_code_bio,90A,90,Noun-Relative clause,Hamlin-1998[ 51],
90A-urt,http://wals.info/languoid/lect/wals_code_urt,90A,90,Noun-Relative clause,Sposato-2008[ 12],
90A-xbi,http://wals.info/languoid/lect/wals_code_xbi,90A,90,Noun-Relative clause,Yi-2008[ 13],
90A-aoj,http://wals.info/languoid/lect/wals_code_aoj,90A,90,Noun-Relative clause,Alungum-et-al-1978[ 109],
90A-kmz,http://wals.info/languoid/lect/wals_code_kmz,90A,90,Mixed,"Sanders-and-Sanders-1994[ 5, passim, 48]",
90A-tee,http://wals.info/languoid/lect/wals_code_tee,90A,90,Noun-Relative clause,Kung-2007[ 589],
90A-qum,http://wals.info/languoid/lect/wals_code_qum,90A,90,Noun-Relative clause,Barrett-1999[ 266],
90A-eme,http://wals.info/languoid/lect/wals_code_eme,90A,90,Noun-Relative clause,Rose-2003b[ 492-502],
90A-cpy,http://wals.info/languoid/lect/wals_code_cpy,90A,90,Relative clause-Noun,Cerron-Palomino-2006[ 193],
90A-kkq,http://wals.info/languoid/lect/wals_code_kkq,90A,90,Adjoined,,
90A-pnx,http://wals.info/languoid/lect/wals_code_pnx,90A,90,Noun-Relative clause,Dourado-2001[ 88],
90A-huc,http://wals.info/languoid/lect/wals_code_huc,90A,90,Noun-Relative clause,Anonymous-6[passim],
90A-urn,http://wals.info/languoid/lect/wals_code_urn,90A,90,Relative clause-Noun,Olawsky-2006[ 325],
90A-qhu,http://wals.info/languoid/lect/wals_code_qhu,90A,90,Relative clause-Noun,Weber-1989[280],
90A-mcv,http://wals.info/languoid/lect/wals_code_mcv,90A,90,Noun-Relative clause,Grondona-1998[166],
90A-ndy,http://wals.info/languoid/lect/wals_code_ndy,90A,90,Noun-Relative clause,"Huttar-and-Huttar-1994[90, 200]",
