ID,Language_ID,Parameter_ID,Contribution_ID,Value,Source,Comment
60A-swv,http://wals.info/languoid/lect/wals_code_swv,60A,60,Genitives and adjectives collapsed,,
60A-dat,http://wals.info/languoid/lect/wals_code_dat,60A,60,Highly differentiated,,
60A-rcp,http://wals.info/languoid/lect/wals_code_rcp,60A,60,Genitives and adjectives collapsed,,
60A-beg,http://wals.info/languoid/lect/wals_code_beg,60A,60,Weakly differentiated,,
60A-hok,http://wals.info/languoid/lect/wals_code_hok,60A,60,Weakly differentiated,,
60A-lov,http://wals.info/languoid/lect/wals_code_lov,60A,60,Weakly differentiated,,
60A-pad,http://wals.info/languoid/lect/wals_code_pad,60A,60,Weakly differentiated,Karhunen-1994,
60A-hmd,http://wals.info/languoid/lect/wals_code_hmd,60A,60,Adjectives and relative clauses collapsed,,
60A-mzn,http://wals.info/languoid/lect/wals_code_mzn,60A,60,Genitives and adjectives collapsed,,
60A-nvs,http://wals.info/languoid/lect/wals_code_nvs,60A,60,Adjectives and relative clauses collapsed,,
60A-pil,http://wals.info/languoid/lect/wals_code_pil,60A,60,Adjectives and relative clauses collapsed,Naess-2000,
60A-bok,http://wals.info/languoid/lect/wals_code_bok,60A,60,Highly differentiated,Jones-1998b,
60A-gil,http://wals.info/languoid/lect/wals_code_gil,60A,60,Genitives and adjectives collapsed,,
60A-agw,http://wals.info/languoid/lect/wals_code_agw,60A,60,Highly differentiated,,
60A-mks,http://wals.info/languoid/lect/wals_code_mks,60A,60,Highly differentiated,,
60A-cme,http://wals.info/languoid/lect/wals_code_cme,60A,60,Weakly differentiated,Alieva-and-Bui-Khanh-The-1999,
60A-luc,http://wals.info/languoid/lect/wals_code_luc,60A,60,Highly differentiated,Fleisch-2001,
60A-tts,http://wals.info/languoid/lect/wals_code_tts,60A,60,Highly differentiated,,
60A-bgv,http://wals.info/languoid/lect/wals_code_bgv,60A,60,Highly differentiated,Kibrik-2001[155-159],
60A-kwz,http://wals.info/languoid/lect/wals_code_kwz,60A,60,Highly differentiated,,
60A-bal,http://wals.info/languoid/lect/wals_code_bal,60A,60,Adjectives and relative clauses collapsed,,
60A-xam,http://wals.info/languoid/lect/wals_code_xam,60A,60,Adjectives and relative clauses collapsed,,
60A-cml,http://wals.info/languoid/lect/wals_code_cml,60A,60,Adjectives and relative clauses collapsed,Ebert-1997a,
60A-tgh,http://wals.info/languoid/lect/wals_code_tgh,60A,60,Highly differentiated,Nehlil-1909,
60A-vaf,http://wals.info/languoid/lect/wals_code_vaf,60A,60,Highly differentiated,,
60A-msc,http://wals.info/languoid/lect/wals_code_msc,60A,60,Highly differentiated,Ostler-1994,
60A-gav,http://wals.info/languoid/lect/wals_code_gav,60A,60,Highly differentiated,Moore-1984,
60A-pnr,http://wals.info/languoid/lect/wals_code_pnr,60A,60,Highly differentiated,,
60A-khr,http://wals.info/languoid/lect/wals_code_khr,60A,60,Adjectives and relative clauses collapsed,,
60A-ura,http://wals.info/languoid/lect/wals_code_ura,60A,60,Highly differentiated,Crowley-1998c,
60A-drg,http://wals.info/languoid/lect/wals_code_drg,60A,60,Highly differentiated,,
60A-jam,http://wals.info/languoid/lect/wals_code_jam,60A,60,Highly differentiated,,
60A-see,http://wals.info/languoid/lect/wals_code_see,60A,60,Adjectives and relative clauses collapsed,Holmer-1996,
60A-hpd,http://wals.info/languoid/lect/wals_code_hpd,60A,60,Highly differentiated,,
60A-mee,http://wals.info/languoid/lect/wals_code_mee,60A,60,Highly differentiated,Will-1989[136-138],
60A-yng,http://wals.info/languoid/lect/wals_code_yng,60A,60,Highly differentiated,Dench-1998,
60A-pba,http://wals.info/languoid/lect/wals_code_pba,60A,60,Highly differentiated,Estrada-Fernandez-1996,
60A-ath,http://wals.info/languoid/lect/wals_code_ath,60A,60,Highly differentiated,Ebert-1997b,
60A-jav,http://wals.info/languoid/lect/wals_code_jav,60A,60,Adjectives and relative clauses collapsed,,
60A-ses,http://wals.info/languoid/lect/wals_code_ses,60A,60,Highly differentiated,Guma-1971,
60A-naj,http://wals.info/languoid/lect/wals_code_naj,60A,60,Genitives and relative clauses collapsed,Khan-1999,
60A-bel,http://wals.info/languoid/lect/wals_code_bel,60A,60,Highly differentiated,,
60A-brn,http://wals.info/languoid/lect/wals_code_brn,60A,60,Highly differentiated,,
60A-min,http://wals.info/languoid/lect/wals_code_min,60A,60,Weakly differentiated,,
60A-mos,http://wals.info/languoid/lect/wals_code_mos,60A,60,Weakly differentiated,,
60A-kmb,http://wals.info/languoid/lect/wals_code_kmb,60A,60,Adjectives and relative clauses collapsed,de-Vries-1993[39-41],
60A-kan,http://wals.info/languoid/lect/wals_code_kan,60A,60,Highly differentiated,Ikoro-1996,
60A-taw,http://wals.info/languoid/lect/wals_code_taw,60A,60,Adjectives and relative clauses collapsed,Ezard-1997,
60A-bae,http://wals.info/languoid/lect/wals_code_bae,60A,60,Highly differentiated,Aikhenvald-1996,
60A-lai,http://wals.info/languoid/lect/wals_code_lai,60A,60,Highly differentiated,,
60A-tam,http://wals.info/languoid/lect/wals_code_tam,60A,60,Highly differentiated,Mazaudon-1976,
60A-tvo,http://wals.info/languoid/lect/wals_code_tvo,60A,60,Adjectives and relative clauses collapsed,,
60A-trb,http://wals.info/languoid/lect/wals_code_trb,60A,60,Adjectives and relative clauses collapsed,Quesada-2000[48-50],
60A-so,http://wals.info/languoid/lect/wals_code_so,60A,60,Adjectives and relative clauses collapsed,Carlin-1993,
60A-abu,http://wals.info/languoid/lect/wals_code_abu,60A,60,Highly differentiated,Berry-and-Berry-1999[92-93],
60A-tid,http://wals.info/languoid/lect/wals_code_tid,60A,60,Adjectives and relative clauses collapsed,,
60A-mup,http://wals.info/languoid/lect/wals_code_mup,60A,60,Moderately differentiated in other ways,Frajzyngier-1993,
60A-ava,http://wals.info/languoid/lect/wals_code_ava,60A,60,Highly differentiated,,
60A-miy,http://wals.info/languoid/lect/wals_code_miy,60A,60,Highly differentiated,Schuh-1998,
60A-ngz,http://wals.info/languoid/lect/wals_code_ngz,60A,60,Weakly differentiated,Schuh-1972,
60A-hat,http://wals.info/languoid/lect/wals_code_hat,60A,60,Adjectives and relative clauses collapsed,Reesink-1999,
60A-jaq,http://wals.info/languoid/lect/wals_code_jaq,60A,60,Highly differentiated,Hardman-2000,
60A-mhi,http://wals.info/languoid/lect/wals_code_mhi,60A,60,Highly differentiated,,
60A-mrg,http://wals.info/languoid/lect/wals_code_mrg,60A,60,Highly differentiated,Hoffmann-1963[69-70],
60A-nan,http://wals.info/languoid/lect/wals_code_nan,60A,60,Adjectives and relative clauses collapsed,Creider-nd[6-10],
60A-kch,http://wals.info/languoid/lect/wals_code_kch,60A,60,Highly differentiated,Heath-1999b,
60A-cnt,http://wals.info/languoid/lect/wals_code_cnt,60A,60,Weakly differentiated,,
60A-alb,http://wals.info/languoid/lect/wals_code_alb,60A,60,Highly differentiated,,
60A-kyl,http://wals.info/languoid/lect/wals_code_kyl,60A,60,Highly differentiated,,
60A-nbd,http://wals.info/languoid/lect/wals_code_nbd,60A,60,Highly differentiated,Armbruster-1960,
60A-sml,http://wals.info/languoid/lect/wals_code_sml,60A,60,Weakly differentiated,,
60A-bkr,http://wals.info/languoid/lect/wals_code_bkr,60A,60,Moderately differentiated in other ways,Woollams-1996,
60A-nht,http://wals.info/languoid/lect/wals_code_nht,60A,60,Highly differentiated,Tuggy-1979,
60A-yim,http://wals.info/languoid/lect/wals_code_yim,60A,60,Highly differentiated,"Foley-1991[93-101, 178-185, 413-415]",
60A-ika,http://wals.info/languoid/lect/wals_code_ika,60A,60,Highly differentiated,Frank-1990,
60A-yid,http://wals.info/languoid/lect/wals_code_yid,60A,60,Highly differentiated,Dixon-1977a,
60A-tab,http://wals.info/languoid/lect/wals_code_tab,60A,60,Adjectives and relative clauses collapsed,Bowden-1997a,
60A-khm,http://wals.info/languoid/lect/wals_code_khm,60A,60,Weakly differentiated,Ehrman-1972b,
60A-irq,http://wals.info/languoid/lect/wals_code_irq,60A,60,Highly differentiated,,
60A-snm,http://wals.info/languoid/lect/wals_code_snm,60A,60,Highly differentiated,Borgman-1990,
60A-shk,http://wals.info/languoid/lect/wals_code_shk,60A,60,Highly differentiated,,
60A-epe,http://wals.info/languoid/lect/wals_code_epe,60A,60,Highly differentiated,Harms-1994,
60A-hzb,http://wals.info/languoid/lect/wals_code_hzb,60A,60,Highly differentiated,van-den-Berg-1995,
60A-ing,http://wals.info/languoid/lect/wals_code_ing,60A,60,Highly differentiated,,
60A-mau,http://wals.info/languoid/lect/wals_code_mau,60A,60,Highly differentiated,Capell-and-Hinch-1970,
60A-kfe,http://wals.info/languoid/lect/wals_code_kfe,60A,60,Highly differentiated,Rennison-1997,
60A-qim,http://wals.info/languoid/lect/wals_code_qim,60A,60,Highly differentiated,Cole-1982,
60A-yag,http://wals.info/languoid/lect/wals_code_yag,60A,60,Genitives and adjectives collapsed,,
60A-wra,http://wals.info/languoid/lect/wals_code_wra,60A,60,Highly differentiated,Romero-Figueroa-1997,
60A-imo,http://wals.info/languoid/lect/wals_code_imo,60A,60,Highly differentiated,Seiler-1985,
60A-mar,http://wals.info/languoid/lect/wals_code_mar,60A,60,Adjectives and relative clauses collapsed,,
60A-goo,http://wals.info/languoid/lect/wals_code_goo,60A,60,Adjectives and relative clauses collapsed,McGregor-1990,
60A-kut,http://wals.info/languoid/lect/wals_code_kut,60A,60,Adjectives and relative clauses collapsed,,
60A-rap,http://wals.info/languoid/lect/wals_code_rap,60A,60,Adjectives and relative clauses collapsed,Chapin-1978[152-153],
60A-ain,http://wals.info/languoid/lect/wals_code_ain,60A,60,Adjectives and relative clauses collapsed,Refsing-1986,
60A-mrt,http://wals.info/languoid/lect/wals_code_mrt,60A,60,Adjectives and relative clauses collapsed,Dench-1995,
60A-war,http://wals.info/languoid/lect/wals_code_war,60A,60,Highly differentiated,Everett-and-Kern-1997,
60A-kho,http://wals.info/languoid/lect/wals_code_kho,60A,60,Adjectives and relative clauses collapsed,Hagman-1977,
60A-mei,http://wals.info/languoid/lect/wals_code_mei,60A,60,Adjectives and relative clauses collapsed,Chelliah-1997,
60A-brm,http://wals.info/languoid/lect/wals_code_brm,60A,60,Genitives and relative clauses collapsed,Okell-1969,
60A-tiw,http://wals.info/languoid/lect/wals_code_tiw,60A,60,Highly differentiated,Osborne-1974,
60A-knr,http://wals.info/languoid/lect/wals_code_knr,60A,60,Adjectives and relative clauses collapsed,"Cyffer-1998[47, 50]",
60A-kay,http://wals.info/languoid/lect/wals_code_kay,60A,60,Highly differentiated,Evans-1995,
60A-yko,http://wals.info/languoid/lect/wals_code_yko,60A,60,Highly differentiated,,
60A-may,http://wals.info/languoid/lect/wals_code_may,60A,60,Weakly differentiated,Dol-1999,
60A-tuk,http://wals.info/languoid/lect/wals_code_tuk,60A,60,Highly differentiated,Donohue-1999a,
60A-cha,http://wals.info/languoid/lect/wals_code_cha,60A,60,Highly differentiated,Topping-1973,
60A-chk,http://wals.info/languoid/lect/wals_code_chk,60A,60,Highly differentiated,,
60A-fij,http://wals.info/languoid/lect/wals_code_fij,60A,60,Adjectives and relative clauses collapsed,Schutz-1985,
60A-heb,http://wals.info/languoid/lect/wals_code_heb,60A,60,Highly differentiated,,
60A-lan,http://wals.info/languoid/lect/wals_code_lan,60A,60,Weakly differentiated,,
60A-tha,http://wals.info/languoid/lect/wals_code_tha,60A,60,Moderately differentiated in other ways,,
60A-zul,http://wals.info/languoid/lect/wals_code_zul,60A,60,Highly differentiated,Doke-1927,
60A-vie,http://wals.info/languoid/lect/wals_code_vie,60A,60,Adjectives and relative clauses collapsed,,
60A-hin,http://wals.info/languoid/lect/wals_code_hin,60A,60,Highly differentiated,,
60A-tag,http://wals.info/languoid/lect/wals_code_tag,60A,60,Adjectives and relative clauses collapsed,,
60A-geo,http://wals.info/languoid/lect/wals_code_geo,60A,60,Highly differentiated,,
60A-kha,http://wals.info/languoid/lect/wals_code_kha,60A,60,Highly differentiated,Poppe-1970[143-145],
60A-mal,http://wals.info/languoid/lect/wals_code_mal,60A,60,Adjectives and relative clauses collapsed,,
60A-sup,http://wals.info/languoid/lect/wals_code_sup,60A,60,Highly differentiated,Carlson-1994,
60A-mao,http://wals.info/languoid/lect/wals_code_mao,60A,60,Adjectives and relative clauses collapsed,Bauer-1993,
60A-bsq,http://wals.info/languoid/lect/wals_code_bsq,60A,60,Highly differentiated,,
60A-abk,http://wals.info/languoid/lect/wals_code_abk,60A,60,Highly differentiated,,
60A-eve,http://wals.info/languoid/lect/wals_code_eve,60A,60,Highly differentiated,Nedjalkov-1997,
60A-kor,http://wals.info/languoid/lect/wals_code_kor,60A,60,Highly differentiated,,
60A-prs,http://wals.info/languoid/lect/wals_code_prs,60A,60,Genitives and adjectives collapsed,Netzer-1971,
60A-ame,http://wals.info/languoid/lect/wals_code_ame,60A,60,Adjectives and relative clauses collapsed,Roberts-1987,
60A-lez,http://wals.info/languoid/lect/wals_code_lez,60A,60,Highly differentiated,Haspelmath-1997,
60A-jpn,http://wals.info/languoid/lect/wals_code_jpn,60A,60,Genitives and adjectives collapsed,,
60A-mnd,http://wals.info/languoid/lect/wals_code_mnd,60A,60,Weakly differentiated,,
60A-hun,http://wals.info/languoid/lect/wals_code_hun,60A,60,Highly differentiated,,
60A-ind,http://wals.info/languoid/lect/wals_code_ind,60A,60,Weakly differentiated,,
60A-fin,http://wals.info/languoid/lect/wals_code_fin,60A,60,Highly differentiated,,
60A-rus,http://wals.info/languoid/lect/wals_code_rus,60A,60,Highly differentiated,,
60A-tur,http://wals.info/languoid/lect/wals_code_tur,60A,60,Highly differentiated,Lewis-1967,
60A-fre,http://wals.info/languoid/lect/wals_code_fre,60A,60,Highly differentiated,,
60A-eng,http://wals.info/languoid/lect/wals_code_eng,60A,60,Highly differentiated,,
60A-ndy,http://wals.info/languoid/lect/wals_code_ndy,60A,60,Genitives and adjectives collapsed,Huttar-and-Huttar-1994,
