ID,Language_ID,Parameter_ID,Contribution_ID,Value,Source,Comment
14A-ahs,http://wals.info/languoid/lect/wals_code_ahs,14A,14,No fixed stress,Irshied-and-Kenstowicz-1984[109-148],
14A-arh,http://wals.info/languoid/lect/wals_code_arh,14A,14,No fixed stress,Al-Mozainy-1981,
14A-atb,http://wals.info/languoid/lect/wals_code_atb,14A,14,Penultimate,McKenzie-1991[99-149],
14A-bnl,http://wals.info/languoid/lect/wals_code_bnl,14A,14,Antepenultimate,Schurmann-1844,
14A-bim,http://wals.info/languoid/lect/wals_code_bim,14A,14,Penultimate,Verheijen-1982,
14A-daa,http://wals.info/languoid/lect/wals_code_daa,14A,14,Penultimate,Barr-1995;Barr-and-Barr-1988,
14A-hln,http://wals.info/languoid/lect/wals_code_hln,14A,14,Ultimate,Cooper-and-Cooper-1966,
14A-irm,http://wals.info/languoid/lect/wals_code_irm,14A,14,No fixed stress,Dillon-1961;O-Siadhail-1989,
14A-kli,http://wals.info/languoid/lect/wals_code_kli,14A,14,Penultimate,Esser-1934,
14A-kaw,http://wals.info/languoid/lect/wals_code_kaw,14A,14,Ultimate,Bridgeman-1961,
14A-kap,http://wals.info/languoid/lect/wals_code_kap,14A,14,Antepenultimate,Collier-and-Collier-1975,
14A-kuz,http://wals.info/languoid/lect/wals_code_kuz,14A,14,No fixed stress,Dubois-1976;Meiklejohn-and-Meiklejohn-1958[1-3],
14A-lla,http://wals.info/languoid/lect/wals_code_lla,14A,14,Second,Laycock-1971,
14A-lje,http://wals.info/languoid/lect/wals_code_lje,14A,14,Penultimate,Himmelmann-1991,
14A-mms,http://wals.info/languoid/lect/wals_code_mms,14A,14,Penultimate,Matti-1991,
14A-meb,http://wals.info/languoid/lect/wals_code_meb,14A,14,No fixed stress,Ikranegara-1980;Wallace-1976,
14A-liv,http://wals.info/languoid/lect/wals_code_liv,14A,14,Initial,Sjogren-1861,
14A-mgd,http://wals.info/languoid/lect/wals_code_mgd,14A,14,Penultimate,Dunnebier-1929,
14A-mrk,http://wals.info/languoid/lect/wals_code_mrk,14A,14,No fixed stress,Abbott-1985,
14A-nsy,http://wals.info/languoid/lect/wals_code_nsy,14A,14,Penultimate,Tsereteli-1978,
14A-oto,http://wals.info/languoid/lect/wals_code_oto,14A,14,No fixed stress,Miner-1979;Whitman-1947,
14A-pag,http://wals.info/languoid/lect/wals_code_pag,14A,14,Penultimate,Wimbish-1992,
14A-plb,http://wals.info/languoid/lect/wals_code_plb,14A,14,No fixed stress,Olesch-1974,
14A-plp,http://wals.info/languoid/lect/wals_code_plp,14A,14,Penultimate,Mihing-and-Stokhof-1977,
14A-rnr,http://wals.info/languoid/lect/wals_code_rnr,14A,14,Ultimate,Ventzel-1983,
14A-rsm,http://wals.info/languoid/lect/wals_code_rsm,14A,14,No fixed stress,Kamprath-1987;Roca-1999,
14A-sao,http://wals.info/languoid/lect/wals_code_sao,14A,14,No fixed stress,Welmers-1952b,
14A-sps,http://wals.info/languoid/lect/wals_code_sps,14A,14,No fixed stress,Snyder-1968,
14A-sbg,http://wals.info/languoid/lect/wals_code_sbg,14A,14,Penultimate,Gault-1979[49-67],
14A-sgr,http://wals.info/languoid/lect/wals_code_sgr,14A,14,Penultimate,Adriani-1893;Sneddon-1984,
14A-skl,http://wals.info/languoid/lect/wals_code_skl,14A,14,Ultimate,Kohler-1955,
14A-svc,http://wals.info/languoid/lect/wals_code_svc,14A,14,No fixed stress,Lehr-Splawinski-1917;Kurylowicz-1960;Lorentz-1903,
14A-tld,http://wals.info/languoid/lect/wals_code_tld,14A,14,Penultimate,Talens-1911;Sneddon-1984,
14A-thp,http://wals.info/languoid/lect/wals_code_thp,14A,14,Second,Rigsby-1976,
14A-tse,http://wals.info/languoid/lect/wals_code_tse,14A,14,Penultimate,Middelkoop-1950,
14A-tnt,http://wals.info/languoid/lect/wals_code_tnt,14A,14,No fixed stress,Adriani-and-Adriani-1908,
14A-trd,http://wals.info/languoid/lect/wals_code_trd,14A,14,Penultimate,Sande-and-Stokhof-1977,
14A-tzz,http://wals.info/languoid/lect/wals_code_tzz,14A,14,Initial,Haviland-et-al-nd,
14A-yil,http://wals.info/languoid/lect/wals_code_yil,14A,14,No fixed stress,Martens-and-Tuominen-1977,
14A-jum,http://wals.info/languoid/lect/wals_code_jum,14A,14,Penultimate,Abramson-1968,
14A-akl,http://wals.info/languoid/lect/wals_code_akl,14A,14,No fixed stress,Chai-1971,
14A-abe,http://wals.info/languoid/lect/wals_code_abe,14A,14,No fixed stress,Abdul-Karim-1979,
14A-ael,http://wals.info/languoid/lect/wals_code_ael,14A,14,No fixed stress,Owens-1984,
14A-arv,http://wals.info/languoid/lect/wals_code_arv,14A,14,No fixed stress,Blanc-1971[112-150],
14A-awd,http://wals.info/languoid/lect/wals_code_awd,14A,14,No fixed stress,Saksena-1971,
14A-blk,http://wals.info/languoid/lect/wals_code_blk,14A,14,Penultimate,Busenitz-and-Busenitz-1991[29-47],
14A-bbm,http://wals.info/languoid/lect/wals_code_bbm,14A,14,Penultimate,Campbell-1991[1-52],
14A-bna,http://wals.info/languoid/lect/wals_code_bna,14A,14,No fixed stress,Buller-and-Buller-1986,
14A-bnt,http://wals.info/languoid/lect/wals_code_bnt,14A,14,Penultimate,Sneddon-1984,
14A-bqi,http://wals.info/languoid/lect/wals_code_bqi,14A,14,No fixed stress,Hualde-1999;Ibarra-1994,
14A-bqb,http://wals.info/languoid/lect/wals_code_bqb,14A,14,Second,Hualde-1999,
14A-bqg,http://wals.info/languoid/lect/wals_code_bqg,14A,14,No fixed stress,Hualde-1999,
14A-bqh,http://wals.info/languoid/lect/wals_code_bqh,14A,14,No fixed stress,Hualde-1999,
14A-bql,http://wals.info/languoid/lect/wals_code_bql,14A,14,Penultimate,Hualde-1999,
14A-bqn,http://wals.info/languoid/lect/wals_code_bqn,14A,14,Penultimate,Hualde-1999;Ibarra-1994,
14A-bqo,http://wals.info/languoid/lect/wals_code_bqo,14A,14,Second,Hualde-1999,
14A-bqr,http://wals.info/languoid/lect/wals_code_bqr,14A,14,Penultimate,Hualde-1999,
14A-bqs,http://wals.info/languoid/lect/wals_code_bqs,14A,14,Initial,Hualde-1991;Hualde-1999,
14A-bso,http://wals.info/languoid/lect/wals_code_bso,14A,14,No fixed stress,Hualde-1999;Hualde-1993;Hualde-nd,
14A-bqz,http://wals.info/languoid/lect/wals_code_bqz,14A,14,No fixed stress,Hualde-1999,
14A-cup,http://wals.info/languoid/lect/wals_code_cup,14A,14,Initial,Munro-1990,
14A-dhu,http://wals.info/languoid/lect/wals_code_dhu,14A,14,No fixed stress,Eades-1976,
14A-dou,http://wals.info/languoid/lect/wals_code_dou,14A,14,Initial,McAllister-and-McAllister-1991,
14A-glp,http://wals.info/languoid/lect/wals_code_glp,14A,14,Initial,Wood-1978,
14A-gay,http://wals.info/languoid/lect/wals_code_gay,14A,14,No fixed stress,Hazeu-1907,
14A-gor,http://wals.info/languoid/lect/wals_code_gor,14A,14,No fixed stress,Seidel-1900,
14A-hno,http://wals.info/languoid/lect/wals_code_hno,14A,14,No fixed stress,Enrico-1991,
14A-jua,http://wals.info/languoid/lect/wals_code_jua,14A,14,Initial,Douglas-1968,
14A-klp,http://wals.info/languoid/lect/wals_code_klp,14A,14,Initial,Berman-1990,
14A-kra,http://wals.info/languoid/lect/wals_code_kra,14A,14,No fixed stress,Schlie-and-Schlie-1993,
14A-kaj,http://wals.info/languoid/lect/wals_code_kaj,14A,14,No fixed stress,Dommel-and-Dommel-1991,
14A-ktn,http://wals.info/languoid/lect/wals_code_ktn,14A,14,No fixed stress,Sims-and-Sims-1982,
14A-kit,http://wals.info/languoid/lect/wals_code_kit,14A,14,No fixed stress,Bucca-and-Lesser-1969,
14A-mly,http://wals.info/languoid/lect/wals_code_mly,14A,14,No fixed stress,Winstedt-1927;Lewis-1947,
14A-mnj,http://wals.info/languoid/lect/wals_code_mnj,14A,14,Initial,Marsh-1969,
14A-myy,http://wals.info/languoid/lect/wals_code_myy,14A,14,Initial,Breen-1981b,
14A-mta,http://wals.info/languoid/lect/wals_code_mta,14A,14,Ultimate,Court-1972,
14A-npu,http://wals.info/languoid/lect/wals_code_npu,14A,14,Penultimate,Hanna-and-Hanna-1991,
14A-nin,http://wals.info/languoid/lect/wals_code_nin,14A,14,Initial,Manning-and-Jaggers-1977,
14A-nbo,http://wals.info/languoid/lect/wals_code_nbo,14A,14,Initial,Bickmore-1992;Bickmore-1989,
14A-obk,http://wals.info/languoid/lect/wals_code_obk,14A,14,No fixed stress,Scott-and-Jenison-1991,
14A-olm,http://wals.info/languoid/lect/wals_code_olm,14A,14,Penultimate,Muller-1858,
14A-pkm,http://wals.info/languoid/lect/wals_code_pkm,14A,14,Ultimate,Mayers-1960,
14A-sru,http://wals.info/languoid/lect/wals_code_sru,14A,14,No fixed stress,Coward-1989;Drabbe-1932,
14A-sly,http://wals.info/languoid/lect/wals_code_sly,14A,14,Penultimate,Mithun-and-Basri-1986,
14A-skr,http://wals.info/languoid/lect/wals_code_skr,14A,14,No fixed stress,Martin-1991b,
14A-sto,http://wals.info/languoid/lect/wals_code_sto,14A,14,Second,Shaw-1985a,
14A-tbr,http://wals.info/languoid/lect/wals_code_tbr,14A,14,Penultimate,Fortgens-1928,
14A-tns,http://wals.info/languoid/lect/wals_code_tns,14A,14,No fixed stress,Lynch-1982b,
14A-tgw,http://wals.info/languoid/lect/wals_code_tgw,14A,14,No fixed stress,Nivens-1992,
14A-unm,http://wals.info/languoid/lect/wals_code_unm,14A,14,No fixed stress,Goddard-1982;Goddard-1979,
14A-wer,http://wals.info/languoid/lect/wals_code_wer,14A,14,Ultimate,Boxwell-and-Boxwell-1966,
14A-wet,http://wals.info/languoid/lect/wals_code_wet,14A,14,Penultimate,de-Jong-1987,
14A-yzv,http://wals.info/languoid/lect/wals_code_yzv,14A,14,No fixed stress,Lytkin-1961;Austerlitz-1964;Itkonen-1955,
14A-ych,http://wals.info/languoid/lect/wals_code_ych,14A,14,No fixed stress,Woodbury-1981;Jacobson-1985,
14A-yun,http://wals.info/languoid/lect/wals_code_yun,14A,14,No fixed stress,Jacobson-1985,
14A-ysl,http://wals.info/languoid/lect/wals_code_ysl,14A,14,No fixed stress,Krauss-1975;Jacobson-1984b;Jacobson-1985,
14A-cpa,http://wals.info/languoid/lect/wals_code_cpa,14A,14,No fixed stress,Pike-and-Kindberg-1956,
14A-cyg,http://wals.info/languoid/lect/wals_code_cyg,14A,14,No fixed stress,Foster-1982;Chafe-1977[169-181],
14A-dri,http://wals.info/languoid/lect/wals_code_dri,14A,14,Ultimate,Mueller-1980,
14A-dob,http://wals.info/languoid/lect/wals_code_dob,14A,14,Penultimate,Hughes-1995;Hughes-and-Hughes-1990,
14A-hnn,http://wals.info/languoid/lect/wals_code_hnn,14A,14,Penultimate,Conklin-1953,
14A-iga,http://wals.info/languoid/lect/wals_code_iga,14A,14,No fixed stress,Levinsohn-1976,
14A-ksr,http://wals.info/languoid/lect/wals_code_ksr,14A,14,Penultimate,Christensen-and-Christensen-1992,
14A-koo,http://wals.info/languoid/lect/wals_code_koo,14A,14,Penultimate,Takata-and-Takata-1992,
14A-kjn,http://wals.info/languoid/lect/wals_code_kjn,14A,14,Ultimate,Sommer-1969,
14A-mlc,http://wals.info/languoid/lect/wals_code_mlc,14A,14,No fixed stress,Baxter-1988,
14A-mnx,http://wals.info/languoid/lect/wals_code_mnx,14A,14,Initial,Broderick-1993;Thomson-1992,
14A-ngr,http://wals.info/languoid/lect/wals_code_ngr,14A,14,Initial,Yallop-1975a,
14A-orc,http://wals.info/languoid/lect/wals_code_orc,14A,14,Ultimate,Avrorin-and-Lebedeva-1968,
14A-pad,http://wals.info/languoid/lect/wals_code_pad,14A,14,Penultimate,Karhunen-1991,
14A-swi,http://wals.info/languoid/lect/wals_code_swi,14A,14,No fixed stress,Whisler-1992;Whisler-and-Whisler-1995,
14A-ymd,http://wals.info/languoid/lect/wals_code_ymd,14A,14,Penultimate,Mettler-and-Mettler-1990;Drabbe-1926b,
14A-atq,http://wals.info/languoid/lect/wals_code_atq,14A,14,No fixed stress,Leer-1985a;Krauss-1985;Leer-1985b,
14A-apa,http://wals.info/languoid/lect/wals_code_apa,14A,14,No fixed stress,Abu-Salim-1982;Abu-Salim-1980[1-11];Brahme-1974[39-61];Brahme-1973[14-25];Kenstowicz-and-Abdul-Karim-1980[55-76],
14A-bwa,http://wals.info/languoid/lect/wals_code_bwa,14A,14,No fixed stress,Crowley-1978,
14A-bgg,http://wals.info/languoid/lect/wals_code_bgg,14A,14,No fixed stress,van-den-Bergh-1953,
14A-bik,http://wals.info/languoid/lect/wals_code_bik,14A,14,Penultimate,Van-Hasselt-1905,
14A-dak,http://wals.info/languoid/lect/wals_code_dak,14A,14,Second,Shaw-1985a;Shaw-1985b,
14A-emc,http://wals.info/languoid/lect/wals_code_emc,14A,14,No fixed stress,Aguirre-Licht-1999,
14A-krl,http://wals.info/languoid/lect/wals_code_krl,14A,14,Initial,Leskinen-1984;Raun-1964b,
14A-ksh,http://wals.info/languoid/lect/wals_code_ksh,14A,14,No fixed stress,Oswalt-1961;Oswalt-1988,
14A-mmo,http://wals.info/languoid/lect/wals_code_mmo,14A,14,No fixed stress,Cygankin-and-Dabaev-1975;Itkonen-1955;Koljadenkov-1959;Paasonen-1909;Raun-1964a;Zavodova-and-Koljadenkov-1964,
14A-occ,http://wals.info/languoid/lect/wals_code_occ,14A,14,No fixed stress,Alibert-1976;Bec-1963;Cardaillac-1971;Maas-1969;Maurand-1974;Sauzet-1994;Sauzet-1986;Roca-1999,
14A-pin,http://wals.info/languoid/lect/wals_code_pin,14A,14,Initial,Hansen-and-Hansen-1969,
14A-que,http://wals.info/languoid/lect/wals_code_que,14A,14,Ultimate,Halpern-1946a;Halpern-1946b,
14A-spo,http://wals.info/languoid/lect/wals_code_spo,14A,14,No fixed stress,Carlson-1989,
14A-tua,http://wals.info/languoid/lect/wals_code_tua,14A,14,Penultimate,Kuki-1970,
14A-crk,http://wals.info/languoid/lect/wals_code_crk,14A,14,No fixed stress,Haas-1977,
14A-frd,http://wals.info/languoid/lect/wals_code_frd,14A,14,Penultimate,Drabbe-1926a,
14A-mah,http://wals.info/languoid/lect/wals_code_mah,14A,14,No fixed stress,Itkonen-1955;Kangasmaa-Minn-1998,
14A-mcs,http://wals.info/languoid/lect/wals_code_mcs,14A,14,No fixed stress,Freeland-1951;Freeland-and-Broadbent-1960,
14A-mwn,http://wals.info/languoid/lect/wals_code_mwn,14A,14,No fixed stress,Callaghan-1987,
14A-qay,http://wals.info/languoid/lect/wals_code_qay,14A,14,Penultimate,Adelaar-1984,
14A-qch,http://wals.info/languoid/lect/wals_code_qch,14A,14,Ultimate,Mayers-1966,
14A-tbb,http://wals.info/languoid/lect/wals_code_tbb,14A,14,Ultimate,Voegelin-1935,
14A-uli,http://wals.info/languoid/lect/wals_code_uli,14A,14,No fixed stress,Sohn-and-Bender-1973,
14A-wlm,http://wals.info/languoid/lect/wals_code_wlm,14A,14,Initial,Hudson-and-Richards-1969,
14A-wnb,http://wals.info/languoid/lect/wals_code_wnb,14A,14,Third,Hale-and-White-Eagle-1980;Miner-1979[25-33];Miner-1981[340-42],
14A-arl,http://wals.info/languoid/lect/wals_code_arl,14A,14,No fixed stress,Kenstowicz-and-Abdul-Karim-1980,
14A-kei,http://wals.info/languoid/lect/wals_code_kei,14A,14,Ultimate,Geurtjens-1921,
14A-mks,http://wals.info/languoid/lect/wals_code_mks,14A,14,Penultimate,Basri-1999;Manyambeang-et-al-1996,
14A-mnt,http://wals.info/languoid/lect/wals_code_mnt,14A,14,Penultimate,Morris-1900,
14A-mse,http://wals.info/languoid/lect/wals_code_mse,14A,14,No fixed stress,Goddard-1979;Goddard-1982,
14A-pna,http://wals.info/languoid/lect/wals_code_pna,14A,14,Penultimate,Adriani-1931,
14A-rti,http://wals.info/languoid/lect/wals_code_rti,14A,14,Penultimate,Fox-and-Grimes-1995;Jonker-1915,
14A-sea,http://wals.info/languoid/lect/wals_code_sea,14A,14,No fixed stress,Parker-1968[81-91],
14A-des,http://wals.info/languoid/lect/wals_code_des,14A,14,No fixed stress,Miller-1999,
14A-dhw,http://wals.info/languoid/lect/wals_code_dhw,14A,14,No fixed stress,Eades-1976,
14A-nbb,http://wals.info/languoid/lect/wals_code_nbb,14A,14,Penultimate,Fox-1979,
14A-tor,http://wals.info/languoid/lect/wals_code_tor,14A,14,Penultimate,Sneddon-1984,
14A-agu,http://wals.info/languoid/lect/wals_code_agu,14A,14,No fixed stress,McArthur-and-McArthur-1956[72-76],
14A-mrs,http://wals.info/languoid/lect/wals_code_mrs,14A,14,No fixed stress,Peckham-1991,
14A-ono,http://wals.info/languoid/lect/wals_code_ono,14A,14,Initial,Phinnemore-1985,
14A-bui,http://wals.info/languoid/lect/wals_code_bui,14A,14,No fixed stress,Maan-1951,
14A-far,http://wals.info/languoid/lect/wals_code_far,14A,14,Initial,Arnason-1999;Lockwood-1955,
14A-hmu,http://wals.info/languoid/lect/wals_code_hmu,14A,14,Initial,Minor-1956;Minor-and-Minor-1971,
14A-kjo,http://wals.info/languoid/lect/wals_code_kjo,14A,14,Penultimate,Friberg-1995;Friberg-and-Friberg-1989,
14A-put,http://wals.info/languoid/lect/wals_code_put,14A,14,Second,Harms-1966;Sapir-1930,
14A-yir,http://wals.info/languoid/lect/wals_code_yir,14A,14,Initial,Alpher-1991,
14A-gll,http://wals.info/languoid/lect/wals_code_gll,14A,14,Penultimate,van-Baarda-1891;van-Baarda-1908;Shelden-1990[77-88],
14A-lrk,http://wals.info/languoid/lect/wals_code_lrk,14A,14,Penultimate,Laidig-1992;Laidig-and-Laidig-1991,
14A-svk,http://wals.info/languoid/lect/wals_code_svk,14A,14,Initial,Dogil-1999;Kralj-1988;Letz-1950;Rubach-1991,
14A-tsa,http://wals.info/languoid/lect/wals_code_tsa,14A,14,Ultimate,Kodzasov-1999a;Ibragimov-1990,
14A-bgv,http://wals.info/languoid/lect/wals_code_bgv,14A,14,No fixed stress,Kodzasov-1999a,
14A-nne,http://wals.info/languoid/lect/wals_code_nne,14A,14,Penultimate,Tryon-1967b;Tryon-and-Dubois-1969,
14A-uma,http://wals.info/languoid/lect/wals_code_uma,14A,14,Penultimate,Esser-1964;Martens-1988a;Martens-1995,
14A-bal,http://wals.info/languoid/lect/wals_code_bal,14A,14,Ultimate,Clynes-nd[495-510];Barber-1977;Kersten-1948;Ward-1973;Clynes-1995b[495-510],
14A-bug,http://wals.info/languoid/lect/wals_code_bug,14A,14,Penultimate,Matthes-1875;Samsuri-1965;Sirk-1983;Abas-and-Grimes-1995[549-562],
14A-cap,http://wals.info/languoid/lect/wals_code_cap,14A,14,No fixed stress,Loos-1969;Safir-1979,
14A-nya,http://wals.info/languoid/lect/wals_code_nya,14A,14,No fixed stress,Dixon-1983,
14A-srb,http://wals.info/languoid/lect/wals_code_srb,14A,14,Initial,Mucke-1965;Sjwela-1952;Wowcerk-1951;Dogil-1999;Janas-1976,
14A-kuu,http://wals.info/languoid/lect/wals_code_kuu,14A,14,No fixed stress,Thompson-1976b,
14A-nkb,http://wals.info/languoid/lect/wals_code_nkb,14A,14,Penultimate,Sandefur-and-Jentian-1977;Capell-1962b,
14A-ror,http://wals.info/languoid/lect/wals_code_ror,14A,14,No fixed stress,Strong-1913[286],
14A-wan,http://wals.info/languoid/lect/wals_code_wan,14A,14,Initial,McDonald-and-Wurm-1979,
14A-awe,http://wals.info/languoid/lect/wals_code_awe,14A,14,Second,Strehlow-1942[255-302],
14A-kal,http://wals.info/languoid/lect/wals_code_kal,14A,14,Ultimate,Baart-1997,
14A-try,http://wals.info/languoid/lect/wals_code_try,14A,14,Antepenultimate,Schlegel-1971,
14A-uzn,http://wals.info/languoid/lect/wals_code_uzn,14A,14,Ultimate,Raun-1969,
14A-vot,http://wals.info/languoid/lect/wals_code_vot,14A,14,Initial,Ariste-1968,
14A-cav,http://wals.info/languoid/lect/wals_code_cav,14A,14,Penultimate,Key-1968,
14A-myn,http://wals.info/languoid/lect/wals_code_myn,14A,14,Penultimate,Sundermann-1913a,
14A-sdh,http://wals.info/languoid/lect/wals_code_sdh,14A,14,No fixed stress,Khubchandani-1969,
14A-tmc,http://wals.info/languoid/lect/wals_code_tmc,14A,14,Initial,Granberry-1956,
14A-lmh,http://wals.info/languoid/lect/wals_code_lmh,14A,14,No fixed stress,Arndt-1937,
14A-teh,http://wals.info/languoid/lect/wals_code_teh,14A,14,Initial,Schmid-1910,
14A-yan,http://wals.info/languoid/lect/wals_code_yan,14A,14,No fixed stress,Sapir-and-Swadesh-1960,
14A-gug,http://wals.info/languoid/lect/wals_code_gug,14A,14,Initial,Platt-1972,
14A-kop,http://wals.info/languoid/lect/wals_code_kop,14A,14,No fixed stress,Austerlitz-1964;Itkonen-1955;Lytkin-1961,
14A-mbb,http://wals.info/languoid/lect/wals_code_mbb,14A,14,Second,Dixon-1970,
14A-mea,http://wals.info/languoid/lect/wals_code_mea,14A,14,No fixed stress,Gravelle-and-Gravelle-1991,
14A-gid,http://wals.info/languoid/lect/wals_code_gid,14A,14,Initial,Geytenbeek-and-Geytenbeek-1971,
14A-mdm,http://wals.info/languoid/lect/wals_code_mdm,14A,14,No fixed stress,Hercus-1969a,
14A-tbl,http://wals.info/languoid/lect/wals_code_tbl,14A,14,No fixed stress,Collier-and-Collier-1986,
14A-agt,http://wals.info/languoid/lect/wals_code_agt,14A,14,Initial,Crowley-1981,
14A-bdm,http://wals.info/languoid/lect/wals_code_bdm,14A,14,Initial,Dunn-1988,
14A-bkl,http://wals.info/languoid/lect/wals_code_bkl,14A,14,No fixed stress,Mintz-1971a;Mintz-1973;Mintz-and-Del-Rosario-Britanico-1985,
14A-buu,http://wals.info/languoid/lect/wals_code_buu,14A,14,Penultimate,Grimes-1995;Hendriks-1897,
14A-lar,http://wals.info/languoid/lect/wals_code_lar,14A,14,No fixed stress,Capell-1984b,
14A-rit,http://wals.info/languoid/lect/wals_code_rit,14A,14,Initial,Heath-1980a,
14A-srd,http://wals.info/languoid/lect/wals_code_srd,14A,14,No fixed stress,Porru-1975;Blasco-1986;Jones-1988;Roca-1999;Virdis-1978;Wagner-1984,
14A-tlo,http://wals.info/languoid/lect/wals_code_tlo,14A,14,No fixed stress,Hueting-1908;Hueting-1936,
14A-cya,http://wals.info/languoid/lect/wals_code_cya,14A,14,Ultimate,Upson-and-Longacre-1965,
14A-let,http://wals.info/languoid/lect/wals_code_let,14A,14,No fixed stress,van-Engelenhoven-1995,
14A-mae,http://wals.info/languoid/lect/wals_code_mae,14A,14,Antepenultimate,Capell-1962a,
14A-mrw,http://wals.info/languoid/lect/wals_code_mrw,14A,14,No fixed stress,Oates-1988,
14A-sak,http://wals.info/languoid/lect/wals_code_sak,14A,14,No fixed stress,Guy-1974a,
14A-acg,http://wals.info/languoid/lect/wals_code_acg,14A,14,Initial,Wilson-and-Levinsohn-1992,
14A-bho,http://wals.info/languoid/lect/wals_code_bho,14A,14,No fixed stress,Trammell-1971,
14A-eno,http://wals.info/languoid/lect/wals_code_eno,14A,14,Penultimate,Kohler-1939,
14A-ngd,http://wals.info/languoid/lect/wals_code_ngd,14A,14,No fixed stress,Djawanai-and-Grimes-1995;Djawanai-1977;Moore-1980;Arndt-1933b,
14A-cpn,http://wals.info/languoid/lect/wals_code_cpn,14A,14,Initial,Caughley-1982,
14A-for,http://wals.info/languoid/lect/wals_code_for,14A,14,No fixed stress,Nicholson-and-Nicholson-1962,
14A-mcd,http://wals.info/languoid/lect/wals_code_mcd,14A,14,Antepenultimate,Lunt-1952,
14A-mny,http://wals.info/languoid/lect/wals_code_mny,14A,14,Initial,Breen-1981a,
14A-yny,http://wals.info/languoid/lect/wals_code_yny,14A,14,Penultimate,Kirton-1977,
14A-aln,http://wals.info/languoid/lect/wals_code_aln,14A,14,Penultimate,Taguchi-and-Taguchi-1990[95-127],
14A-woi,http://wals.info/languoid/lect/wals_code_woi,14A,14,No fixed stress,Stokhof-1979,
14A-wlo,http://wals.info/languoid/lect/wals_code_wlo,14A,14,No fixed stress,Anceaux-1952;Anceaux-and-Grimes-1995,
14A-jav,http://wals.info/languoid/lect/wals_code_jav,14A,14,No fixed stress,Dudas-1976;Herrfurth-1964;Horne-1961;Noordenbos-1941;Ras-1985;Prijohoetomo-1937,
14A-pkn,http://wals.info/languoid/lect/wals_code_pkn,14A,14,Initial,Hercus-1982,
14A-pul,http://wals.info/languoid/lect/wals_code_pul,14A,14,No fixed stress,Elbert-1974,
14A-tps,http://wals.info/languoid/lect/wals_code_tps,14A,14,No fixed stress,Willett-1982;Kim-1988,
14A-ywl,http://wals.info/languoid/lect/wals_code_ywl,14A,14,Penultimate,Newman-1944,
14A-bua,http://wals.info/languoid/lect/wals_code_bua,14A,14,Initial,Glasgow-1981;Glasgow-and-Glasgow-1967[1-14],
14A-guj,http://wals.info/languoid/lect/wals_code_guj,14A,14,No fixed stress,Cardona-1965,
14A-mng,http://wals.info/languoid/lect/wals_code_mng,14A,14,No fixed stress,Burger-1946;Verheijen-and-Grimes-1995,
14A-plh,http://wals.info/languoid/lect/wals_code_plh,14A,14,Penultimate,Stresemann-1918,
14A-pme,http://wals.info/languoid/lect/wals_code_pme,14A,14,Second,McLendon-1975,
14A-aro,http://wals.info/languoid/lect/wals_code_aro,14A,14,Initial,Capell-1971,
14A-god,http://wals.info/languoid/lect/wals_code_god,14A,14,No fixed stress,Kodzasov-1999a;Saidova-1973,
14A-sio,http://wals.info/languoid/lect/wals_code_sio,14A,14,No fixed stress,Soetenga-1993,
14A-wrg,http://wals.info/languoid/lect/wals_code_wrg,14A,14,No fixed stress,Dixon-1981,
14A-yin,http://wals.info/languoid/lect/wals_code_yin,14A,14,No fixed stress,Kager-1992;Wordick-1982,
14A-au,http://wals.info/languoid/lect/wals_code_au,14A,14,No fixed stress,Scorza-1985[215-273],
14A-slo,http://wals.info/languoid/lect/wals_code_slo,14A,14,No fixed stress,Gvozdanovic-1999,
14A-taj,http://wals.info/languoid/lect/wals_code_taj,14A,14,Ultimate,Rastorgueva-1963,
14A-tno,http://wals.info/languoid/lect/wals_code_tno,14A,14,No fixed stress,Sneddon-1975,
14A-crn,http://wals.info/languoid/lect/wals_code_crn,14A,14,Penultimate,George-1993;Pool-1958;Thomas-1992b,
14A-ese,http://wals.info/languoid/lect/wals_code_ese,14A,14,Penultimate,Key-1968,
14A-lmp,http://wals.info/languoid/lect/wals_code_lmp,14A,14,Ultimate,Walker-1975a,
14A-naj,http://wals.info/languoid/lect/wals_code_naj,14A,14,Penultimate,Khan-1999;Arsanis-1968[489-507],
14A-yuw,http://wals.info/languoid/lect/wals_code_yuw,14A,14,No fixed stress,Williams-1980a,
14A-ceb,http://wals.info/languoid/lect/wals_code_ceb,14A,14,No fixed stress,Shryrock-1993,
14A-djr,http://wals.info/languoid/lect/wals_code_djr,14A,14,No fixed stress,Tsunoda-1981,
14A-sro,http://wals.info/languoid/lect/wals_code_sro,14A,14,Second,Wells-1979,
14A-asy,http://wals.info/languoid/lect/wals_code_asy,14A,14,No fixed stress,McCarthy-1980[77-99],
14A-mnm,http://wals.info/languoid/lect/wals_code_mnm,14A,14,No fixed stress,Chaski-1985;Lichtenberk-1983,
14A-wbn,http://wals.info/languoid/lect/wals_code_wbn,14A,14,Penultimate,de-Vries-and-de-Vries-Wiersma-1992,
14A-dji,http://wals.info/languoid/lect/wals_code_dji,14A,14,Penultimate,Chadwick-1975,
14A-min,http://wals.info/languoid/lect/wals_code_min,14A,14,Penultimate,Adelaar-1995a;van-der-Toorn-1899,
14A-moh,http://wals.info/languoid/lect/wals_code_moh,14A,14,Penultimate,Bonvillain-1973;Michelson-1988,
14A-nua,http://wals.info/languoid/lect/wals_code_nua,14A,14,Penultimate,Bolton-1990;Bolton-1989,
14A-irr,http://wals.info/languoid/lect/wals_code_irr,14A,14,Ultimate,Voorhoeve-1995;Matsumura-1991b,
14A-koy,http://wals.info/languoid/lect/wals_code_koy,14A,14,Initial,Tyler-1969,
14A-men,http://wals.info/languoid/lect/wals_code_men,14A,14,No fixed stress,Bloomfield-1962;Pesetsky-1979,
14A-nia,http://wals.info/languoid/lect/wals_code_nia,14A,14,Penultimate,Sundermann-1913b,
14A-ppi,http://wals.info/languoid/lect/wals_code_ppi,14A,14,Initial,Blake-1979c;Blake-and-Breen-1971,
14A-rot,http://wals.info/languoid/lect/wals_code_rot,14A,14,No fixed stress,Churchward-1940,
14A-slp,http://wals.info/languoid/lect/wals_code_slp,14A,14,Initial,McElhanon-1970b,
14A-shi,http://wals.info/languoid/lect/wals_code_shi,14A,14,Ultimate,Migliazza-and-Grimes-1961,
14A-tol,http://wals.info/languoid/lect/wals_code_tol,14A,14,No fixed stress,Fleming-and-Dennis-1977,
14A-ccp,http://wals.info/languoid/lect/wals_code_ccp,14A,14,Ultimate,Crawford-1989;Crawford-1966[28-29],
14A-kam,http://wals.info/languoid/lect/wals_code_kam,14A,14,Penultimate,Klamer-1994,
14A-mai,http://wals.info/languoid/lect/wals_code_mai,14A,14,No fixed stress,Davis-1984;Jha-1958;Yadav-1984,
14A-ser,http://wals.info/languoid/lect/wals_code_ser,14A,14,No fixed stress,Marlett-1988,
14A-tng,http://wals.info/languoid/lect/wals_code_tng,14A,14,No fixed stress,Feldman-1978;Churchward-1953,
14A-wrl,http://wals.info/languoid/lect/wals_code_wrl,14A,14,Initial,Nash-1986;Reece-1970,
14A-kws,http://wals.info/languoid/lect/wals_code_kws,14A,14,No fixed stress,Zigmond-et-al-1990-1991,
14A-aly,http://wals.info/languoid/lect/wals_code_aly,14A,14,Second,Yallop-1977,
14A-taw,http://wals.info/languoid/lect/wals_code_taw,14A,14,Penultimate,Ezard-1991,
14A-kwk,http://wals.info/languoid/lect/wals_code_kwk,14A,14,No fixed stress,Boas-1947;Bach-1975,
14A-mlt,http://wals.info/languoid/lect/wals_code_mlt,14A,14,No fixed stress,Aquilina-1959;French-1978;Schabert-1976;Sutcliffe-1936,
14A-wah,http://wals.info/languoid/lect/wals_code_wah,14A,14,Ultimate,Luzbetak-1956;Phillips-1976,
14A-bae,http://wals.info/languoid/lect/wals_code_bae,14A,14,Penultimate,Aikhenvald-1996,
14A-ben,http://wals.info/languoid/lect/wals_code_ben,14A,14,Initial,Bykova-1981,
14A-mme,http://wals.info/languoid/lect/wals_code_mme,14A,14,No fixed stress,Gruzov-1960;Itkonen-1955;Kangasmaa-Minn-1998;Sebeok-and-Ingemann-1961;Timofeeva-1961,
14A-sno,http://wals.info/languoid/lect/wals_code_sno,14A,14,Initial,Itkonen-1955,
14A-kya,http://wals.info/languoid/lect/wals_code_kya,14A,14,Initial,Oates-and-Oates-1964,
14A-sah,http://wals.info/languoid/lect/wals_code_sah,14A,14,Antepenultimate,Visser-and-Voorhoeve-1987,
14A-skp,http://wals.info/languoid/lect/wals_code_skp,14A,14,No fixed stress,McNaughton-1976,
14A-alw,http://wals.info/languoid/lect/wals_code_alw,14A,14,Penultimate,Sharpe-1972,
14A-bbw,http://wals.info/languoid/lect/wals_code_bbw,14A,14,Initial,Oates-1964a,
14A-grr,http://wals.info/languoid/lect/wals_code_grr,14A,14,Initial,Furby-1974,
14A-kgu,http://wals.info/languoid/lect/wals_code_kgu,14A,14,Initial,Blake-1969,
14A-tib,http://wals.info/languoid/lect/wals_code_tib,14A,14,No fixed stress,Goldstein-and-Nornang-1978,
14A-cct,http://wals.info/languoid/lect/wals_code_cct,14A,14,No fixed stress,Ulrich-1986;Nicklas-1974;Munro-and-Ulrich-1984;Nicklas-1975,
14A-oss,http://wals.info/languoid/lect/wals_code_oss,14A,14,No fixed stress,Abaev-1964,
14A-tas,http://wals.info/languoid/lect/wals_code_tas,14A,14,Ultimate,Applegate-1958,
14A-tla,http://wals.info/languoid/lect/wals_code_tla,14A,14,Second,Franklin-et-al-1974,
14A-yel,http://wals.info/languoid/lect/wals_code_yel,14A,14,Initial,Henderson-1995;Henderson-1975,
14A-ara,http://wals.info/languoid/lect/wals_code_ara,14A,14,Initial,Pet-1979,
14A-bto,http://wals.info/languoid/lect/wals_code_bto,14A,14,Penultimate,Percival-1981;Nababan-1981;van-der-Tuuk-1864;Adelaar-1995b,
14A-snc,http://wals.info/languoid/lect/wals_code_snc,14A,14,No fixed stress,Chafe-1977;Chafe-and-Foster-1981;Foster-1982;Chafe-1960,
14A-tah,http://wals.info/languoid/lect/wals_code_tah,14A,14,No fixed stress,Tryon-1976;Vergnaud-and-Halle-1978,
14A-uhi,http://wals.info/languoid/lect/wals_code_uhi,14A,14,Second,Crowley-1983;Hale-1976a,
14A-cze,http://wals.info/languoid/lect/wals_code_cze,14A,14,Initial,Harkins-1953;Jakobson-1926,
14A-dsh,http://wals.info/languoid/lect/wals_code_dsh,14A,14,No fixed stress,Rischel-1970;Rischel-1972;Rischel-1982,
14A-kwa,http://wals.info/languoid/lect/wals_code_kwa,14A,14,Penultimate,Keesing-1985,
14A-ctl,http://wals.info/languoid/lect/wals_code_ctl,14A,14,No fixed stress,Mascaro-1978;Roca-1999;Wheeler-1979;Wheeler-1988b;Gulsoy-1982;Hualde-1992;Fabra-1897;Fabra-1956,
14A-lui,http://wals.info/languoid/lect/wals_code_lui,14A,14,No fixed stress,Kroeber-and-Grace-1960;Munro-1990,
14A-nmb,http://wals.info/languoid/lect/wals_code_nmb,14A,14,Ultimate,Price-1976,
14A-por,http://wals.info/languoid/lect/wals_code_por,14A,14,No fixed stress,Abaurre-and-Wetzels-1992;Camara-and-Mattoso-1979;Martins-1982;Parkinson-1988;Roca-1999;Mateus-et-al-1989,
14A-sun,http://wals.info/languoid/lect/wals_code_sun,14A,14,No fixed stress,Coolsma-1904;Clynes-1995a,
14A-est,http://wals.info/languoid/lect/wals_code_est,14A,14,Initial,Eek-1975;Hint-1973,
14A-gae,http://wals.info/languoid/lect/wals_code_gae,14A,14,Initial,Gillies-1993;Dorian-1978,
14A-guu,http://wals.info/languoid/lect/wals_code_guu,14A,14,Initial,de-Zwaan-1969,
14A-hop,http://wals.info/languoid/lect/wals_code_hop,14A,14,No fixed stress,Seaman-1985;Whorf-1946a;Kalectaca-1978;Jeanne-1978;Hopi-Project-1998,
14A-mis,http://wals.info/languoid/lect/wals_code_mis,14A,14,Initial,Anonymous-1985,
14A-tac,http://wals.info/languoid/lect/wals_code_tac,14A,14,Penultimate,Key-1968,
14A-wiy,http://wals.info/languoid/lect/wals_code_wiy,14A,14,No fixed stress,Proulx-1984,
14A-len,http://wals.info/languoid/lect/wals_code_len,14A,14,Penultimate,Lynch-1974;Lynch-1978,
14A-mam,http://wals.info/languoid/lect/wals_code_mam,14A,14,No fixed stress,England-1983,
14A-arg,http://wals.info/languoid/lect/wals_code_arg,14A,14,No fixed stress,Qafisheh-1977,
14A-cub,http://wals.info/languoid/lect/wals_code_cub,14A,14,No fixed stress,Morse-and-Maxwell-1999a,
14A-htc,http://wals.info/languoid/lect/wals_code_htc,14A,14,No fixed stress,Larsen-and-Pike-1949,
14A-sed,http://wals.info/languoid/lect/wals_code_sed,14A,14,Ultimate,Smith-1979,
14A-bsk,http://wals.info/languoid/lect/wals_code_bsk,14A,14,Ultimate,Dmitriev-1948;Poppe-1964,
14A-mlk,http://wals.info/languoid/lect/wals_code_mlk,14A,14,No fixed stress,Birk-1975,
14A-mns,http://wals.info/languoid/lect/wals_code_mns,14A,14,Initial,Kalman-1965;Lako-1957;Rombandeeva-1973,
14A-mna,http://wals.info/languoid/lect/wals_code_mna,14A,14,Penultimate,van-den-Berg-1989b,
14A-ngl,http://wals.info/languoid/lect/wals_code_ngl,14A,14,Penultimate,Merlan-1983,
14A-scr,http://wals.info/languoid/lect/wals_code_scr,14A,14,No fixed stress,Gvozdanovic-1999;Hodge-1946,
14A-arc,http://wals.info/languoid/lect/wals_code_arc,14A,14,No fixed stress,Kodzasov-1999a;Kibrik-et-al-1977,
14A-ava,http://wals.info/languoid/lect/wals_code_ava,14A,14,No fixed stress,Bokarev-1949a;Charachidze-1981;Kodzasov-1999a,
14A-mym,http://wals.info/languoid/lect/wals_code_mym,14A,14,No fixed stress,Asher-and-Kumari-1997,
14A-awt,http://wals.info/languoid/lect/wals_code_awt,14A,14,Penultimate,Feldman-1986,
14A-klm,http://wals.info/languoid/lect/wals_code_klm,14A,14,No fixed stress,Barker-1964,
14A-nep,http://wals.info/languoid/lect/wals_code_nep,14A,14,No fixed stress,Meerendonk-1949,
14A-nor,http://wals.info/languoid/lect/wals_code_nor,14A,14,No fixed stress,Rice-1999,
14A-bre,http://wals.info/languoid/lect/wals_code_bre,14A,14,Penultimate,Bothorel-1982;Stephens-1993;Ternes-1992,
14A-psh,http://wals.info/languoid/lect/wals_code_psh,14A,14,No fixed stress,Becka-1969;Shafeev-1964,
14A-wao,http://wals.info/languoid/lect/wals_code_wao,14A,14,Initial,Pike-1964,
14A-kon,http://wals.info/languoid/lect/wals_code_kon,14A,14,Initial,Bentley-1887,
14A-tsh,http://wals.info/languoid/lect/wals_code_tsh,14A,14,No fixed stress,Dayley-1989a;Dayley-1989b,
14A-wel,http://wals.info/languoid/lect/wals_code_wel,14A,14,Penultimate,MacAulay-1992c;Jones-1955;Jones-and-Thomas-1977;Watkins-1993;Williams-1980b;Ball-1993,
14A-yap,http://wals.info/languoid/lect/wals_code_yap,14A,14,No fixed stress,Jensen-et-al-1977a,
14A-iaa,http://wals.info/languoid/lect/wals_code_iaa,14A,14,Initial,Tryon-1968,
14A-jaq,http://wals.info/languoid/lect/wals_code_jaq,14A,14,Penultimate,Hardman-1966,
14A-tgk,http://wals.info/languoid/lect/wals_code_tgk,14A,14,Initial,Beaumont-1979,
14A-die,http://wals.info/languoid/lect/wals_code_die,14A,14,No fixed stress,Couro-and-Hutcheson-1973;Langdon-1970,
14A-diy,http://wals.info/languoid/lect/wals_code_diy,14A,14,Initial,Austin-1978;Austin-1981,
14A-ice,http://wals.info/languoid/lect/wals_code_ice,14A,14,Initial,Arnasonar-1980,
14A-mne,http://wals.info/languoid/lect/wals_code_mne,14A,14,No fixed stress,Shipley-1964;Robbins-1991,
14A-eka,http://wals.info/languoid/lect/wals_code_eka,14A,14,No fixed stress,Doble-1962;Doble-1987;Drabbe-1952,
14A-mac,http://wals.info/languoid/lect/wals_code_mac,14A,14,Ultimate,Abbott-1991;Carson-1982;Hawkins-1950,
14A-mrd,http://wals.info/languoid/lect/wals_code_mrd,14A,14,Ultimate,Geurtjens-1926b;Drabbe-1955,
14A-swe,http://wals.info/languoid/lect/wals_code_swe,14A,14,No fixed stress,Bruce-1999a,
14A-ace,http://wals.info/languoid/lect/wals_code_ace,14A,14,Ultimate,van-Langen-1889;Cowan-1981[522-549];Durie-1995;Durie-1985,
14A-chv,http://wals.info/languoid/lect/wals_code_chv,14A,14,No fixed stress,Kruger-1961,
14A-dut,http://wals.info/languoid/lect/wals_code_dut,14A,14,No fixed stress,Kager-1989;Trommelen-and-Zonneveld-1999a;van-der-Hulst-1984,
14A-pur,http://wals.info/languoid/lect/wals_code_pur,14A,14,Initial,Foster-1969,
14A-dyi,http://wals.info/languoid/lect/wals_code_dyi,14A,14,Initial,Dixon-1972,
14A-haw,http://wals.info/languoid/lect/wals_code_haw,14A,14,Penultimate,Elbert-and-Keala-1961;Elbert-and-Pukui-1979,
14A-ita,http://wals.info/languoid/lect/wals_code_ita,14A,14,No fixed stress,Muljacic-1972;Roca-1999;Saltarelli-1970;Vogel-and-Scalise-1982;Lepschy-1978;Vincent-1988;Malagoli-1946;Bertinetto-1981,
14A-lit,http://wals.info/languoid/lect/wals_code_lit,14A,14,No fixed stress,Girdenis-1985;Leskien-1919;Ambrazas-1997;Mathiassen-1996;Otrebski-1958-1965;Young-1991,
14A-rom,http://wals.info/languoid/lect/wals_code_rom,14A,14,No fixed stress,Augerot-1974;Avram-1978;Steriade-1984;Ulivi-1977;Ulivi-1985;Roca-1999;Graur-and-Rosetti-1938;Lombard-1935,
14A-yuc,http://wals.info/languoid/lect/wals_code_yuc,14A,14,No fixed stress,Wagner-1933-1938,
14A-zun,http://wals.info/languoid/lect/wals_code_zun,14A,14,Initial,Bunzel-1933-1938;Miner-1986,
14A-snt,http://wals.info/languoid/lect/wals_code_snt,14A,14,No fixed stress,Cowan-1965;Foley-1986,
14A-ypk,http://wals.info/languoid/lect/wals_code_ypk,14A,14,No fixed stress,Leer-1985a;Jacobson-1985;Woodbury-1987;Miyaoka-1985,
14A-pol,http://wals.info/languoid/lect/wals_code_pol,14A,14,Penultimate,Franks-1985,
14A-ker,http://wals.info/languoid/lect/wals_code_ker,14A,14,No fixed stress,Ebert-1979,
14A-wam,http://wals.info/languoid/lect/wals_code_wam,14A,14,No fixed stress,Nordlinger-1998,
14A-car,http://wals.info/languoid/lect/wals_code_car,14A,14,No fixed stress,Derbyshire-1999;Hoff-1968,
14A-mak,http://wals.info/languoid/lect/wals_code_mak,14A,14,No fixed stress,Jacobsen-1979,
14A-tsi,http://wals.info/languoid/lect/wals_code_tsi,14A,14,Ultimate,Dunn-1995,
14A-tun,http://wals.info/languoid/lect/wals_code_tun,14A,14,Initial,Haas-1953,
14A-mku,http://wals.info/languoid/lect/wals_code_mku,14A,14,Initial,Tryon-1970b,
14A-mrl,http://wals.info/languoid/lect/wals_code_mrl,14A,14,No fixed stress,Arensen-1982,
14A-psm,http://wals.info/languoid/lect/wals_code_psm,14A,14,No fixed stress,Teeter-1971;Teeter-and-LeSourd-1983;LeSourd-1993,
14A-pit,http://wals.info/languoid/lect/wals_code_pit,14A,14,Initial,Glass-and-Hackett-1970;Douglas-1959,
14A-ana,http://wals.info/languoid/lect/wals_code_ana,14A,14,Second,de-Pitman-1981,
14A-cyv,http://wals.info/languoid/lect/wals_code_cyv,14A,14,Antepenultimate,Key-1961;Key-1967;Key-and-Key-1967;Key-1963a,
14A-dio,http://wals.info/languoid/lect/wals_code_dio,14A,14,Initial,Sapir-1965,
14A-arm,http://wals.info/languoid/lect/wals_code_arm,14A,14,No fixed stress,Abeghian-1936;Gulian-1957;Fairbanks-1958,
14A-aym,http://wals.info/languoid/lect/wals_code_aym,14A,14,Penultimate,Hardman-de-Bautista-et-al-1988,
14A-baw,http://wals.info/languoid/lect/wals_code_baw,14A,14,Ultimate,Reichle-1981,
14A-nbd,http://wals.info/languoid/lect/wals_code_nbd,14A,14,No fixed stress,Armbruster-1960,
14A-wrd,http://wals.info/languoid/lect/wals_code_wrd,14A,14,Penultimate,Merlan-1994,
14A-kmu,http://wals.info/languoid/lect/wals_code_kmu,14A,14,Ultimate,Premsrirat-1987,
14A-usa,http://wals.info/languoid/lect/wals_code_usa,14A,14,No fixed stress,Reesink-1987,
14A-pai,http://wals.info/languoid/lect/wals_code_pai,14A,14,Penultimate,Ferrell-1982,
14A-ung,http://wals.info/languoid/lect/wals_code_ung,14A,14,No fixed stress,Capell-1970,
14A-bej,http://wals.info/languoid/lect/wals_code_bej,14A,14,No fixed stress,Almkvist-1881,
14A-dre,http://wals.info/languoid/lect/wals_code_dre,14A,14,Initial,Tryon-1967a,
14A-pms,http://wals.info/languoid/lect/wals_code_pms,14A,14,Antepenultimate,Crowley-1982,
14A-mss,http://wals.info/languoid/lect/wals_code_mss,14A,14,No fixed stress,Broadbent-1964;Freeland-1951,
14A-sml,http://wals.info/languoid/lect/wals_code_sml,14A,14,Ultimate,Kruspe-1999,
14A-nez,http://wals.info/languoid/lect/wals_code_nez,14A,14,No fixed stress,Aoki-1970,
14A-cah,http://wals.info/languoid/lect/wals_code_cah,14A,14,Initial,Seiler-1965;Seiler-1967;Seiler-1972,
14A-cle,http://wals.info/languoid/lect/wals_code_cle,14A,14,No fixed stress,Rupp-1989,
14A-knm,http://wals.info/languoid/lect/wals_code_knm,14A,14,No fixed stress,Bender-1996;Tucker-and-Bryan-1966,
14A-nav,http://wals.info/languoid/lect/wals_code_nav,14A,14,No fixed stress,Baskakov-1966c[107],
14A-zqc,http://wals.info/languoid/lect/wals_code_zqc,14A,14,Penultimate,Wonderly-1951a;Knudson-1975,
14A-bkr,http://wals.info/languoid/lect/wals_code_bkr,14A,14,No fixed stress,Neumann-1922;Joustra-1901,
14A-cmn,http://wals.info/languoid/lect/wals_code_cmn,14A,14,Initial,Charney-1993;Osborn-and-Smalley-1949,
14A-iri,http://wals.info/languoid/lect/wals_code_iri,14A,14,Initial,Bammesberger-1983;O-Siadhail-1989,
14A-squ,http://wals.info/languoid/lect/wals_code_squ,14A,14,Penultimate,Demers-and-Horn-1978,
14A-tru,http://wals.info/languoid/lect/wals_code_tru,14A,14,Ultimate,Guirardello-1999a,
14A-dni,http://wals.info/languoid/lect/wals_code_dni,14A,14,Ultimate,Bromley-1961,
14A-nen,http://wals.info/languoid/lect/wals_code_nen,14A,14,Initial,Salminen-1993-99,
14A-urk,http://wals.info/languoid/lect/wals_code_urk,14A,14,Ultimate,Kakumasu-1986,
14A-coo,http://wals.info/languoid/lect/wals_code_coo,14A,14,No fixed stress,Frachtenberg-1922a,
14A-cre,http://wals.info/languoid/lect/wals_code_cre,14A,14,Antepenultimate,Okimasis-and-Ratt-1999;Wolfart-1996,
14A-nht,http://wals.info/languoid/lect/wals_code_nht,14A,14,Penultimate,Pittman-1954,
14A-yim,http://wals.info/languoid/lect/wals_code_yim,14A,14,Initial,Foley-1991,
14A-mun,http://wals.info/languoid/lect/wals_code_mun,14A,14,No fixed stress,Cook-1965,
14A-yid,http://wals.info/languoid/lect/wals_code_yid,14A,14,No fixed stress,Nash-1979;Dixon-1977b;Dixon-1977a,
14A-krk,http://wals.info/languoid/lect/wals_code_krk,14A,14,No fixed stress,Bright-1957,
14A-tab,http://wals.info/languoid/lect/wals_code_tab,14A,14,Penultimate,Bowden-1997a,
14A-pau,http://wals.info/languoid/lect/wals_code_pau,14A,14,Antepenultimate,Chapman-and-Derbyshire-1991,
14A-arp,http://wals.info/languoid/lect/wals_code_arp,14A,14,Penultimate,Conrad-and-Wogiga-1991;Gerstner-1963;Fortune-1942,
14A-ond,http://wals.info/languoid/lect/wals_code_ond,14A,14,Penultimate,Michelson-1988,
14A-asm,http://wals.info/languoid/lect/wals_code_asm,14A,14,Ultimate,Voorhoeve-1965,
14A-grb,http://wals.info/languoid/lect/wals_code_grb,14A,14,No fixed stress,Innes-1966,
14A-khs,http://wals.info/languoid/lect/wals_code_khs,14A,14,Ultimate,Rabel-1961,
14A-khm,http://wals.info/languoid/lect/wals_code_khm,14A,14,Ultimate,Nacaskul-1978;Griffith-1991;Huffman-1970b;Jacob-1968;Gorgoniyev-1966,
14A-wic,http://wals.info/languoid/lect/wals_code_wic,14A,14,No fixed stress,Rood-1996,
14A-klv,http://wals.info/languoid/lect/wals_code_klv,14A,14,No fixed stress,Senft-1986,
14A-nug,http://wals.info/languoid/lect/wals_code_nug,14A,14,Penultimate,Hore-1981,
14A-irq,http://wals.info/languoid/lect/wals_code_irq,14A,14,No fixed stress,Mous-1993,
14A-kew,http://wals.info/languoid/lect/wals_code_kew,14A,14,No fixed stress,Franklin-and-Franklin-1978;Franklin-1971;Franklin-1967,
14A-snm,http://wals.info/languoid/lect/wals_code_snm,14A,14,Penultimate,Borgman-1990,
14A-shk,http://wals.info/languoid/lect/wals_code_shk,14A,14,No fixed stress,Faust-1973,
14A-epe,http://wals.info/languoid/lect/wals_code_epe,14A,14,No fixed stress,Harms-1994,
14A-koa,http://wals.info/languoid/lect/wals_code_koa,14A,14,No fixed stress,Kimball-1991,
14A-luv,http://wals.info/languoid/lect/wals_code_luv,14A,14,Penultimate,Horton-1949,
14A-bag,http://wals.info/languoid/lect/wals_code_bag,14A,14,Ultimate,Gaden-1909;Stevenson-1969,
14A-hzb,http://wals.info/languoid/lect/wals_code_hzb,14A,14,No fixed stress,van-den-Berg-1995,
14A-ing,http://wals.info/languoid/lect/wals_code_ing,14A,14,Initial,Nichols-1994b,
14A-mau,http://wals.info/languoid/lect/wals_code_mau,14A,14,Penultimate,Capell-and-Hinch-1970,
14A-kfe,http://wals.info/languoid/lect/wals_code_kfe,14A,14,Initial,Rennison-1997,
14A-qim,http://wals.info/languoid/lect/wals_code_qim,14A,14,Penultimate,Cole-1982,
14A-ram,http://wals.info/languoid/lect/wals_code_ram,14A,14,No fixed stress,Grinevald-nd,
14A-wch,http://wals.info/languoid/lect/wals_code_wch,14A,14,Initial,Vinas-Urquiza-1974,
14A-niv,http://wals.info/languoid/lect/wals_code_niv,14A,14,Initial,Gruzdeva-1998,
14A-apu,http://wals.info/languoid/lect/wals_code_apu,14A,14,No fixed stress,Facundes-2000,
14A-bma,http://wals.info/languoid/lect/wals_code_bma,14A,14,Ultimate,Abdel-Massih-1971,
14A-wra,http://wals.info/languoid/lect/wals_code_wra,14A,14,Penultimate,Romero-Figueroa-1997;Osborn-1966,
14A-kob,http://wals.info/languoid/lect/wals_code_kob,14A,14,Penultimate,Davies-1980,
14A-lat,http://wals.info/languoid/lect/wals_code_lat,14A,14,Initial,Fennell-and-Gelsen-1980;Ekblom-1933;Markus-1987;Markus-1991,
14A-mar,http://wals.info/languoid/lect/wals_code_mar,14A,14,Ultimate,Gordon-1986,
14A-ala,http://wals.info/languoid/lect/wals_code_ala,14A,14,No fixed stress,Bruce-1984,
14A-goo,http://wals.info/languoid/lect/wals_code_goo,14A,14,Initial,McGregor-1990,
14A-kut,http://wals.info/languoid/lect/wals_code_kut,14A,14,Penultimate,Garvin-1948a,
14A-lav,http://wals.info/languoid/lect/wals_code_lav,14A,14,Initial,Terrill-1999,
14A-rap,http://wals.info/languoid/lect/wals_code_rap,14A,14,Penultimate,Du-Feu-1996,
14A-jak,http://wals.info/languoid/lect/wals_code_jak,14A,14,Initial,Day-1973,
14A-mrt,http://wals.info/languoid/lect/wals_code_mrt,14A,14,Initial,Dench-1995;Dench-1987,
14A-prh,http://wals.info/languoid/lect/wals_code_prh,14A,14,No fixed stress,Everett-and-Everett-1984;Everett-1988,
14A-war,http://wals.info/languoid/lect/wals_code_war,14A,14,Ultimate,Everett-and-Kern-1997,
14A-gua,http://wals.info/languoid/lect/wals_code_gua,14A,14,Ultimate,Ayala-1993,
14A-ngi,http://wals.info/languoid/lect/wals_code_ngi,14A,14,No fixed stress,Donaldson-1977;Donaldson-1980,
14A-kro,http://wals.info/languoid/lect/wals_code_kro,14A,14,No fixed stress,Reh-1985,
14A-myi,http://wals.info/languoid/lect/wals_code_myi,14A,14,Penultimate,Merlan-1989,
14A-tiw,http://wals.info/languoid/lect/wals_code_tiw,14A,14,Penultimate,Osborne-1974;Lee-1987,
14A-kay,http://wals.info/languoid/lect/wals_code_kay,14A,14,Initial,Evans-1995;Keen-1969,
14A-map,http://wals.info/languoid/lect/wals_code_map,14A,14,Second,Echeverria-and-Contreras-1965,
14A-yko,http://wals.info/languoid/lect/wals_code_yko,14A,14,No fixed stress,Maslova-1999,
14A-may,http://wals.info/languoid/lect/wals_code_may,14A,14,Initial,Dol-1999,
14A-tuk,http://wals.info/languoid/lect/wals_code_tuk,14A,14,Penultimate,Donohue-1999a,
14A-bur,http://wals.info/languoid/lect/wals_code_bur,14A,14,No fixed stress,Morgenstierne-1945;Berger-1974,
14A-cha,http://wals.info/languoid/lect/wals_code_cha,14A,14,No fixed stress,Chung-1983;Seiden-1960,
14A-chk,http://wals.info/languoid/lect/wals_code_chk,14A,14,Initial,Bogoras-1922,
14A-fij,http://wals.info/languoid/lect/wals_code_fij,14A,14,No fixed stress,Dixon-1988;Schutz-1985,
14A-heb,http://wals.info/languoid/lect/wals_code_heb,14A,14,Ultimate,Bolozky-1982;Glinert-1989,
14A-lan,http://wals.info/languoid/lect/wals_code_lan,14A,14,Initial,Noonan-1992,
14A-yaq,http://wals.info/languoid/lect/wals_code_yaq,14A,14,Initial,Johnson-1962,
14A-zul,http://wals.info/languoid/lect/wals_code_zul,14A,14,Penultimate,Doke-1945,
14A-sla,http://wals.info/languoid/lect/wals_code_sla,14A,14,No fixed stress,Rice-1989,
14A-aeg,http://wals.info/languoid/lect/wals_code_aeg,14A,14,No fixed stress,McCarthy-1979a;McCarthy-1979b[443-466],
14A-grw,http://wals.info/languoid/lect/wals_code_grw,14A,14,Ultimate,Fortescue-1984;Schultz-Lorentzen-1945;Rischel-1974,
14A-hix,http://wals.info/languoid/lect/wals_code_hix,14A,14,No fixed stress,Derbyshire-1979;Derbyshire-1985,
14A-swa,http://wals.info/languoid/lect/wals_code_swa,14A,14,Penultimate,Ashton-1947;Wald-1987,
14A-hin,http://wals.info/languoid/lect/wals_code_hin,14A,14,No fixed stress,McGregor-1977;Fairbanks-1981,
14A-ckr,http://wals.info/languoid/lect/wals_code_ckr,14A,14,Ultimate,Popjes-and-Popjes-1986,
14A-tag,http://wals.info/languoid/lect/wals_code_tag,14A,14,Penultimate,Schachter-and-Otanes-1972;Bloomfield-1917;Llamzon-1966,
14A-geo,http://wals.info/languoid/lect/wals_code_geo,14A,14,Antepenultimate,Fahnrich-1987;Rudenko-1972;Aronson-1982;Tschenkeli-1958;Vogt-1971,
14A-kha,http://wals.info/languoid/lect/wals_code_kha,14A,14,No fixed stress,Poppe-1970;Street-1963,
14A-mal,http://wals.info/languoid/lect/wals_code_mal,14A,14,Penultimate,Rajaonarimanana-1995,
14A-sup,http://wals.info/languoid/lect/wals_code_sup,14A,14,Initial,Carlson-1994,
14A-mao,http://wals.info/languoid/lect/wals_code_mao,14A,14,No fixed stress,Ngata-nd;Hohepa-1967,
14A-abk,http://wals.info/languoid/lect/wals_code_abk,14A,14,No fixed stress,Hewitt-1979,
14A-eve,http://wals.info/languoid/lect/wals_code_eve,14A,14,No fixed stress,Nedjalkov-1997,
14A-prs,http://wals.info/languoid/lect/wals_code_prs,14A,14,Ultimate,Lambton-1953,
14A-ame,http://wals.info/languoid/lect/wals_code_ame,14A,14,No fixed stress,Roberts-1987,
14A-ger,http://wals.info/languoid/lect/wals_code_ger,14A,14,No fixed stress,Jessen-1999,
14A-grk,http://wals.info/languoid/lect/wals_code_grk,14A,14,Antepenultimate,Malikouti-Drachman-and-Drachman-1981;Drachman-and-Malikouti-Drachman-1999,
14A-lez,http://wals.info/languoid/lect/wals_code_lez,14A,14,No fixed stress,Kodzasov-1999a;Haspelmath-1993,
14A-mnd,http://wals.info/languoid/lect/wals_code_mnd,14A,14,No fixed stress,Henne-et-al-1977,
14A-hun,http://wals.info/languoid/lect/wals_code_hun,14A,14,Initial,Kerek-1971;Szinnyei-1912,
14A-ind,http://wals.info/languoid/lect/wals_code_ind,14A,14,Penultimate,Samsuri-1971;Halim-1974,
14A-fin,http://wals.info/languoid/lect/wals_code_fin,14A,14,Initial,Fromm-1982,
14A-rus,http://wals.info/languoid/lect/wals_code_rus,14A,14,No fixed stress,Hamilton-1980;Kodzasov-1999b;Unbegaun-1957,
14A-spa,http://wals.info/languoid/lect/wals_code_spa,14A,14,No fixed stress,Alarcos-Llorach-1965;Roca-1999;Harris-1969a;Navarro-1965;Harris-1983;Roca-1991;Green-1988,
14A-tur,http://wals.info/languoid/lect/wals_code_tur,14A,14,No fixed stress,Underhill-1976;Kornfilt-1997;Sezer-1983;Lees-1961,
14A-fre,http://wals.info/languoid/lect/wals_code_fre,14A,14,No fixed stress,Roca-1999;Dell-1984;van-Oostendorp-1995,
14A-eng,http://wals.info/languoid/lect/wals_code_eng,14A,14,No fixed stress,Trommelen-and-Zonneveld-1999b,
14A-pir,http://wals.info/languoid/lect/wals_code_pir,14A,14,Penultimate,Matteson-1965,
14A-ndy,http://wals.info/languoid/lect/wals_code_ndy,14A,14,No fixed stress,Huttar-and-Huttar-1994,
