ID,Language_ID,Parameter_ID,Contribution_ID,Value,Source,Comment
144B-lgt,http://wals.info/languoid/lect/wals_code_lgt,144B,144,"End, not immed postverbal",Tucker-1967[ 253],
144B-nif,http://wals.info/languoid/lect/wals_code_nif,144B,144,Immed preverbal,Early-2002[ 861],
144B-xar,http://wals.info/languoid/lect/wals_code_xar,144B,144,Immed preverbal,,
144B-zzo,http://wals.info/languoid/lect/wals_code_zzo,144B,144,Immed preverbal,Sonnenschein-2005[ 114],
144B-anu,http://wals.info/languoid/lect/wals_code_anu,144B,144,Immed postverbal,Smye-2004[ 85],
144B-mrq,http://wals.info/languoid/lect/wals_code_mrq,144B,144,"Beginning, not immed preverbal",Lynch-2002a[ 875],
144B-tmm,http://wals.info/languoid/lect/wals_code_tmm,144B,144,Immed preverbal,Jauncey-2002[ 618],
144B-hoa,http://wals.info/languoid/lect/wals_code_hoa,144B,144,Immed preverbal,Davis-2003[ 242],
144B-ssa,http://wals.info/languoid/lect/wals_code_ssa,144B,144,Immed preverbal,Blass-1975[ passim],
144B-wlw,http://wals.info/languoid/lect/wals_code_wlw,144B,144,"Beginning, not immed preverbal",Breen-1970[ 216],
144B-dun,http://wals.info/languoid/lect/wals_code_dun,144B,144,Immed postverbal,,
144B-tpr,http://wals.info/languoid/lect/wals_code_tpr,144B,144,"End, not immed postverbal","Ruelland-1998[ 88, passim]",
144B-bik,http://wals.info/languoid/lect/wals_code_bik,144B,144,"End, not immed postverbal",van-den-Heuvel-2006[ 129],
144B-bok,http://wals.info/languoid/lect/wals_code_bok,144B,144,Immed postverbal,,
144B-nke,http://wals.info/languoid/lect/wals_code_nke,144B,144,Immed preverbal,Sibomana-1986[ 272-274],
144B-uli,http://wals.info/languoid/lect/wals_code_uli,144B,144,Immed preverbal,Lynch-2002b[ 800],
144B-aba,http://wals.info/languoid/lect/wals_code_aba,144B,144,Immed postverbal,Bailey-1975[ passim],
144B-cos,http://wals.info/languoid/lect/wals_code_cos,144B,144,Immed preverbal,Kroeber-1904[ 72],
144B-dma,http://wals.info/languoid/lect/wals_code_dma,144B,144,Immed postverbal,Adam-1954[ 77],
144B-mhu,http://wals.info/languoid/lect/wals_code_mhu,144B,144,Immed preverbal,Fourie-1993[ 23-27],
144B-wya,http://wals.info/languoid/lect/wals_code_wya,144B,144,Immed preverbal,Kopris-2001[ 210-215],
144B-bch,http://wals.info/languoid/lect/wals_code_bch,144B,144,Immed preverbal,Penchoen-1973a[ 50],
144B-bol,http://wals.info/languoid/lect/wals_code_bol,144B,144,"End, not immed postverbal",Mamet-1960[ 58-59],
144B-ebi,http://wals.info/languoid/lect/wals_code_ebi,144B,144,Immed preverbal,Adive-1989[ 71],
144B-kti,http://wals.info/languoid/lect/wals_code_kti,144B,144,Immed postverbal,Boelaars-1950[ 148],
144B-sgl,http://wals.info/languoid/lect/wals_code_sgl,144B,144,"End, not immed postverbal","Mangulu-2001[309-312, 320, passim]",
144B-sil,http://wals.info/languoid/lect/wals_code_sil,144B,144,Immed preverbal,Jungraithmayr-1981[ 279],
144B-wrb,http://wals.info/languoid/lect/wals_code_wrb,144B,144,Immed preverbal,Blake-2003[ 54],
144B-zqo,http://wals.info/languoid/lect/wals_code_zqo,144B,144,Immed preverbal,Engel-and-Longacre-1963[ passim],
144B-als,http://wals.info/languoid/lect/wals_code_als,144B,144,Immed preverbal,Frachtenberg-1920[ passim],
144B-kie,http://wals.info/languoid/lect/wals_code_kie,144B,144,Immed postverbal,Stanhope-1972[ 61],
144B-mda,http://wals.info/languoid/lect/wals_code_mda,144B,144,"End, not immed postverbal","Barreteau-and-Brunet-2000[ 86, 252]",
144B-mgi,http://wals.info/languoid/lect/wals_code_mgi,144B,144,Immed preverbal,Thomson-1975a[ 612],
144B-oks,http://wals.info/languoid/lect/wals_code_oks,144B,144,Immed preverbal,,
144B-tho,http://wals.info/languoid/lect/wals_code_tho,144B,144,Immed preverbal,"Thompson-and-Thompson-1992[ 163, 167-170]",
144B-wag,http://wals.info/languoid/lect/wals_code_wag,144B,144,Immed preverbal,Tryon-1971[ 10],
144B-zpr,http://wals.info/languoid/lect/wals_code_zpr,144B,144,"Beginning, not immed preverbal","Peeke-1962[ 130, 157, 200]",
144B-aja,http://wals.info/languoid/lect/wals_code_aja,144B,144,"End, not immed postverbal",Santandrea-1976[ 61],
144B-aab,http://wals.info/languoid/lect/wals_code_aab,144B,144,"End, not immed postverbal",Nekitel-1985[ 101],
144B-chj,http://wals.info/languoid/lect/wals_code_chj,144B,144,Immed preverbal,"Buenrostros-1991[ 35, 68]",
144B-gwo,http://wals.info/languoid/lect/wals_code_gwo,144B,144,"End, not immed postverbal",Adwiraah-1989[ 90],
144B-kmw,http://wals.info/languoid/lect/wals_code_kmw,144B,144,Immed preverbal,Harvey-1990[ 85],
144B-mbe,http://wals.info/languoid/lect/wals_code_mbe,144B,144,Immed postverbal,Adam-1954[ 76],
144B-mkh,http://wals.info/languoid/lect/wals_code_mkh,144B,144,Immed postverbal,Janhunen-2003[ 98],
144B-one,http://wals.info/languoid/lect/wals_code_one,144B,144,"End, not immed postverbal",,
144B-tsz,http://wals.info/languoid/lect/wals_code_tsz,144B,144,Immed postverbal,Alekseev-and-Radzhabov-2004[ 145],
144B-bnu,http://wals.info/languoid/lect/wals_code_bnu,144B,144,"Beginning, not immed preverbal","Breen-1980[ 87, 99]",
144B-cui,http://wals.info/languoid/lect/wals_code_cui,144B,144,"Beginning, not immed preverbal",Berg-and-Kerr-1973[ 12],
144B-kyp,http://wals.info/languoid/lect/wals_code_kyp,144B,144,Immed postverbal,Thomson-and-Stout-1974b[ 86],
144B-ma,http://wals.info/languoid/lect/wals_code_ma,144B,144,"End, not immed postverbal",Tucker-and-Bryan-1966[ 130-131],
144B-mch,http://wals.info/languoid/lect/wals_code_mch,144B,144,Immed preverbal,Snell-and-Wise-1963[ 136],
144B-ngu,http://wals.info/languoid/lect/wals_code_ngu,144B,144,Immed preverbal,"Schutz-1969a[ 24, passim]",
144B-tiv,http://wals.info/languoid/lect/wals_code_tiv,144B,144,"End, not immed postverbal",Abraham-1940[ 22],
144B-wom,http://wals.info/languoid/lect/wals_code_wom,144B,144,Immed postverbal,,
144B-bac,http://wals.info/languoid/lect/wals_code_bac,144B,144,"Beginning, not immed preverbal",Ford-1990[ passim],
144B-ega,http://wals.info/languoid/lect/wals_code_ega,144B,144,"End, not immed postverbal",,
144B-gla,http://wals.info/languoid/lect/wals_code_gla,144B,144,"End, not immed postverbal",Edmondson-2008[ 669],
144B-kyr,http://wals.info/languoid/lect/wals_code_kyr,144B,144,Immed postverbal,Rigden-nd-a[24],
144B-mgk,http://wals.info/languoid/lect/wals_code_mgk,144B,144,"End, not immed postverbal",Tischhauser-1992[ 24],
144B-nal,http://wals.info/languoid/lect/wals_code_nal,144B,144,Immed preverbal,Volker-1998[ 58],
144B-nne,http://wals.info/languoid/lect/wals_code_nne,144B,144,Immed preverbal,Tryon-1967b[ 47],
144B-sme,http://wals.info/languoid/lect/wals_code_sme,144B,144,Immed postverbal,Prost-1964d[ 364-365],
144B-djn,http://wals.info/languoid/lect/wals_code_djn,144B,144,"Beginning, not immed preverbal",Waters-1989[ 146-147],
144B-fon,http://wals.info/languoid/lect/wals_code_fon,144B,144,Immed preverbal,Lefebvre-and-Brousseau-2002[ 120-121],
144B-mus,http://wals.info/languoid/lect/wals_code_mus,144B,144,Immed preverbal,Ross-2002b[ 164],
144B-ngw,http://wals.info/languoid/lect/wals_code_ngw,144B,144,"Beginning, not immed preverbal",Breen-1981b[ 65],
144B-nse,http://wals.info/languoid/lect/wals_code_nse,144B,144,Immed postverbal,Ranger-1928[ 58],
144B-ron,http://wals.info/languoid/lect/wals_code_ron,144B,144,"End, not immed postverbal",Seibert-1998[ 116],
144B-shb,http://wals.info/languoid/lect/wals_code_shb,144B,144,Immed postverbal,Teferra-1991[ 381-382],
144B-snn,http://wals.info/languoid/lect/wals_code_snn,144B,144,"Preverbal, not beginning or immed",Diagana-1995[ 212ff],
144B-ann,http://wals.info/languoid/lect/wals_code_ann,144B,144,Immed preverbal,"Leeding-1989[ 407, 504-505]",
144B-bbu,http://wals.info/languoid/lect/wals_code_bbu,144B,144,"End, not immed postverbal","Santandrea-1965b[ 116, 163, 167];Tucker-and-Bryan-1966[ 155]",
144B-ige,http://wals.info/languoid/lect/wals_code_ige,144B,144,"End, not immed postverbal",Bergman-1981[ 37],
144B-iwm,http://wals.info/languoid/lect/wals_code_iwm,144B,144,Immed postverbal,Conrad-1971[ 56],
144B-kyq,http://wals.info/languoid/lect/wals_code_kyq,144B,144,Immed preverbal,"Rose-1981[ 103, 105]",
144B-mkg,http://wals.info/languoid/lect/wals_code_mkg,144B,144,"Preverbal, not beginning or immed",Rowlands-1959[ 87],
144B-mdo,http://wals.info/languoid/lect/wals_code_mdo,144B,144,"End, not immed postverbal",Boyd-1997[ 162],
144B-sob,http://wals.info/languoid/lect/wals_code_sob,144B,144,Immed preverbal,Sterner-and-Ross-2002[ 183],
144B-trm,http://wals.info/languoid/lect/wals_code_trm,144B,144,Immed preverbal,Bryant-1999[ 43],
144B-tke,http://wals.info/languoid/lect/wals_code_tke,144B,144,Immed preverbal,"Hooper-1996[ 16, 19]",
144B-ble,http://wals.info/languoid/lect/wals_code_ble,144B,144,Immed postverbal,"Carteron-1972[ 42, 69-70]",
144B-bni,http://wals.info/languoid/lect/wals_code_bni,144B,144,Immed preverbal,"Dunn-1968[ 26, 27, 31, passim]",
144B-dgo,http://wals.info/languoid/lect/wals_code_dgo,144B,144,"End, not immed postverbal",Tucker-and-Bryan-1966[ 130],
144B-dmk,http://wals.info/languoid/lect/wals_code_dmk,144B,144,Immed preverbal,Lorimer-1939[ 101-102],
144B-hei,http://wals.info/languoid/lect/wals_code_hei,144B,144,Immed preverbal,Rath-1981[ 101],
144B-isa,http://wals.info/languoid/lect/wals_code_isa,144B,144,Immed postverbal,"Donohue-and-San-Roque-2002[ 74, 84]",
144B-mdg,http://wals.info/languoid/lect/wals_code_mdg,144B,144,"End, not immed postverbal",Elders-2000[ 440],
144B-nnk,http://wals.info/languoid/lect/wals_code_nnk,144B,144,Immed postverbal,Spaulding-and-Spaulding-1994[ 134],
144B-stn,http://wals.info/languoid/lect/wals_code_stn,144B,144,Immed preverbal,Ziervogel-et-al-1969[ 35],
144B-taf,http://wals.info/languoid/lect/wals_code_taf,144B,144,Immed preverbal,Ross-2002g[ 437],
144B-thu,http://wals.info/languoid/lect/wals_code_thu,144B,144,Immed preverbal,Allen-1975b[ 54-55],
144B-zqs,http://wals.info/languoid/lect/wals_code_zqs,144B,144,Immed preverbal,"Elson-1967[ 276, 281]",
144B-bka,http://wals.info/languoid/lect/wals_code_bka,144B,144,"End, not immed postverbal",Tucker-and-Bryan-1966[ 80];Santandrea-1976[ 149],
144B-dua,http://wals.info/languoid/lect/wals_code_dua,144B,144,Immed preverbal,Ittmann-1978[ 151],
144B-ggu,http://wals.info/languoid/lect/wals_code_ggu,144B,144,"Beginning, not immed preverbal",Brasch-1975[ 23D],
144B-kpw,http://wals.info/languoid/lect/wals_code_kpw,144B,144,"End, not immed postverbal",Kato-2003[ 640],
144B-lew,http://wals.info/languoid/lect/wals_code_lew,144B,144,Immed postverbal,Early-1994a[ passim],
144B-mur,http://wals.info/languoid/lect/wals_code_mur,144B,144,Immed preverbal,"Turton-and-Bender-1976[ 554, 557]",
144B-nze,http://wals.info/languoid/lect/wals_code_nze,144B,144,Immed postverbal,"Soppitt-1885[ 17, 29]",
144B-ndu,http://wals.info/languoid/lect/wals_code_ndu,144B,144,"End, not immed postverbal",Biton-1969[ 643],
144B-neh,http://wals.info/languoid/lect/wals_code_neh,144B,144,Immed preverbal,Todd-1978[ 1209],
144B-pod,http://wals.info/languoid/lect/wals_code_pod,144B,144,"End, not immed postverbal",Jarvis-1989[ 108],
144B-sht,http://wals.info/languoid/lect/wals_code_sht,144B,144,"End, not immed postverbal",Tucker-and-Bryan-1966[ passim],
144B-sir,http://wals.info/languoid/lect/wals_code_sir,144B,144,Immed preverbal,Ross-2002f[ 420],
144B-trr,http://wals.info/languoid/lect/wals_code_trr,144B,144,"Beginning, not immed preverbal",Vincent-1973b[ passim],
144B-tsg,http://wals.info/languoid/lect/wals_code_tsg,144B,144,Immed preverbal,Rubino-2006[ 103-105],
144B-tbt,http://wals.info/languoid/lect/wals_code_tbt,144B,144,Immed preverbal,Donohue-2002[ 201],
144B-adz,http://wals.info/languoid/lect/wals_code_adz,144B,144,"End, not immed postverbal",Holzknecht-1986[ 139],
144B-bus,http://wals.info/languoid/lect/wals_code_bus,144B,144,Immed postverbal,Wedekind-1972[ 50-52],
144B-gav,http://wals.info/languoid/lect/wals_code_gav,144B,144,"Beginning, not immed preverbal",Moore-1984[ 101],
144B-gnb,http://wals.info/languoid/lect/wals_code_gnb,144B,144,Immed preverbal,"Harris-1969b[ 4, 12-13, 35-37]",
144B-jar,http://wals.info/languoid/lect/wals_code_jar,144B,144,"End, not immed postverbal",Lukas-and-Willms-1961[ 33],
144B-kdz,http://wals.info/languoid/lect/wals_code_kdz,144B,144,Immed preverbal,Antonissen-1958[ 37],
144B-kel,http://wals.info/languoid/lect/wals_code_kel,144B,144,"End, not immed postverbal",Ross-2002k[ passim],
144B-kir,http://wals.info/languoid/lect/wals_code_kir,144B,144,Immed preverbal,Prost-1964b[ passim],
144B-mek,http://wals.info/languoid/lect/wals_code_mek,144B,144,Immed postverbal,Galucio-2001[ 92],
144B-mpu,http://wals.info/languoid/lect/wals_code_mpu,144B,144,"End, not immed postverbal",Ode-2002[ 79],
144B-ong,http://wals.info/languoid/lect/wals_code_ong,144B,144,Immed postverbal,Dasgupta-and-Sharma-1982[ 27],
144B-sap,http://wals.info/languoid/lect/wals_code_sap,144B,144,Immed preverbal,Jacq-and-Sidwell-1999[ 22],
144B-sgb,http://wals.info/languoid/lect/wals_code_sgb,144B,144,"End, not immed postverbal",Reesink-2002[ 253],
144B-thy,http://wals.info/languoid/lect/wals_code_thy,144B,144,Immed preverbal,,
144B-wrm,http://wals.info/languoid/lect/wals_code_wrm,144B,144,"End, not immed postverbal",Donohue-1999b[ passim],
144B-bvi,http://wals.info/languoid/lect/wals_code_bvi,144B,144,Immed preverbal,Ross-2002c[ 383],
144B-bzi,http://wals.info/languoid/lect/wals_code_bzi,144B,144,Immed postverbal,Briley-1997[ passim],
144B-chx,http://wals.info/languoid/lect/wals_code_chx,144B,144,Immed preverbal,Waterhouse-1967[ 364],
144B-gap,http://wals.info/languoid/lect/wals_code_gap,144B,144,Immed preverbal,McGuckin-2002[ 316],
144B-gbk,http://wals.info/languoid/lect/wals_code_gbk,144B,144,"End, not immed postverbal",Tucker-and-Bryan-1966[ 101],
144B-gel,http://wals.info/languoid/lect/wals_code_gel,144B,144,Immed preverbal,Crowley-2002a[ 535],
144B-hil,http://wals.info/languoid/lect/wals_code_hil,144B,144,Immed preverbal,Wolfenden-1975[ 24-25],
144B-iau,http://wals.info/languoid/lect/wals_code_iau,144B,144,Immed postverbal,"Bateman-1986[ 46, passim]",
144B-ken,http://wals.info/languoid/lect/wals_code_ken,144B,144,"End, not immed postverbal",Vandame-1968[ 61],
144B-lmh,http://wals.info/languoid/lect/wals_code_lmh,144B,144,"End, not immed postverbal",Arndt-1937[ 99];Nishiyama-and-Kelen-2007[ 69],
144B-mbi,http://wals.info/languoid/lect/wals_code_mbi,144B,144,"Preverbal, not beginning or immed",Ayuninjam-1998[ 338],
144B-mov,http://wals.info/languoid/lect/wals_code_mov,144B,144,Immed preverbal,Haude-2006[ 316],
144B-nad,http://wals.info/languoid/lect/wals_code_nad,144B,144,"Beginning, not immed preverbal",Weir-1994[ 294-298],
144B-nza,http://wals.info/languoid/lect/wals_code_nza,144B,144,"End, not immed postverbal",Tucker-and-Bryan-1966[ 155],
144B-osa,http://wals.info/languoid/lect/wals_code_osa,144B,144,Immed postverbal,,
144B-plg,http://wals.info/languoid/lect/wals_code_plg,144B,144,Immed preverbal,Milne-1921[ passim],
144B-pat,http://wals.info/languoid/lect/wals_code_pat,144B,144,"End, not immed postverbal",Lauck-1976[ passim],
144B-rov,http://wals.info/languoid/lect/wals_code_rov,144B,144,Immed preverbal,Corston-Oliver-2002[ 493],
144B-stl,http://wals.info/languoid/lect/wals_code_stl,144B,144,Immed preverbal,Neukom-2001[ 148],
144B-ams,http://wals.info/languoid/lect/wals_code_ams,144B,144,Immed preverbal,Cowan-1958[ passim],
144B-awa,http://wals.info/languoid/lect/wals_code_awa,144B,144,Immed preverbal,Loving-1973[ 81],
144B-bnn,http://wals.info/languoid/lect/wals_code_bnn,144B,144,Immed preverbal,"Lincoln-1976[ 126-127, 132, 134-135, 138]",
144B-cea,http://wals.info/languoid/lect/wals_code_cea,144B,144,Immed preverbal,Ellis-1975[ 1.1-118];Ellis-1983[ 29],
144B-dom,http://wals.info/languoid/lect/wals_code_dom,144B,144,Immed preverbal,"Macalister-1914[ 27-28, 38, 183]",
144B-idn,http://wals.info/languoid/lect/wals_code_idn,144B,144,Immed preverbal,Huckett-1974[ 81],
144B-knn,http://wals.info/languoid/lect/wals_code_knn,144B,144,Immed preverbal,Sharma-1988[ 195],
144B-kni,http://wals.info/languoid/lect/wals_code_kni,144B,144,Immed preverbal,Cahill-1999[ 20],
144B-lag,http://wals.info/languoid/lect/wals_code_lag,144B,144,"End, not immed postverbal",Lukas-1936[ 47],
144B-mmb,http://wals.info/languoid/lect/wals_code_mmb,144B,144,"End, not immed postverbal","Bugenhagen-1995[ 126, 131]",
144B-mas,http://wals.info/languoid/lect/wals_code_mas,144B,144,"End, not immed postverbal",Caitucoli-1986[ 48],
144B-mea,http://wals.info/languoid/lect/wals_code_mea,144B,144,"End, not immed postverbal",Gravelle-2002[ 168];Gravelle-2004[ 203],
144B-shp,http://wals.info/languoid/lect/wals_code_shp,144B,144,Immed preverbal,Jacobs-1929[ passim],
144B-tak,http://wals.info/languoid/lect/wals_code_tak,144B,144,Immed preverbal,"Ross-2002h[ 235, 239]",
144B-alk,http://wals.info/languoid/lect/wals_code_alk,144B,144,"End, not immed postverbal",DJernes-2002[ 265],
144B-bgr,http://wals.info/languoid/lect/wals_code_bgr,144B,144,"End, not immed postverbal","Boyeldieu-2000[ 225, 227]",
144B-baq,http://wals.info/languoid/lect/wals_code_baq,144B,144,Immed preverbal,Baptista-and-Wallin-1967[ 36],
144B-goe,http://wals.info/languoid/lect/wals_code_goe,144B,144,"End, not immed postverbal",Hellwig-2003[ 39],
144B-hma,http://wals.info/languoid/lect/wals_code_hma,144B,144,Immed postverbal,Dutta-Baruah-and-Bapui-1996[ 133],
144B-kar,http://wals.info/languoid/lect/wals_code_kar,144B,144,"End, not immed postverbal","Santandrea-1970[ 127, 153, 159];Boyeldieu-1987[ 90]",
144B-klw,http://wals.info/languoid/lect/wals_code_klw,144B,144,Immed postverbal,"Mixco-1971[ 168, 231-232]",
144B-kla,http://wals.info/languoid/lect/wals_code_kla,144B,144,"Preverbal, not beginning or immed","Rickard-1970[ 16, 21]",
144B-kxo,http://wals.info/languoid/lect/wals_code_kxo,144B,144,Immed postverbal,Kohler-1981[ 537],
144B-laa,http://wals.info/languoid/lect/wals_code_laa,144B,144,"End, not immed postverbal",Boyeldieu-1982[ 189-190],
144B-mbr,http://wals.info/languoid/lect/wals_code_mbr,144B,144,"End, not immed postverbal",Tourneux-et-al-1986[ 190],
144B-mxj,http://wals.info/languoid/lect/wals_code_mxj,144B,144,Immed preverbal,"Bradley-1970[ 41, 43]",
144B-sna,http://wals.info/languoid/lect/wals_code_sna,144B,144,Immed preverbal,Bailey-1924[ passim],
144B-tbl,http://wals.info/languoid/lect/wals_code_tbl,144B,144,Immed postverbal,Abisay-et-al-1983[ 13],
144B-wak,http://wals.info/languoid/lect/wals_code_wak,144B,144,Immed preverbal,"Lorimer-1958[ 196, 208]",
144B-yok,http://wals.info/languoid/lect/wals_code_yok,144B,144,Immed preverbal,Kroeber-1904[ 221],
144B-bmb,http://wals.info/languoid/lect/wals_code_bmb,144B,144,Immed preverbal,"Jacobs-1970[ 99-101, 114, 128-129]",
144B-bgo,http://wals.info/languoid/lect/wals_code_bgo,144B,144,"End, not immed postverbal","Santandrea-1963[ 58, 68]",
144B-bum,http://wals.info/languoid/lect/wals_code_bum,144B,144,"End, not immed postverbal",Tryon-2002[ 583],
144B-gul,http://wals.info/languoid/lect/wals_code_gul,144B,144,"End, not immed postverbal",Nougayrol-1999[ 68],
144B-kim,http://wals.info/languoid/lect/wals_code_kim,144B,144,Immed postverbal,"Boelaars-1950[ 147, 35]",
144B-kkt,http://wals.info/languoid/lect/wals_code_kkt,144B,144,Immed preverbal,Palmer-2002[ 519],
144B-lis,http://wals.info/languoid/lect/wals_code_lis,144B,144,Immed preverbal,Hope-1974[ 153];Bradley-2003[ 233],
144B-mlu,http://wals.info/languoid/lect/wals_code_mlu,144B,144,"End, not immed postverbal",Haywood-1996[ 177],
144B-mmn,http://wals.info/languoid/lect/wals_code_mmn,144B,144,Immed preverbal,"Miller-and-Miller-1976[ 77, 89]",
144B-mru,http://wals.info/languoid/lect/wals_code_mru,144B,144,Immed preverbal,Abbey-1899[ 21],
144B-mno,http://wals.info/languoid/lect/wals_code_mno,144B,144,"Beginning, not immed preverbal",Norris-1986[ 32],
144B-mwo,http://wals.info/languoid/lect/wals_code_mwo,144B,144,Immed preverbal,"Crowley-2002d[ 595, 597]",
144B-ngo,http://wals.info/languoid/lect/wals_code_ngo,144B,144,Immed postverbal,Ngonyani-2003[ 86],
144B-srd,http://wals.info/languoid/lect/wals_code_srd,144B,144,Immed preverbal,Jones-1988[ 341],
144B-see,http://wals.info/languoid/lect/wals_code_see,144B,144,Immed preverbal,"Holmer-1996[ 58, 62-63]",
144B-akh,http://wals.info/languoid/lect/wals_code_akh,144B,144,Immed preverbal,Dellinger-1969[ 162-163];Hansson-2003[ 245],
144B-cya,http://wals.info/languoid/lect/wals_code_cya,144B,144,Immed preverbal,Rasch-2002[ 236],
144B-hlp,http://wals.info/languoid/lect/wals_code_hlp,144B,144,Immed postverbal,Watahomigie-et-al-1982[ 155-159],
144B-mae,http://wals.info/languoid/lect/wals_code_mae,144B,144,Immed preverbal,Capell-1962a[ 26],
144B-mrw,http://wals.info/languoid/lect/wals_code_mrw,144B,144,"Beginning, not immed preverbal",Trefry-1971[ 97];Oates-1988[ 197],
144B-nma,http://wals.info/languoid/lect/wals_code_nma,144B,144,Immed postverbal,"Giridhar-1994[ 376, 380ff]",
144B-nhm,http://wals.info/languoid/lect/wals_code_nhm,144B,144,Immed preverbal,Sischo-1979[ 313],
144B-paa,http://wals.info/languoid/lect/wals_code_paa,144B,144,"End, not immed postverbal",Skinner-1979[ 51],
144B-pkt,http://wals.info/languoid/lect/wals_code_pkt,144B,144,Immed preverbal,Crazzolara-1978[ 108];Tucker-and-Bryan-1966[ 486];Baroja-1989[ 232-233],
144B-sis,http://wals.info/languoid/lect/wals_code_sis,144B,144,Immed preverbal,Ross-2002l[ 464],
144B-sti,http://wals.info/languoid/lect/wals_code_sti,144B,144,Immed preverbal,Miller-1976[ 37],
144B-bil,http://wals.info/languoid/lect/wals_code_bil,144B,144,Immed preverbal,Obata-2003,
144B-cmr,http://wals.info/languoid/lect/wals_code_cmr,144B,144,Immed postverbal,Lorrain-1951[ 38];Savidge-1908[ 20],
144B-chs,http://wals.info/languoid/lect/wals_code_chs,144B,144,Immed postverbal,Naylor-1925[ 14],
144B-grj,http://wals.info/languoid/lect/wals_code_grj,144B,144,"Beginning, not immed preverbal",Miller-1996a[ 119],
144B-juk,http://wals.info/languoid/lect/wals_code_juk,144B,144,"End, not immed postverbal","Shimuzu-1980[ 276, 315];Welmers-1968b[ 56]",
144B-kls,http://wals.info/languoid/lect/wals_code_kls,144B,144,Immed preverbal,Vogt-1940[ passim],
144B-kaa,http://wals.info/languoid/lect/wals_code_kaa,144B,144,Immed postverbal,"Gabas-1999[ 158, 184]",
144B-maj,http://wals.info/languoid/lect/wals_code_maj,144B,144,"Beginning, not immed preverbal",Unseth-1989[ 119],
144B-man,http://wals.info/languoid/lect/wals_code_man,144B,144,"Preverbal, not beginning or immed",Becker-Donner-1965[ 44],
144B-mwb,http://wals.info/languoid/lect/wals_code_mwb,144B,144,Immed preverbal,"Elkins-1970[ 16-17, 23-24]",
144B-nhh,http://wals.info/languoid/lect/wals_code_nhh,144B,144,Immed preverbal,Beller-and-Beller-1979[ passim],
144B-pnn,http://wals.info/languoid/lect/wals_code_pnn,144B,144,Immed preverbal,Benton-1971a[ 184],
144B-skk,http://wals.info/languoid/lect/wals_code_skk,144B,144,Immed postverbal,Sandberg-1888[ 48],
144B-uld,http://wals.info/languoid/lect/wals_code_uld,144B,144,"End, not immed postverbal",de-Colombel-1997[ 81],
144B-wal,http://wals.info/languoid/lect/wals_code_wal,144B,144,Immed preverbal,,
144B-yng,http://wals.info/languoid/lect/wals_code_yng,144B,144,Immed preverbal,Dench-1998[ 63],
144B-acg,http://wals.info/languoid/lect/wals_code_acg,144B,144,Immed preverbal,Wilson-and-Levinsohn-1992[ 131],
144B-amq,http://wals.info/languoid/lect/wals_code_amq,144B,144,"End, not immed postverbal",Silzer-1983[ 214-215],
144B-bho,http://wals.info/languoid/lect/wals_code_bho,144B,144,Immed preverbal,"Shukla-1981[ 152, 309]",
144B-ckl,http://wals.info/languoid/lect/wals_code_ckl,144B,144,Immed preverbal,Boas-1911b[ passim],
144B-duk,http://wals.info/languoid/lect/wals_code_duk,144B,144,"End, not immed postverbal","Bendor-Samuel-et-al-1973[ passim, 72]",
144B-gok,http://wals.info/languoid/lect/wals_code_gok,144B,144,Immed preverbal,,
144B-ifu,http://wals.info/languoid/lect/wals_code_ifu,144B,144,Immed preverbal,Newell-1993[ 21],
144B-kbw,http://wals.info/languoid/lect/wals_code_kbw,144B,144,"End, not immed postverbal","Henderson-1997[ xiii, passim]",
144B-kre,http://wals.info/languoid/lect/wals_code_kre,144B,144,"End, not immed postverbal","Santandrea-1976[ 61, 130];Brown-1994[ 165];Tucker-and-Bryan-1966[ 80-81]",
144B-lgu,http://wals.info/languoid/lect/wals_code_lgu,144B,144,Immed preverbal,Hill-2002[ 549],
144B-mut,http://wals.info/languoid/lect/wals_code_mut,144B,144,Immed preverbal,Okrand-1977[ 296],
144B-olo,http://wals.info/languoid/lect/wals_code_olo,144B,144,"End, not immed postverbal","Staley-1995[ passim, 111, passim]",
144B-tim,http://wals.info/languoid/lect/wals_code_tim,144B,144,Immed preverbal,Prentice-1971[ 159],
144B-agc,http://wals.info/languoid/lect/wals_code_agc,144B,144,Immed preverbal,Healey-1960[ 90],
144B-agm,http://wals.info/languoid/lect/wals_code_agm,144B,144,Immed postverbal,Giridhar-1980[ 80],
144B-bak,http://wals.info/languoid/lect/wals_code_bak,144B,144,"End, not immed postverbal",Kilian-Hatz-1989[ xxiii];Kilian-Hatz-1995[ 61],
144B-brf,http://wals.info/languoid/lect/wals_code_brf,144B,144,Immed preverbal,"Kossmann-2000[ 150, 173]",
144B-bra,http://wals.info/languoid/lect/wals_code_bra,144B,144,Immed preverbal,"Keller-1976[ 42, 44]",
144B-hak,http://wals.info/languoid/lect/wals_code_hak,144B,144,Immed preverbal,Hashimoto-1973[ passim],
144B-izi,http://wals.info/languoid/lect/wals_code_izi,144B,144,Immed preverbal,Meier-et-al-1975[ 216],
144B-lmg,http://wals.info/languoid/lect/wals_code_lmg,144B,144,"End, not immed postverbal",Wolff-1983[  252- 253],
144B-mcd,http://wals.info/languoid/lect/wals_code_mcd,144B,144,Immed preverbal,Friedman-1993[ 290],
144B-mny,http://wals.info/languoid/lect/wals_code_mny,144B,144,"Beginning, not immed preverbal",Breen-1981a[ 343],
144B-mxo,http://wals.info/languoid/lect/wals_code_mxo,144B,144,Immed preverbal,"Alexander-1988[ 195, passim]",
144B-nab,http://wals.info/languoid/lect/wals_code_nab,144B,144,Immed preverbal,Fabian-et-al-1998[ 62],
144B-tmn,http://wals.info/languoid/lect/wals_code_tmn,144B,144,"Beginning, not immed preverbal",Tucker-and-Bryan-1966[ 260],
144B-tnn,http://wals.info/languoid/lect/wals_code_tnn,144B,144,"Preverbal, not beginning or immed","Dugast-1971[ 171-190, 310]",
144B-tzo,http://wals.info/languoid/lect/wals_code_tzo,144B,144,Immed preverbal,Cowan-1969[ 28],
144B-aln,http://wals.info/languoid/lect/wals_code_aln,144B,144,"End, not immed postverbal",Niggemeyer-1951[ passim],
144B-ane,http://wals.info/languoid/lect/wals_code_ane,144B,144,"End, not immed postverbal",Thurston-1982[ 31],
144B-cem,http://wals.info/languoid/lect/wals_code_cem,144B,144,Immed preverbal,Lynch-2002c[ 762],
144B-dga,http://wals.info/languoid/lect/wals_code_dga,144B,144,Immed preverbal,Bodomo-1997[ 84-85],
144B-ign,http://wals.info/languoid/lect/wals_code_ign,144B,144,Immed preverbal,"Ott-and-Ott-1967b[ 88-89, passim]",
144B-lmn,http://wals.info/languoid/lect/wals_code_lmn,144B,144,Immed postverbal,"Trail-1970[ 91, 104-106]",
144B-lbu,http://wals.info/languoid/lect/wals_code_lbu,144B,144,"End, not immed postverbal",Kawasha-2003[ 218],
144B-mor,http://wals.info/languoid/lect/wals_code_mor,144B,144,"End, not immed postverbal",Laycock-1978[ 300],
144B-ndj,http://wals.info/languoid/lect/wals_code_ndj,144B,144,"Beginning, not immed preverbal",McKay-2000[ 296],
144B-tbo,http://wals.info/languoid/lect/wals_code_tbo,144B,144,Immed preverbal,Porter-1977[ 72],
144B-ten,http://wals.info/languoid/lect/wals_code_ten,144B,144,"Beginning, not immed preverbal",Randal-1998[ 247],
144B-tes,http://wals.info/languoid/lect/wals_code_tes,144B,144,"Beginning, not immed preverbal","Hilders-and-Lawrance-1956[ xix, 46]",
144B-iqu,http://wals.info/languoid/lect/wals_code_iqu,144B,144,"Beginning, not immed preverbal","Eastman-and-Eastman-1963[ 158-160, 179]",
144B-maw,http://wals.info/languoid/lect/wals_code_maw,144B,144,"Preverbal, not beginning or immed",Delafosse-1929[ passim],
144B-mon,http://wals.info/languoid/lect/wals_code_mon,144B,144,Immed preverbal,"Bauer-1982a[ 403, 455]",
144B-mou,http://wals.info/languoid/lect/wals_code_mou,144B,144,"End, not immed postverbal",Tucker-and-Bryan-1966[ 54];Tucker-1967[ 253-254];Andersen-1984[ 29],
144B-mgu,http://wals.info/languoid/lect/wals_code_mgu,144B,144,"End, not immed postverbal","Meyer-Bahlburg-1972[ 162, 185-186]",
144B-nue,http://wals.info/languoid/lect/wals_code_nue,144B,144,"Beginning, not immed preverbal","Crazzolara-1933[ 96, 150-155]",
144B-pkn,http://wals.info/languoid/lect/wals_code_pkn,144B,144,"Beginning, not immed preverbal",Hercus-1982[ 228],
144B-pul,http://wals.info/languoid/lect/wals_code_pul,144B,144,Immed preverbal,Elbert-1974[ 85],
144B-shl,http://wals.info/languoid/lect/wals_code_shl,144B,144,Immed preverbal,Kohnen-1933[ 147-149],
144B-sng,http://wals.info/languoid/lect/wals_code_sng,144B,144,Immed preverbal,Kolia-1975[ passim],
144B-tus,http://wals.info/languoid/lect/wals_code_tus,144B,144,Immed preverbal,Williams-1976[ 309],
144B-url,http://wals.info/languoid/lect/wals_code_url,144B,144,Immed preverbal,Hogan-1988[ 56],
144B-chw,http://wals.info/languoid/lect/wals_code_chw,144B,144,"End, not immed postverbal",Baumgartner-1998[ 5],
144B-cmy,http://wals.info/languoid/lect/wals_code_cmy,144B,144,Immed preverbal,Knowles-1984[ 318],
144B-coc,http://wals.info/languoid/lect/wals_code_coc,144B,144,"Beginning, not immed preverbal",Faust-1972[ 72];Faust-1971[ passim],
144B-did,http://wals.info/languoid/lect/wals_code_did,144B,144,Immed preverbal,Tucker-and-Bryan-1966[ 387],
144B-guj,http://wals.info/languoid/lect/wals_code_guj,144B,144,Immed preverbal,Cardona-1965[ 138],
144B-jmo,http://wals.info/languoid/lect/wals_code_jmo,144B,144,"End, not immed postverbal","Persson-1981[ 110, 112]",
144B-krr,http://wals.info/languoid/lect/wals_code_krr,144B,144,Immed postverbal,Wivell-1981[ 162],
144B-knc,http://wals.info/languoid/lect/wals_code_knc,144B,144,Immed preverbal,Smith-and-Johnson-2000[ 436],
144B-mka,http://wals.info/languoid/lect/wals_code_mka,144B,144,"Preverbal, not beginning or immed",Ebermann-1986a[ 96-102],
144B-nyi,http://wals.info/languoid/lect/wals_code_nyi,144B,144,Immed preverbal,Tucker-and-Bryan-1966[ 251],
144B-plh,http://wals.info/languoid/lect/wals_code_plh,144B,144,Immed preverbal,"Stresemann-1918[ 74, passim]",
144B-any,http://wals.info/languoid/lect/wals_code_any,144B,144,Immed preverbal,Lusted-1976[ 508];Reh-1996[ 214-217],
144B-aro,http://wals.info/languoid/lect/wals_code_aro,144B,144,Immed preverbal,Capell-1971[ passim],
144B-blx,http://wals.info/languoid/lect/wals_code_blx,144B,144,Immed postverbal,Einaudi-1976[ 86-88],
144B-gds,http://wals.info/languoid/lect/wals_code_gds,144B,144,Immed preverbal,Frantz-1973[ passim],
144B-igs,http://wals.info/languoid/lect/wals_code_igs,144B,144,"End, not immed postverbal",Bender-1989[ 168],
144B-krn,http://wals.info/languoid/lect/wals_code_krn,144B,144,Immed postverbal,"Meinhof-1930[ 54-55, 59]",
144B-mbm,http://wals.info/languoid/lect/wals_code_mbm,144B,144,"End, not immed postverbal","Hagege-1970[ passim, 321]",
144B-meh,http://wals.info/languoid/lect/wals_code_meh,144B,144,"End, not immed postverbal",Simeone-Senelle-1997[ 414],
144B-ngm,http://wals.info/languoid/lect/wals_code_ngm,144B,144,"End, not immed postverbal","Vandame-1963[ 116];Thayer-1978[ 32, passim]",
144B-sio,http://wals.info/languoid/lect/wals_code_sio,144B,144,"End, not immed postverbal",Clark-and-Clark-1987[ 87],
144B-tvl,http://wals.info/languoid/lect/wals_code_tvl,144B,144,Immed preverbal,Besnier-2000[ 177-180],
144B-urd,http://wals.info/languoid/lect/wals_code_urd,144B,144,Immed preverbal,Bender-1967[ 191];Schmidt-1999[ 191],
144B-yin,http://wals.info/languoid/lect/wals_code_yin,144B,144,Immed preverbal,Wordick-1982[ passim],
144B-bfg,http://wals.info/languoid/lect/wals_code_bfg,144B,144,Immed preverbal,"Kossmann-1997[ 270, 275, 358]",
144B-kmj,http://wals.info/languoid/lect/wals_code_kmj,144B,144,Immed preverbal,"Novelli-1985[ 21, 442]",
144B-nup,http://wals.info/languoid/lect/wals_code_nup,144B,144,"End, not immed postverbal",Smith-1967a[ 39],
144B-paw,http://wals.info/languoid/lect/wals_code_paw,144B,144,Immed postverbal,"Trefry-1969[ 48, 52]",
144B-slb,http://wals.info/languoid/lect/wals_code_slb,144B,144,"Preverbal, not beginning or immed",Margetts-1999b[ 32];Margetts-1999a[ 24-26],
144B-slo,http://wals.info/languoid/lect/wals_code_slo,144B,144,Immed preverbal,Priestly-1993[ 429],
144B-tmr,http://wals.info/languoid/lect/wals_code_tmr,144B,144,Immed preverbal,"Benjamin-1976[ 165, passim]",
144B-wem,http://wals.info/languoid/lect/wals_code_wem,144B,144,Immed preverbal,Hercus-1969b[ 74];Hercus-1986b[ 52],
144B-bud,http://wals.info/languoid/lect/wals_code_bud,144B,144,"End, not immed postverbal",Lukas-and-Nachtigal-1939[ 58],
144B-crn,http://wals.info/languoid/lect/wals_code_crn,144B,144,Immed preverbal,Jenner-1904[ 160],
144B-ese,http://wals.info/languoid/lect/wals_code_ese,144B,144,Immed postverbal,"Shoemaker-and-Shoemaker-1967[ 242, passim]",
144B-grf,http://wals.info/languoid/lect/wals_code_grf,144B,144,Immed preverbal,Taylor-1958[ passim],
144B-kom,http://wals.info/languoid/lect/wals_code_kom,144B,144,Immed preverbal,"Tucker-and-Bryan-1966[ 364, 367]",
144B-lin,http://wals.info/languoid/lect/wals_code_lin,144B,144,"End, not immed postverbal",Meeuwis-1998[ 40],
144B-naj,http://wals.info/languoid/lect/wals_code_naj,144B,144,Immed preverbal,"Khan-1999[ 115, 356-357]",
144B-nsg,http://wals.info/languoid/lect/wals_code_nsg,144B,144,Immed preverbal,"Tarpent-1987[ 355ff, 373]",
144B-raw,http://wals.info/languoid/lect/wals_code_raw,144B,144,Immed preverbal,Barnard-1934[ passim],
144B-yuw,http://wals.info/languoid/lect/wals_code_yuw,144B,144,"Beginning, not immed preverbal","Williams-1980a[ 107, 112]",
144B-zai,http://wals.info/languoid/lect/wals_code_zai,144B,144,Immed preverbal,Pickett-et-al-1998[ 77-78],
144B-baa,http://wals.info/languoid/lect/wals_code_baa,144B,144,Immed preverbal,Olson-1975[ 482],
144B-cti,http://wals.info/languoid/lect/wals_code_cti,144B,144,Immed postverbal,Henderson-1965[ passim],
144B-hay,http://wals.info/languoid/lect/wals_code_hay,144B,144,Immed preverbal,Michailovsky-1988[ 161],
144B-jab,http://wals.info/languoid/lect/wals_code_jab,144B,144,"End, not immed postverbal",Dempwolff-1939[ 69],
144B-kuo,http://wals.info/languoid/lect/wals_code_kuo,144B,144,Immed preverbal,"Chung-and-Chung-1996[ 14, 53]",
144B-nak,http://wals.info/languoid/lect/wals_code_nak,144B,144,Immed preverbal,"Johnston-1980[ 60, 62]",
144B-sro,http://wals.info/languoid/lect/wals_code_sro,144B,144,Immed postverbal,"Wells-1979[ 59-60, passim]",
144B-tri,http://wals.info/languoid/lect/wals_code_tri,144B,144,Immed preverbal,Hollenbach-1992[ 248],
144B-yul,http://wals.info/languoid/lect/wals_code_yul,144B,144,Immed postverbal,Santandrea-1970[ passim],
144B-anj,http://wals.info/languoid/lect/wals_code_anj,144B,144,Immed preverbal,Lynch-2000[ 96],
144B-asy,http://wals.info/languoid/lect/wals_code_asy,144B,144,Immed preverbal,Cowell-1964[ 383],
144B-gmw,http://wals.info/languoid/lect/wals_code_gmw,144B,144,Immed preverbal,Olson-1988[ 160],
144B-kng,http://wals.info/languoid/lect/wals_code_kng,144B,144,Immed postverbal,"Henry-1948[ 121, 144-145]",
144B-krc,http://wals.info/languoid/lect/wals_code_krc,144B,144,Immed postverbal,"Seegmiller-1996[ 25, 36]",
144B-mad,http://wals.info/languoid/lect/wals_code_mad,144B,144,"End, not immed postverbal","Tucker-1967[ 253, Blackings and Fabb 2003]",
144B-mnm,http://wals.info/languoid/lect/wals_code_mnm,144B,144,Immed preverbal,Lichtenberk-1983[ 384],
144B-nga,http://wals.info/languoid/lect/wals_code_nga,144B,144,Immed preverbal,Helimski-1998a[ 511],
144B-udm,http://wals.info/languoid/lect/wals_code_udm,144B,144,Immed postverbal,Tepljashina-1966[ 270-272],
144B-wol,http://wals.info/languoid/lect/wals_code_wol,144B,144,Immed preverbal,"Sohn-1975[ 84-86, 211, 218-224]",
144B-bai,http://wals.info/languoid/lect/wals_code_bai,144B,144,Immed preverbal,Wiersma-2003[ 672],
144B-chp,http://wals.info/languoid/lect/wals_code_chp,144B,144,Immed postverbal,"Richardson-1968[ 10, passim]",
144B-dji,http://wals.info/languoid/lect/wals_code_dji,144B,144,Immed preverbal,Chadwick-1975[ 83],
144B-kol,http://wals.info/languoid/lect/wals_code_kol,144B,144,Immed postverbal,"Emeneau-1955[ 65, 75-78, 110-101]",
144B-mxp,http://wals.info/languoid/lect/wals_code_mxp,144B,144,Immed preverbal,"Daly-1973[ 7, passim]",
144B-nua,http://wals.info/languoid/lect/wals_code_nua,144B,144,"End, not immed postverbal","Bolton-1990[ 82, 126]",
144B-anc,http://wals.info/languoid/lect/wals_code_anc,144B,144,"End, not immed postverbal","Burquest-1973[ 32, 174-178]",
144B-chq,http://wals.info/languoid/lect/wals_code_chq,144B,144,Immed preverbal,"Robbins-1968[ 137, passim]",
144B-gud,http://wals.info/languoid/lect/wals_code_gud,144B,144,"Beginning, not immed preverbal",Hoskison-1983[ 90-91],
144B-irr,http://wals.info/languoid/lect/wals_code_irr,144B,144,"End, not immed postverbal",Matsumura-1991a[ 83],
144B-nia,http://wals.info/languoid/lect/wals_code_nia,144B,144,Immed preverbal,Brown-2001,
144B-shi,http://wals.info/languoid/lect/wals_code_shi,144B,144,Immed postverbal,"Gomez-1990[ 91-92, 108-109]",
144B-ani,http://wals.info/languoid/lect/wals_code_ani,144B,144,Immed postverbal,Heine-1999a[ 23],
144B-fut,http://wals.info/languoid/lect/wals_code_fut,144B,144,Immed preverbal,Dougherty-1983[ passim],
144B-kzy,http://wals.info/languoid/lect/wals_code_kzy,144B,144,Immed preverbal,Hausenberg-1998[ 320],
144B-lao,http://wals.info/languoid/lect/wals_code_lao,144B,144,Immed preverbal,"Hospitalier-1937[ 222];Yates-and-Sayisthsena-1970[ 312, passim]",
144B-lnd,http://wals.info/languoid/lect/wals_code_lnd,144B,144,"End, not immed postverbal","Cloarec-Heiss-1986[ 62, 95-97, 356-362, 456-458]",
144B-mai,http://wals.info/languoid/lect/wals_code_mai,144B,144,Immed preverbal,Davis-1973a[ passim],
144B-sre,http://wals.info/languoid/lect/wals_code_sre,144B,144,Immed preverbal,Manley-1972[ 230],
144B-tng,http://wals.info/languoid/lect/wals_code_tng,144B,144,Immed preverbal,Churchward-1953[ 56],
144B-vai,http://wals.info/languoid/lect/wals_code_vai,144B,144,"Preverbal, not beginning or immed","Welmers-1976[ 77, 84-94, 96]",
144B-lon,http://wals.info/languoid/lect/wals_code_lon,144B,144,"End, not immed postverbal",Hamel-1985[ 226],
144B-niu,http://wals.info/languoid/lect/wals_code_niu,144B,144,Immed preverbal,Seiter-1980[ 13-15],
144B-pno,http://wals.info/languoid/lect/wals_code_pno,144B,144,"Beginning, not immed preverbal",Snapp-et-al-1982[ 13],
144B-kan,http://wals.info/languoid/lect/wals_code_kan,144B,144,Immed preverbal,Ikoro-1996[ passim],
144B-bco,http://wals.info/languoid/lect/wals_code_bco,144B,144,Immed preverbal,Nater-1984[ 122];Davis-and-Saunders-1980[ passim],
144B-cso,http://wals.info/languoid/lect/wals_code_cso,144B,144,Immed preverbal,"Pride-1965[ 39, 77]",
144B-miz,http://wals.info/languoid/lect/wals_code_miz,144B,144,Immed postverbal,Chhangte-1989[ 132],
144B-ruk,http://wals.info/languoid/lect/wals_code_ruk,144B,144,Immed preverbal,Li-1973[ 227-228],
144B-wrk,http://wals.info/languoid/lect/wals_code_wrk,144B,144,Immed preverbal,Aikhenvald-1998[ 264],
144B-ata,http://wals.info/languoid/lect/wals_code_ata,144B,144,Immed preverbal,"Rau-1992[ 147, 161, 169, 173]",
144B-bae,http://wals.info/languoid/lect/wals_code_bae,144B,144,Immed preverbal,,
144B-bar,http://wals.info/languoid/lect/wals_code_bar,144B,144,Immed preverbal,Spagnolo-1933[ 120],
144B-ben,http://wals.info/languoid/lect/wals_code_ben,144B,144,Immed postverbal,Dasgupta-2003[ 375],
144B-chc,http://wals.info/languoid/lect/wals_code_chc,144B,144,Immed preverbal,Nichols-1994a[ 44],
144B-mby,http://wals.info/languoid/lect/wals_code_mby,144B,144,"End, not immed postverbal","Fortier-1971[ 7, 73]",
144B-mpa,http://wals.info/languoid/lect/wals_code_mpa,144B,144,Immed preverbal,Walsh-1976[ 277];Street-1980[ 86],
144B-ukr,http://wals.info/languoid/lect/wals_code_ukr,144B,144,Immed preverbal,Stechishin-1958[ 137],
144B-yuk,http://wals.info/languoid/lect/wals_code_yuk,144B,144,"Beginning, not immed preverbal",Keen-1983[ 237],
144B-kkv,http://wals.info/languoid/lect/wals_code_kkv,144B,144,"End, not immed postverbal",Counts-1969[ 129-131],
144B-ttu,http://wals.info/languoid/lect/wals_code_ttu,144B,144,Immed preverbal,"Holisky-and-Gagua-1994[ 186, 199, 210]",
144B-wsk,http://wals.info/languoid/lect/wals_code_wsk,144B,144,Immed preverbal,Ross-and-Paol-1978[ 14],
144B-fye,http://wals.info/languoid/lect/wals_code_fye,144B,144,"End, not immed postverbal",Nettle-1998[ 48-49],
144B-lai,http://wals.info/languoid/lect/wals_code_lai,144B,144,Immed postverbal,Hay-Neave-1953[ 24],
144B-mro,http://wals.info/languoid/lect/wals_code_mro,144B,144,Immed preverbal,Black-and-Black-1971[ 70],
144B-nar,http://wals.info/languoid/lect/wals_code_nar,144B,144,Immed preverbal,Tucker-and-Bryan-1966[ 334];Thompson-1976a[ 493],
144B-tam,http://wals.info/languoid/lect/wals_code_tam,144B,144,Immed preverbal,Mazaudon-2003[ 301];Mazaudon-1976[ 18],
144B-tpn,http://wals.info/languoid/lect/wals_code_tpn,144B,144,Immed preverbal,Bascom-1982[ passim],
144B-udh,http://wals.info/languoid/lect/wals_code_udh,144B,144,Immed preverbal,Nikolaeva-and-Tolskaya-2001[ 818],
144B-dgb,http://wals.info/languoid/lect/wals_code_dgb,144B,144,Immed preverbal,Olawsky-1999[ 49],
144B-dum,http://wals.info/languoid/lect/wals_code_dum,144B,144,Immed postverbal,Ross-1980[ 99],
144B-kos,http://wals.info/languoid/lect/wals_code_kos,144B,144,Immed preverbal,Lee-1975[ 310],
144B-trb,http://wals.info/languoid/lect/wals_code_trb,144B,144,Immed postverbal,Quesada-2000[ 103],
144B-tja,http://wals.info/languoid/lect/wals_code_tja,144B,144,Immed postverbal,Miller-2001[ 168],
144B-bto,http://wals.info/languoid/lect/wals_code_bto,144B,144,Immed preverbal,"Percival-1981[ 82, passim];Nababan-1981[ 116]",
144B-bir,http://wals.info/languoid/lect/wals_code_bir,144B,144,"End, not immed postverbal","Bouquiaux-1970[ 384, 394]",
144B-din,http://wals.info/languoid/lect/wals_code_din,144B,144,"Preverbal, not beginning or immed","Tucker-and-Bryan-1966[ 430, 437];Nebel-1948[ 17, 56-58]",
144B-goa,http://wals.info/languoid/lect/wals_code_goa,144B,144,Immed preverbal,Holmer-1949b[ 151],
144B-mgg,http://wals.info/languoid/lect/wals_code_mgg,144B,144,Immed preverbal,Slater-2003[ 146],
144B-oji,http://wals.info/languoid/lect/wals_code_oji,144B,144,Immed preverbal,Nichols-1988[ passim],
144B-res,http://wals.info/languoid/lect/wals_code_res,144B,144,"Beginning, not immed preverbal","Allin-1976[ 309-310, passim]",
144B-tah,http://wals.info/languoid/lect/wals_code_tah,144B,144,Immed preverbal,Tryon-1970a[ 46-47],
144B-hup,http://wals.info/languoid/lect/wals_code_hup,144B,144,Immed preverbal,Goddard-1903[ passim];Golla-1970[ passim],
144B-kwa,http://wals.info/languoid/lect/wals_code_kwa,144B,144,Immed preverbal,Keesing-1985[ 127],
144B-lel,http://wals.info/languoid/lect/wals_code_lel,144B,144,"End, not immed postverbal",Frajzyngier-2001[ 297],
144B-shu,http://wals.info/languoid/lect/wals_code_shu,144B,144,Immed preverbal,Kuipers-1974[ 81],
144B-so,http://wals.info/languoid/lect/wals_code_so,144B,144,Immed preverbal,Tucker-and-Bryan-1966[ 399],
144B-ctl,http://wals.info/languoid/lect/wals_code_ctl,144B,144,Immed preverbal,Hualde-1992[ passim],
144B-lui,http://wals.info/languoid/lect/wals_code_lui,144B,144,"Beginning, not immed preverbal",Kroeber-and-Grace-1960[ 173],
144B-nas,http://wals.info/languoid/lect/wals_code_nas,144B,144,Immed postverbal,Hurd-and-Hurd-1966[ passim],
144B-por,http://wals.info/languoid/lect/wals_code_por,144B,144,Immed preverbal,Parkinson-1988[ 158],
144B-sun,http://wals.info/languoid/lect/wals_code_sun,144B,144,Immed preverbal,Hardjadibrata-1985[ 49-50],
144B-chr,http://wals.info/languoid/lect/wals_code_chr,144B,144,Immed preverbal,Thomas-1971[ 143-144],
144B-est,http://wals.info/languoid/lect/wals_code_est,144B,144,Immed preverbal,"de-Sivers-1969[ 69-71];Tauli-1973[ 94];Tauli-1983[ 32, 150]",
144B-gae,http://wals.info/languoid/lect/wals_code_gae,144B,144,Immed preverbal,Calder-1923[ 302],
144B-guu,http://wals.info/languoid/lect/wals_code_guu,144B,144,Immed preverbal,Haviland-1979[ 143],
144B-hop,http://wals.info/languoid/lect/wals_code_hop,144B,144,Immed preverbal,Kalectaca-1978[ 39],
144B-mum,http://wals.info/languoid/lect/wals_code_mum,144B,144,"End, not immed postverbal","Shimizu-1983[ 102-111, 126]",
144B-ter,http://wals.info/languoid/lect/wals_code_ter,144B,144,"End, not immed postverbal","Newman-1970[ 15, passim, 128-129]",
144B-wma,http://wals.info/languoid/lect/wals_code_wma,144B,144,"End, not immed postverbal",Voorhoeve-1982[ 27],
144B-djp,http://wals.info/languoid/lect/wals_code_djp,144B,144,"Beginning, not immed preverbal",Morphy-1983[ 147],
144B-doy,http://wals.info/languoid/lect/wals_code_doy,144B,144,Immed preverbal,"Wiering-and-Wiering-1994[ 56, 80-81]",
144B-len,http://wals.info/languoid/lect/wals_code_len,144B,144,Immed postverbal,Lynch-1978[ 64],
144B-mam,http://wals.info/languoid/lect/wals_code_mam,144B,144,Immed preverbal,England-1983[ 244],
144B-nca,http://wals.info/languoid/lect/wals_code_nca,144B,144,Immed preverbal,"Braine-1970[ 229, passim]",
144B-qaw,http://wals.info/languoid/lect/wals_code_qaw,144B,144,Immed postverbal,Aguilera-1980[ passim],
144B-ttn,http://wals.info/languoid/lect/wals_code_ttn,144B,144,Immed preverbal,van-Klinken-1997[ 226],
144B-tid,http://wals.info/languoid/lect/wals_code_tid,144B,144,"End, not immed postverbal","van-Staden-2000[ 41, 154, 232]",
144B-arg,http://wals.info/languoid/lect/wals_code_arg,144B,144,Immed preverbal,Holes-1990[ 71],
144B-htc,http://wals.info/languoid/lect/wals_code_htc,144B,144,Immed preverbal,"Edmonson-1988[ 531, 546]",
144B-ik,http://wals.info/languoid/lect/wals_code_ik,144B,144,Immed preverbal,Tucker-1973[ 37],
144B-nun,http://wals.info/languoid/lect/wals_code_nun,144B,144,Immed preverbal,Saul-and-Wilson-1980[ 44ff],
144B-sed,http://wals.info/languoid/lect/wals_code_sed,144B,144,Immed preverbal,Smith-1979[ 107-108],
144B-mns,http://wals.info/languoid/lect/wals_code_mns,144B,144,Immed preverbal,"Murphy-1968[ 140-142, 162];Honti-1988[ 163]",
144B-mna,http://wals.info/languoid/lect/wals_code_mna,144B,144,Immed preverbal,"van-den-Berg-1989b[ 43, 59, 207ff]",
144B-mup,http://wals.info/languoid/lect/wals_code_mup,144B,144,"End, not immed postverbal",Frajzyngier-1993[ 353],
144B-tin,http://wals.info/languoid/lect/wals_code_tin,144B,144,Immed preverbal,Osumi-1995[ 190],
144B-ava,http://wals.info/languoid/lect/wals_code_ava,144B,144,Immed postverbal,Bokarev-1949b[ 128],
144B-gbb,http://wals.info/languoid/lect/wals_code_gbb,144B,144,"End, not immed postverbal",Samarin-1966[ 83],
144B-ngz,http://wals.info/languoid/lect/wals_code_ngz,144B,144,"End, not immed postverbal","Schuh-1972[ 33, 237-238, 454-455]",
144B-poh,http://wals.info/languoid/lect/wals_code_poh,144B,144,Immed preverbal,Rehg-1981[ 326],
144B-kty,http://wals.info/languoid/lect/wals_code_kty,144B,144,Immed preverbal,Honti-1988[ 190],
144B-klm,http://wals.info/languoid/lect/wals_code_klm,144B,144,"Beginning, not immed preverbal",Gatschet-1890[ 642];Barker-1964[ 342],
144B-hat,http://wals.info/languoid/lect/wals_code_hat,144B,144,"End, not immed postverbal",Reesink-1999[ 96],
144B-mok,http://wals.info/languoid/lect/wals_code_mok,144B,144,Immed preverbal,Harrison-and-Albert-1976[ 187],
144B-qui,http://wals.info/languoid/lect/wals_code_qui,144B,144,Immed preverbal,Andrade-1933[ 268-269],
144B-tau,http://wals.info/languoid/lect/wals_code_tau,144B,144,Immed preverbal,MacDonald-1990[ 216],
144B-ijo,http://wals.info/languoid/lect/wals_code_ijo,144B,144,Immed postverbal,Williamson-1965[ 74],
144B-pal,http://wals.info/languoid/lect/wals_code_pal,144B,144,Immed preverbal,Josephs-1975[ 362ff],
144B-sam,http://wals.info/languoid/lect/wals_code_sam,144B,144,Immed preverbal,Marsack-1962[ 56],
144B-sel,http://wals.info/languoid/lect/wals_code_sel,144B,144,Immed postverbal,"Najlis-1973[ 8, 13]",
144B-kis,http://wals.info/languoid/lect/wals_code_kis,144B,144,"End, not immed postverbal","Childs-1995[ 125, 142, 220-222, 227, 260-261]",
144B-kon,http://wals.info/languoid/lect/wals_code_kon,144B,144,"End, not immed postverbal","Lumwamu-1973[ 213];Bentley-1887[ 607, 648]",
144B-lug,http://wals.info/languoid/lect/wals_code_lug,144B,144,"End, not immed postverbal",Crazzolara-1960[ 92-93];Barr-1965[ 22],
144B-maa,http://wals.info/languoid/lect/wals_code_maa,144B,144,Immed preverbal,Tucker-and-Mpaayei-1955[ 67],
144B-tsh,http://wals.info/languoid/lect/wals_code_tsh,144B,144,"Preverbal, not beginning or immed",Dayley-1989a[ 320-322],
144B-wel,http://wals.info/languoid/lect/wals_code_wel,144B,144,Immed preverbal,"Jones-and-Thomas-1977[ 7, 356];Thomas-1992a[ 274];Williams-1980b[ 72, 147]",
144B-yap,http://wals.info/languoid/lect/wals_code_yap,144B,144,Immed preverbal,"Jensen-1977a[ 203, passim]",
144B-iaa,http://wals.info/languoid/lect/wals_code_iaa,144B,144,Immed preverbal,Tryon-1968[ 56],
144B-tgk,http://wals.info/languoid/lect/wals_code_tgk,144B,144,Immed preverbal,Beaumont-1979[ 77],
144B-mhi,http://wals.info/languoid/lect/wals_code_mhi,144B,144,Immed postverbal,,
144B-pip,http://wals.info/languoid/lect/wals_code_pip,144B,144,Immed preverbal,Campbell-1985[ passim],
144B-tzu,http://wals.info/languoid/lect/wals_code_tzu,144B,144,Immed preverbal,"Dayley-1985[ 8, 244, 321]",
144B-die,http://wals.info/languoid/lect/wals_code_die,144B,144,Immed postverbal,Langdon-1970[ 182],
144B-pan,http://wals.info/languoid/lect/wals_code_pan,144B,144,Immed preverbal,"Gill-and-Gleason-1969[ 139];Gill-and-Gleason-1963[ 215-217, 221]",
144B-mrg,http://wals.info/languoid/lect/wals_code_mrg,144B,144,"End, not immed postverbal","Hoffmann-1963[ 169, 179, 228]",
144B-mac,http://wals.info/languoid/lect/wals_code_mac,144B,144,Immed postverbal,Abbott-1991[ 55],
144B-wlf,http://wals.info/languoid/lect/wals_code_wlf,144B,144,Immed preverbal,"Njie-1982[ 128-129, 147, 168]",
144B-dut,http://wals.info/languoid/lect/wals_code_dut,144B,144,"End, not immed postverbal",Shetter-1958[ passim],
144B-una,http://wals.info/languoid/lect/wals_code_una,144B,144,Immed preverbal,Louwerse-1988[ 88],
144B-dyi,http://wals.info/languoid/lect/wals_code_dyi,144B,144,Immed preverbal,Dixon-1972[ 121],
144B-haw,http://wals.info/languoid/lect/wals_code_haw,144B,144,Immed preverbal,Elbert-and-Pukui-1979[ 49],
144B-ita,http://wals.info/languoid/lect/wals_code_ita,144B,144,Immed preverbal,Sauer-1891[ 40];Maiden-and-Robustelli-2000[ 401],
144B-kch,http://wals.info/languoid/lect/wals_code_kch,144B,144,Immed preverbal,"Heath-1999b[ 125, 155]",
144B-ood,http://wals.info/languoid/lect/wals_code_ood,144B,144,Immed preverbal,Zepeda-1983[ 9],
144B-rom,http://wals.info/languoid/lect/wals_code_rom,144B,144,Immed preverbal,Mallinson-1986[ 134-135],
144B-bul,http://wals.info/languoid/lect/wals_code_bul,144B,144,Immed preverbal,Scatton-1984[ 377];Hubenova-et-al-1968[ 31],
144B-lah,http://wals.info/languoid/lect/wals_code_lah,144B,144,Immed preverbal,"Matisoff-1973[ 45, 265]",
144B-zun,http://wals.info/languoid/lect/wals_code_zun,144B,144,"Beginning, not immed preverbal","Nichols-1997b[ 10, 25]",
144B-krb,http://wals.info/languoid/lect/wals_code_krb,144B,144,Immed preverbal,Cowell-1951[ 8];Groves-et-al-1985[ 80-81],
144B-som,http://wals.info/languoid/lect/wals_code_som,144B,144,Immed preverbal,Kirk-1905[ 48-49];Saeed-1987[ 71],
144B-cnt,http://wals.info/languoid/lect/wals_code_cnt,144B,144,Immed preverbal,Matthews-and-Yip-1994[ 252-254];Cheung-1983[ 7],
144B-pol,http://wals.info/languoid/lect/wals_code_pol,144B,144,Immed preverbal,Bielec-1998[ 25-26],
144B-ker,http://wals.info/languoid/lect/wals_code_ker,144B,144,"End, not immed postverbal",Ebert-1979[ 222],
144B-tli,http://wals.info/languoid/lect/wals_code_tli,144B,144,Immed preverbal,Naish-1979[ 118-124],
144B-wam,http://wals.info/languoid/lect/wals_code_wam,144B,144,"Beginning, not immed preverbal",Nordlinger-1993[ 222],
144B-alb,http://wals.info/languoid/lect/wals_code_alb,144B,144,Immed preverbal,Newmark-1957[ 102];Newmark-et-al-1982[ 318],
144B-bam,http://wals.info/languoid/lect/wals_code_bam,144B,144,"Preverbal, not beginning or immed",Bird-et-al-1977[ 219],
144B-kyl,http://wals.info/languoid/lect/wals_code_kyl,144B,144,"End, not immed postverbal",Solnit-1986[ 329],
144B-mak,http://wals.info/languoid/lect/wals_code_mak,144B,144,Immed preverbal,,
144B-mku,http://wals.info/languoid/lect/wals_code_mku,144B,144,"Beginning, not immed preverbal",Tryon-1970b[ 53],
144B-mrl,http://wals.info/languoid/lect/wals_code_mrl,144B,144,Immed preverbal,Lyth-1971[ 49],
144B-baw,http://wals.info/languoid/lect/wals_code_baw,144B,144,Immed postverbal,Reichle-1981[ 54],
144B-wrd,http://wals.info/languoid/lect/wals_code_wrd,144B,144,Immed preverbal,Merlan-1994[ 300],
144B-hai,http://wals.info/languoid/lect/wals_code_hai,144B,144,"Beginning, not immed preverbal",Enrico-2003[ 219],
144B-usa,http://wals.info/languoid/lect/wals_code_usa,144B,144,Immed preverbal,Reesink-1987[ 276-285],
144B-pai,http://wals.info/languoid/lect/wals_code_pai,144B,144,Immed preverbal,Egli-1990[ 275],
144B-ung,http://wals.info/languoid/lect/wals_code_ung,144B,144,Immed preverbal,Rumsey-1982[ 167],
144B-dre,http://wals.info/languoid/lect/wals_code_dre,144B,144,Immed preverbal,Moyse-Faurie-1983[ 103],
144B-sml,http://wals.info/languoid/lect/wals_code_sml,144B,144,Immed preverbal,Kruspe-1999[ passim],
144B-yur,http://wals.info/languoid/lect/wals_code_yur,144B,144,Immed preverbal,"Robins-1958[ 96, 110]",
144B-dag,http://wals.info/languoid/lect/wals_code_dag,144B,144,Immed preverbal,"Murane-1974[ 112, 26]",
144B-otm,http://wals.info/languoid/lect/wals_code_otm,144B,144,Immed preverbal,"Hess-1968[ 27, 37]",
144B-nez,http://wals.info/languoid/lect/wals_code_nez,144B,144,"Beginning, not immed preverbal",Aoki-1979[ passim],
144B-cah,http://wals.info/languoid/lect/wals_code_cah,144B,144,Immed preverbal,Seiler-1977[ 200],
144B-cle,http://wals.info/languoid/lect/wals_code_cle,144B,144,Immed preverbal,"Rupp-1989[ 11, 32]",
144B-zqc,http://wals.info/languoid/lect/wals_code_zqc,144B,144,Immed preverbal,"Harrison-et-al-1981[ 430, 436, 436-439]",
144B-bkr,http://wals.info/languoid/lect/wals_code_bkr,144B,144,Immed preverbal,Woollams-1996[ 251],
144B-iri,http://wals.info/languoid/lect/wals_code_iri,144B,144,Immed preverbal,"Stenson-1981[ 32, 41, passim];O-Dochartaigh-1992[ 57]",
144B-squ,http://wals.info/languoid/lect/wals_code_squ,144B,144,Immed preverbal,Kuipers-1967[ 174],
144B-tru,http://wals.info/languoid/lect/wals_code_tru,144B,144,Immed postverbal,"Guirardello-1999a[ 233];Monod-Becquelin-1975[ 179, 199, 211]",
144B-dni,http://wals.info/languoid/lect/wals_code_dni,144B,144,Immed postverbal,Bromley-1981[ 321],
144B-nen,http://wals.info/languoid/lect/wals_code_nen,144B,144,Immed preverbal,Salminen-1998[ 543];Tereshchenko-1966a[ 389];Hajdu-1963[ 69],
144B-urk,http://wals.info/languoid/lect/wals_code_urk,144B,144,Immed postverbal,"Kakumasu-1986[ 357, 385]",
144B-cre,http://wals.info/languoid/lect/wals_code_cre,144B,144,Immed preverbal,Wolfart-1996[ 396],
144B-kse,http://wals.info/languoid/lect/wals_code_kse,144B,144,"Preverbal, not beginning or immed",Prost-1956[ passim],
144B-mun,http://wals.info/languoid/lect/wals_code_mun,144B,144,Immed preverbal,"Osada-1992[ 87-88, 137, 152];Sinha-1975[ 148, 156]",
144B-yid,http://wals.info/languoid/lect/wals_code_yid,144B,144,Immed preverbal,Dixon-1977a[ 372],
144B-tab,http://wals.info/languoid/lect/wals_code_tab,144B,144,"End, not immed postverbal",Bowden-1997a[ passim],
144B-arp,http://wals.info/languoid/lect/wals_code_arp,144B,144,Immed preverbal,Conrad-and-Wogiga-1991[ 99-101],
144B-ond,http://wals.info/languoid/lect/wals_code_ond,144B,144,Immed preverbal,,
144B-asm,http://wals.info/languoid/lect/wals_code_asm,144B,144,Immed postverbal,"Voorhoeve-1965[ 164-168, passim]",
144B-grb,http://wals.info/languoid/lect/wals_code_grb,144B,144,"Preverbal, not beginning or immed",Innes-1966[ 103],
144B-hmo,http://wals.info/languoid/lect/wals_code_hmo,144B,144,Immed preverbal,Lyman-1979[ passim],
144B-khs,http://wals.info/languoid/lect/wals_code_khs,144B,144,Immed preverbal,"Rabel-1961[ 61, 123]",
144B-khm,http://wals.info/languoid/lect/wals_code_khm,144B,144,Immed preverbal,Jacob-1968[ 60],
144B-kio,http://wals.info/languoid/lect/wals_code_kio,144B,144,"Beginning, not immed preverbal","Watkins-1984[ 176-178, 214-215]",
144B-wic,http://wals.info/languoid/lect/wals_code_wic,144B,144,"Beginning, not immed preverbal",Rood-1996[ 600];Rood-1976[ 157-158],
144B-juh,http://wals.info/languoid/lect/wals_code_juh,144B,144,Immed preverbal,"Snyman-1970[ 9, 154];Dickens-1992[ 1]",
144B-nug,http://wals.info/languoid/lect/wals_code_nug,144B,144,Immed preverbal,"Heath-1984[ 508, 531]",
144B-snm,http://wals.info/languoid/lect/wals_code_snm,144B,144,Immed postverbal,Borgman-1990[ 81-85],
144B-ket,http://wals.info/languoid/lect/wals_code_ket,144B,144,Immed preverbal,Dulzon-1968[ 576];Werner-1997a[ 336],
144B-luv,http://wals.info/languoid/lect/wals_code_luv,144B,144,"End, not immed postverbal","Horton-1949[ 127, 134]",
144B-san,http://wals.info/languoid/lect/wals_code_san,144B,144,"End, not immed postverbal",Samarin-1967b[ 148],
144B-bag,http://wals.info/languoid/lect/wals_code_bag,144B,144,"End, not immed postverbal","Stevenson-1969[ 83, 91-92]",
144B-mau,http://wals.info/languoid/lect/wals_code_mau,144B,144,Immed preverbal,Capell-and-Hinch-1970[ 67],
144B-kfe,http://wals.info/languoid/lect/wals_code_kfe,144B,144,Immed preverbal,Rennison-1997[ 98],
144B-wch,http://wals.info/languoid/lect/wals_code_wch,144B,144,Immed preverbal,"Vinas-Urquiza-1974[ 103, passim, 148];Tovar-1981[ 222]",
144B-yag,http://wals.info/languoid/lect/wals_code_yag,144B,144,Immed preverbal,Payne-1990a[ 64],
144B-awp,http://wals.info/languoid/lect/wals_code_awp,144B,144,Immed preverbal,"Curnow-1997[ 332, 334]",
144B-ala,http://wals.info/languoid/lect/wals_code_ala,144B,144,Immed preverbal,Bruce-1984[ 192-193],
144B-goo,http://wals.info/languoid/lect/wals_code_goo,144B,144,Immed preverbal,"McGregor-1990[ 366-371, 488-490]",
144B-kut,http://wals.info/languoid/lect/wals_code_kut,144B,144,Immed preverbal,,
144B-mxc,http://wals.info/languoid/lect/wals_code_mxc,144B,144,Immed preverbal,"Macaulay-1996[ 119, 146]",
144B-lav,http://wals.info/languoid/lect/wals_code_lav,144B,144,Immed postverbal,"Terrill-1999[ 413ff, 17.2, 417, 17.2.4]",
144B-rap,http://wals.info/languoid/lect/wals_code_rap,144B,144,Immed preverbal,Du-Feu-1996[ 89-91],
144B-ain,http://wals.info/languoid/lect/wals_code_ain,144B,144,Immed preverbal,Refsing-1986[ 137];Dettmer-1989[ 913];Shibatani-1990[ 24],
144B-jak,http://wals.info/languoid/lect/wals_code_jak,144B,144,Immed preverbal,Craig-1977[ 26];Day-1973[ 80],
144B-lkt,http://wals.info/languoid/lect/wals_code_lkt,144B,144,Immed postverbal,Boas-and-Deloria-1941[ 104];Buechel-1939[ 352];Rood-and-Taylor-1996[ 474],
144B-mrt,http://wals.info/languoid/lect/wals_code_mrt,144B,144,Immed preverbal,Dench-1995[ 178],
144B-war,http://wals.info/languoid/lect/wals_code_war,144B,144,Immed preverbal,"Everett-and-Kern-1997[ 40, 44, 52, 142, 172ff]",
144B-kho,http://wals.info/languoid/lect/wals_code_kho,144B,144,Immed postverbal,"Hagman-1977[ 88, 112]",
144B-ngi,http://wals.info/languoid/lect/wals_code_ngi,144B,144,"Beginning, not immed preverbal",Donaldson-1980[ 239],
144B-brm,http://wals.info/languoid/lect/wals_code_brm,144B,144,Immed postverbal,Soe-1999[ 144-145];Cornyn-and-Roop-1968[ 44];Okell-1969[ passim],
144B-myi,http://wals.info/languoid/lect/wals_code_myi,144B,144,Immed preverbal,"Merlan-1982[ 36, 124, 146]",
144B-tiw,http://wals.info/languoid/lect/wals_code_tiw,144B,144,Immed preverbal,Osborne-1974[ 68-69],
144B-yor,http://wals.info/languoid/lect/wals_code_yor,144B,144,Immed preverbal,Bamgbose-1966[ 72];Ogunbowale-1970[ 62-63];Rowlands-1969[ 13],
144B-may,http://wals.info/languoid/lect/wals_code_may,144B,144,"End, not immed postverbal","Dol-1999[ 127, 187]",
144B-tuk,http://wals.info/languoid/lect/wals_code_tuk,144B,144,Immed preverbal,"Donohue-1999a[ 176, 448]",
144B-cha,http://wals.info/languoid/lect/wals_code_cha,144B,144,Immed preverbal,Topping-1973[ passim],
144B-fij,http://wals.info/languoid/lect/wals_code_fij,144B,144,Immed preverbal,Dixon-1988[ 40],
144B-heb,http://wals.info/languoid/lect/wals_code_heb,144B,144,Immed preverbal,Glinert-1989[ 294-295],
144B-lan,http://wals.info/languoid/lect/wals_code_lan,144B,144,Immed preverbal,Noonan-1992[ 122],
144B-tha,http://wals.info/languoid/lect/wals_code_tha,144B,144,Immed preverbal,Anthony-et-al-1968[ 14],
144B-yaq,http://wals.info/languoid/lect/wals_code_yaq,144B,144,"Preverbal, not beginning or immed",Lindenfeld-1973[ 31],
144B-sla,http://wals.info/languoid/lect/wals_code_sla,144B,144,Immed postverbal,"Rice-1989[ 1101, 1103]",
144B-aeg,http://wals.info/languoid/lect/wals_code_aeg,144B,144,Immed preverbal,Gary-and-Gamal-Eldin-1982[ 38],
144B-vie,http://wals.info/languoid/lect/wals_code_vie,144B,144,Immed preverbal,Vuong-Gia-Thuy-1975[ 110?],
144B-hin,http://wals.info/languoid/lect/wals_code_hin,144B,144,Immed preverbal,"McGregor-1977[ 18, 58]",
144B-ckr,http://wals.info/languoid/lect/wals_code_ckr,144B,144,Immed postverbal,Popjes-and-Popjes-1986[ 160],
144B-tag,http://wals.info/languoid/lect/wals_code_tag,144B,144,Immed preverbal,Schachter-and-Otanes-1972[ 517],
144B-geo,http://wals.info/languoid/lect/wals_code_geo,144B,144,Immed preverbal,Vogt-1971[ 224],
144B-mal,http://wals.info/languoid/lect/wals_code_mal,144B,144,Immed preverbal,Domenichini-Ramiaramanana-1977[ 92];Dez-1990[ 165],
144B-sup,http://wals.info/languoid/lect/wals_code_sup,144B,144,Immed postverbal,Carlson-1994[ 376],
144B-hau,http://wals.info/languoid/lect/wals_code_hau,144B,144,Immed preverbal,"Migeod-1914[ 179];Kraft-and-Kirk-Greene-1973[ 37];Newman-2000[ 357ff];Kraft-1963[ Vol. 1:125, 132-134, 149]",
144B-mao,http://wals.info/languoid/lect/wals_code_mao,144B,144,"Beginning, not immed preverbal",Bauer-1993[ 139],
144B-bsq,http://wals.info/languoid/lect/wals_code_bsq,144B,144,Immed preverbal,Lafitte-1962[ 48-49],
144B-eve,http://wals.info/languoid/lect/wals_code_eve,144B,144,Immed preverbal,"Nedjalkov-1997[ 97, 269]",
144B-kor,http://wals.info/languoid/lect/wals_code_kor,144B,144,Immed preverbal,,
144B-ger,http://wals.info/languoid/lect/wals_code_ger,144B,144,"End, not immed postverbal",Lederer-1969[ 583],
144B-grk,http://wals.info/languoid/lect/wals_code_grk,144B,144,Immed preverbal,Mackridge-1985[ 243-244],
144B-mnd,http://wals.info/languoid/lect/wals_code_mnd,144B,144,Immed preverbal,,
144B-hun,http://wals.info/languoid/lect/wals_code_hun,144B,144,Immed preverbal,Kiefer-1967[ 188];Kenesei-et-al-1998[ 112-113],
144B-ind,http://wals.info/languoid/lect/wals_code_ind,144B,144,Immed preverbal,Macdonald-1976[ 99],
144B-fin,http://wals.info/languoid/lect/wals_code_fin,144B,144,Immed preverbal,Sulkala-and-Karjalainen-1992[ 115-116],
144B-rus,http://wals.info/languoid/lect/wals_code_rus,144B,144,Immed preverbal,Launer-1974[ 36],
144B-spa,http://wals.info/languoid/lect/wals_code_spa,144B,144,Immed preverbal,,
144B-fre,http://wals.info/languoid/lect/wals_code_fre,144B,144,Immed postverbal,,
144B-eng,http://wals.info/languoid/lect/wals_code_eng,144B,144,Immed preverbal,,
144B-hlu,http://wals.info/languoid/lect/wals_code_hlu,144B,144,Immed preverbal,Galloway-1993[ 185],
144B-wec,http://wals.info/languoid/lect/wals_code_wec,144B,144,"Postverbal, not immed or end",Watkins-1993[ 336],
144B-wna,http://wals.info/languoid/lect/wals_code_wna,144B,144,Immed postverbal,Nikitina-2008[ passim],
144B-ncm,http://wals.info/languoid/lect/wals_code_ncm,144B,144,Immed preverbal,Cox-1998[ 109],
144B-myg,http://wals.info/languoid/lect/wals_code_myg,144B,144,"End, not immed postverbal",Sawka-2001[ 102],
144B-mdw,http://wals.info/languoid/lect/wals_code_mdw,144B,144,Immed postverbal,Amboulou-1998[312],
144B-kwy,http://wals.info/languoid/lect/wals_code_kwy,144B,144,"End, not immed postverbal","Mingas-1994[ 258, 260-261]",
144B-tsk,http://wals.info/languoid/lect/wals_code_tsk,144B,144,Immed preverbal,"Heath-2005[ 309, 335, 587]",
144B-hna,http://wals.info/languoid/lect/wals_code_hna,144B,144,"End, not immed postverbal",Frajzyngier-and-Johnston-2005[ 261],
144B-sid,http://wals.info/languoid/lect/wals_code_sid,144B,144,Immed preverbal,Kawachi-2007[ 286],
144B-arj,http://wals.info/languoid/lect/wals_code_arj,144B,144,Immed preverbal,,
144B-ksn,http://wals.info/languoid/lect/wals_code_ksn,144B,144,Immed preverbal,Sunee-2003[ 168],
144B-lic,http://wals.info/languoid/lect/wals_code_lic,144B,144,Immed preverbal,Ostapirat-2008[ 647],
144B-agd,http://wals.info/languoid/lect/wals_code_agd,144B,144,Immed preverbal,Robinson-2008[ 221],
144B-lab,http://wals.info/languoid/lect/wals_code_lab,144B,144,"End, not immed postverbal",Siegel-1984[ 111],
144B-ndr,http://wals.info/languoid/lect/wals_code_ndr,144B,144,Immed preverbal,Geraghty-2002[ 845],
144B-mxe,http://wals.info/languoid/lect/wals_code_mxe,144B,144,Immed postverbal,,
144B-mkj,http://wals.info/languoid/lect/wals_code_mkj,144B,144,Immed preverbal,Huber-2008[ passim],
144B-abv,http://wals.info/languoid/lect/wals_code_abv,144B,144,Immed postverbal,Kratochvil-2007[ 277],
144B-adg,http://wals.info/languoid/lect/wals_code_adg,144B,144,Immed postverbal,"Haan-2001[ 73-74, 220]",
144B-brp,http://wals.info/languoid/lect/wals_code_brp,144B,144,"Preverbal, not beginning or immed","Corris-2005[127, 298]",
144B-kwt,http://wals.info/languoid/lect/wals_code_kwt,144B,144,"Preverbal, not beginning or immed","Spencer-2008[ 107, 124, 131, 132, 150]",
144B-urt,http://wals.info/languoid/lect/wals_code_urt,144B,144,Immed preverbal,Sposato-2008[18],
144B-xbi,http://wals.info/languoid/lect/wals_code_xbi,144B,144,Immed preverbal,Yi-2008[ 23],
144B-kmz,http://wals.info/languoid/lect/wals_code_kmz,144B,144,Immed postverbal,Sanders-and-Sanders-1994[ 19],
144B-inn,http://wals.info/languoid/lect/wals_code_inn,144B,144,"Beginning, not immed preverbal",Breen-2004[47],
144B-msq,http://wals.info/languoid/lect/wals_code_msq,144B,144,Immed preverbal,Suttles-2004[ 118ff],
144B-tee,http://wals.info/languoid/lect/wals_code_tee,144B,144,Immed preverbal,Kung-2007[ 578ff],
144B-qum,http://wals.info/languoid/lect/wals_code_qum,144B,144,Immed preverbal,Barrett-1999[ 252-255],
144B-cpy,http://wals.info/languoid/lect/wals_code_cpy,144B,144,"Beginning, not immed preverbal",Cerron-Palomino-2006[ 241],
144B-huc,http://wals.info/languoid/lect/wals_code_huc,144B,144,Immed preverbal,Anonymous-6[passim],
144B-ndy,http://wals.info/languoid/lect/wals_code_ndy,144B,144,Immed preverbal,Huttar-and-Huttar-1994[ passim],
144B-nbm,http://wals.info/languoid/lect/wals_code_nbm,144B,144,"End, not immed postverbal",Thomas-1963[ 245],
