ID,Language_ID,Parameter_ID,Contribution_ID,Value,Source,Comment
64A-nif,http://wals.info/languoid/lect/wals_code_nif,64A,64,Identity,"Early-2002[854, 863]",
64A-mrq,http://wals.info/languoid/lect/wals_code_mrq,64A,64,Differentiation,"Lynch-2002a[870, 876]",
64A-tmm,http://wals.info/languoid/lect/wals_code_tmm,64A,64,Differentiation,"Jauncey-2002[614, 624]",
64A-tst,http://wals.info/languoid/lect/wals_code_tst,64A,64,Differentiation,,
64A-dug,http://wals.info/languoid/lect/wals_code_dug,64A,64,Identity,Amborn-et-al-1980[122],
64A-hoa,http://wals.info/languoid/lect/wals_code_hoa,64A,64,Differentiation,"Davis-2003[108-9, 259-62]",
64A-ski,http://wals.info/languoid/lect/wals_code_ski,64A,64,Identity,Kert-1971[266-7],
64A-tis,http://wals.info/languoid/lect/wals_code_tis,64A,64,Identity,,
64A-cyg,http://wals.info/languoid/lect/wals_code_cyg,64A,64,Differentiation,Mithun-1988a[341-2],
64A-uku,http://wals.info/languoid/lect/wals_code_uku,64A,64,Differentiation,Kibrik-2004,
64A-zaq,http://wals.info/languoid/lect/wals_code_zaq,64A,64,Identity,"Black-2000[28-9, 56, 258]",
64A-boz,http://wals.info/languoid/lect/wals_code_boz,64A,64,Identity,Blecke-1996[168-9],
64A-mbo,http://wals.info/languoid/lect/wals_code_mbo,64A,64,Identity,Vormann-and-Scharfenberger-1914[42-3],
64A-nmi,http://wals.info/languoid/lect/wals_code_nmi,64A,64,Identity,Wolgemuth-2002,
64A-pop,http://wals.info/languoid/lect/wals_code_pop,64A,64,Identity,"Veerman-Leichsenring-1991[76, 78, 93, 300]",
64A-mid,http://wals.info/languoid/lect/wals_code_mid,64A,64,Differentiation,Werner-1993[62-3],
64A-uli,http://wals.info/languoid/lect/wals_code_uli,64A,64,Identity,"Lynch-2002b[797, 802]",
64A-cch,http://wals.info/languoid/lect/wals_code_cch,64A,64,Differentiation,Veerman-Leichsenring-2000[77],
64A-nel,http://wals.info/languoid/lect/wals_code_nel,64A,64,Identity,Bril-2004,
64A-sea,http://wals.info/languoid/lect/wals_code_sea,64A,64,Differentiation,Crowley-2002b,
64A-mdr,http://wals.info/languoid/lect/wals_code_mdr,64A,64,Identity,"Davies-1999[23, 37, 39, 43]",
64A-tho,http://wals.info/languoid/lect/wals_code_tho,64A,64,Identity,Thompson-et-al-1996[636],
64A-dhi,http://wals.info/languoid/lect/wals_code_dhi,64A,64,Differentiation,Cain-and-Gair-2000[34-5],
64A-kuk,http://wals.info/languoid/lect/wals_code_kuk,64A,64,Identity,Cohen-2000,
64A-bkt,http://wals.info/languoid/lect/wals_code_bkt,64A,64,Differentiation,Sharma-1998[118],
64A-coa,http://wals.info/languoid/lect/wals_code_coa,64A,64,Identity,Troike-1996[663],
64A-gol,http://wals.info/languoid/lect/wals_code_gol,64A,64,Identity,"Koroma-1994[64-5, 77, 87, 191, 193]",
64A-laz,http://wals.info/languoid/lect/wals_code_laz,64A,64,Identity,"Kutscher-2001[38, 205]",
64A-fon,http://wals.info/languoid/lect/wals_code_fon,64A,64,Differentiation,"Lefebvre-and-Brousseau-2002[56, 113-4]",
64A-itz,http://wals.info/languoid/lect/wals_code_itz,64A,64,Identity,Hofling-2000[448],
64A-mus,http://wals.info/languoid/lect/wals_code_mus,64A,64,Identity,"Ross-2002b[156, 165]",
64A-nse,http://wals.info/languoid/lect/wals_code_nse,64A,64,Differentiation,Miti-2001[153-5],
64A-tik,http://wals.info/languoid/lect/wals_code_tik,64A,64,Identity,"Stanley-1991[235, 481-3]",
64A-ywr,http://wals.info/languoid/lect/wals_code_ywr,64A,64,Identity,"Hosokawa-1991[468, 470]",
64A-deg,http://wals.info/languoid/lect/wals_code_deg,64A,64,Differentiation,Kari-1997[52-3],
64A-grg,http://wals.info/languoid/lect/wals_code_grg,64A,64,Identity,"Green-1995[79, 293]",
64A-mle,http://wals.info/languoid/lect/wals_code_mle,64A,64,Differentiation,Amha-2001[62],
64A-taf,http://wals.info/languoid/lect/wals_code_taf,64A,64,Identity,"Ross-2002g[430, 438]",
64A-vaf,http://wals.info/languoid/lect/wals_code_vaf,64A,64,Identity,Stilo-2004,
64A-dja,http://wals.info/languoid/lect/wals_code_dja,64A,64,Differentiation,"Patz-1991[270, 280, 305, 307]",
64A-kpw,http://wals.info/languoid/lect/wals_code_kpw,64A,64,Identity,"Kato-2003[635, 637]",
64A-kat,http://wals.info/languoid/lect/wals_code_kat,64A,64,Identity,"Pilhofer-1933[130-1, 181]",
64A-myr,http://wals.info/languoid/lect/wals_code_myr,64A,64,Both expressed by juxtaposition,"Fleck-2003[802, 805]",
64A-sgu,http://wals.info/languoid/lect/wals_code_sgu,64A,64,Differentiation,"Idiata-1998[75-6, 83]",
64A-sir,http://wals.info/languoid/lect/wals_code_sir,64A,64,Identity,"Ross-2002f[418, 424]",
64A-sud,http://wals.info/languoid/lect/wals_code_sud,64A,64,Identity,"Anderson-and-Ross-2002[330, 345]",
64A-tao,http://wals.info/languoid/lect/wals_code_tao,64A,64,Differentiation,Singh-2002[84-5],
64A-tig,http://wals.info/languoid/lect/wals_code_tig,64A,64,Differentiation,Kogan-1997[442-3],
64A-tgn,http://wals.info/languoid/lect/wals_code_tgn,64A,64,Identity,Hinton-1991[129-31],
64A-bus,http://wals.info/languoid/lect/wals_code_bus,64A,64,Differentiation,Jones-1998b[296f.],
64A-dha,http://wals.info/languoid/lect/wals_code_dha,64A,64,Differentiation,Tosco-2001[295-7],
64A-gnb,http://wals.info/languoid/lect/wals_code_gnb,64A,64,Identity,Harris-1969b[23],
64A-bvi,http://wals.info/languoid/lect/wals_code_bvi,64A,64,Differentiation,Ross-2002c[370],
64A-gap,http://wals.info/languoid/lect/wals_code_gap,64A,64,Identity,"McGuckin-2002[303, 318]",
64A-mbi,http://wals.info/languoid/lect/wals_code_mbi,64A,64,Differentiation,"Ayuninjam-1998[330, 377-8]",
64A-nag,http://wals.info/languoid/lect/wals_code_nag,64A,64,Differentiation,"Campbell-and-Campbell-1987[31, 64]",
64A-aml,http://wals.info/languoid/lect/wals_code_aml,64A,64,Identity,"Hyslop-2001[425-6, 431-2]",
64A-bnn,http://wals.info/languoid/lect/wals_code_bnn,64A,64,Differentiation,Lynch-and-Ross-2002[445],
64A-qia,http://wals.info/languoid/lect/wals_code_qia,64A,64,Identity,,
64A-sho,http://wals.info/languoid/lect/wals_code_sho,64A,64,Differentiation,Miller-1996b[717],
64A-alk,http://wals.info/languoid/lect/wals_code_alk,64A,64,Identity,DJernes-2002,
64A-aga,http://wals.info/languoid/lect/wals_code_aga,64A,64,Differentiation,"Goddard-1980[54-5, 68ff.]",
64A-bdm,http://wals.info/languoid/lect/wals_code_bdm,64A,64,Differentiation,"Dunn-1988[75-6, 122-3]",
64A-bum,http://wals.info/languoid/lect/wals_code_bum,64A,64,Identity,Tryon-2002[576],
64A-drg,http://wals.info/languoid/lect/wals_code_drg,64A,64,Identity,van-den-Berg-2004,
64A-jam,http://wals.info/languoid/lect/wals_code_jam,64A,64,Both expressed by juxtaposition,Schultze-Berndt-2000[52],
64A-nha,http://wals.info/languoid/lect/wals_code_nha,64A,64,Both expressed by juxtaposition,Blevins-2001,
64A-tlo,http://wals.info/languoid/lect/wals_code_tlo,64A,64,Identity,"Holton-2003[24, 30, 50, 62]",
64A-nwd,http://wals.info/languoid/lect/wals_code_nwd,64A,64,Differentiation,"Genetti-1994[46, 50, 90]",
64A-wal,http://wals.info/languoid/lect/wals_code_wal,64A,64,Identity,,
64A-zch,http://wals.info/languoid/lect/wals_code_zch,64A,64,Identity,"Johnson-2000[262, 279, 289]",
64A-lgu,http://wals.info/languoid/lect/wals_code_lgu,64A,64,Identity,"Hill-1994;Hill-2002[545, 557-8]",
64A-ndb,http://wals.info/languoid/lect/wals_code_ndb,64A,64,Identity,Bowern-and-Lotridge-2002[63-5],
64A-qaf,http://wals.info/languoid/lect/wals_code_qaf,64A,64,Differentiation,Bliese-1981[62-8],
64A-bak,http://wals.info/languoid/lect/wals_code_bak,64A,64,Differentiation,"Kilian-Hatz-1995[28, 120ff., 137, 139, 293]",
64A-krw,http://wals.info/languoid/lect/wals_code_krw,64A,64,Identity,"van-Enk-and-de-Vries-1997[72, 78, 80-2]",
64A-lmg,http://wals.info/languoid/lect/wals_code_lmg,64A,64,Differentiation,Wolff-1983,
64A-lil,http://wals.info/languoid/lect/wals_code_lil,64A,64,Differentiation,"van-Eijk-1997[182, 187]",
64A-nab,http://wals.info/languoid/lect/wals_code_nab,64A,64,Identity,"Fabian-et-al-1998[73f., 84, 88f., 137ff., 143]",
64A-ndj,http://wals.info/languoid/lect/wals_code_ndj,64A,64,Identity,McKay-2000[307],
64A-mgu,http://wals.info/languoid/lect/wals_code_mgu,64A,64,Differentiation,"Meyer-Bahlburg-1972[158, 218]",
64A-pul,http://wals.info/languoid/lect/wals_code_pul,64A,64,Identity,Elbert-1974[82-3],
64A-tps,http://wals.info/languoid/lect/wals_code_tps,64A,64,Identity,"Willett-1991[57, 216-7]",
64A-ywl,http://wals.info/languoid/lect/wals_code_ywl,64A,64,Identity,Newman-1946[245],
64A-guj,http://wals.info/languoid/lect/wals_code_guj,64A,64,Identity,Cardona-and-Suthar-2003[689],
64A-krr,http://wals.info/languoid/lect/wals_code_krr,64A,64,Differentiation,Ross-2002a[215],
64A-knc,http://wals.info/languoid/lect/wals_code_knc,64A,64,Both expressed by juxtaposition,Smith-and-Johnson-2000[434],
64A-cic,http://wals.info/languoid/lect/wals_code_cic,64A,64,Identity,"Bentley-and-Kulemeka-2001[39, 46]",
64A-tvl,http://wals.info/languoid/lect/wals_code_tvl,64A,64,Differentiation,Besnier-2000,
64A-pec,http://wals.info/languoid/lect/wals_code_pec,64A,64,Differentiation,Holt-1999b[67-8],
64A-bud,http://wals.info/languoid/lect/wals_code_bud,64A,64,Differentiation,Awagana-2001[147-9],
64A-kku,http://wals.info/languoid/lect/wals_code_kku,64A,64,Identity,"Nagaraja-1999[93, 95, 101]",
64A-nsg,http://wals.info/languoid/lect/wals_code_nsg,64A,64,Differentiation,Tarpent-1987[449-54],
64A-jab,http://wals.info/languoid/lect/wals_code_jab,64A,64,Identity,"Ross-2002e[279, 294]",
64A-kma,http://wals.info/languoid/lect/wals_code_kma,64A,64,Differentiation,"Seki-2000[239, 245]",
64A-kuo,http://wals.info/languoid/lect/wals_code_kuo,64A,64,Identity,,
64A-txj,http://wals.info/languoid/lect/wals_code_txj,64A,64,Identity,Reid-1991[77],
64A-mad,http://wals.info/languoid/lect/wals_code_mad,64A,64,Differentiation,Blackings-and-Fabb-2003[335-42],
64A-obo,http://wals.info/languoid/lect/wals_code_obo,64A,64,Identity,"Faraclas-1984[7-8, 31, 96, 109]",
64A-udm,http://wals.info/languoid/lect/wals_code_udm,64A,64,Identity,Perevoshchikov-1962[325];Vaxrushev-1970[11-14],
64A-kmh,http://wals.info/languoid/lect/wals_code_kmh,64A,64,Identity,"Watters-2002[197-9, 345-6]",
64A-kol,http://wals.info/languoid/lect/wals_code_kol,64A,64,Identity,Subrahmanyam-1998[321],
64A-moh,http://wals.info/languoid/lect/wals_code_moh,64A,64,Identity,Mithun-1988a[347-50],
64A-mos,http://wals.info/languoid/lect/wals_code_mos,64A,64,Identity,Sakel-2002a[317-9],
64A-nua,http://wals.info/languoid/lect/wals_code_nua,64A,64,Identity,"Bolton-1990[51-2, 58-9, 79-80, 147]",
64A-nia,http://wals.info/languoid/lect/wals_code_nia,64A,64,Identity,"Brown-2001[165ff., 168f.]",
64A-rot,http://wals.info/languoid/lect/wals_code_rot,64A,64,Identity,"Schmidt-2002[823, 832]",
64A-kam,http://wals.info/languoid/lect/wals_code_kam,64A,64,Identity,Klamer-1998[296-7],
64A-mai,http://wals.info/languoid/lect/wals_code_mai,64A,64,Identity,Yadav-2003[494],
64A-syu,http://wals.info/languoid/lect/wals_code_syu,64A,64,Differentiation,"Irwin-1974[36, 44]",
64A-kmb,http://wals.info/languoid/lect/wals_code_kmb,64A,64,Differentiation,"de-Vries-1993[46, 48, 56-7]",
64A-niu,http://wals.info/languoid/lect/wals_code_niu,64A,64,Identity,"Seiter-1980[37, 84-5]",
64A-pno,http://wals.info/languoid/lect/wals_code_pno,64A,64,Differentiation,Snapp-et-al-1982[77-79],
64A-aly,http://wals.info/languoid/lect/wals_code_aly,64A,64,Differentiation,"Yallop-1977[83, 105-6]",
64A-kan,http://wals.info/languoid/lect/wals_code_kan,64A,64,Differentiation,"Ikoro-1996[120, 123, 260, 264]",
64A-per,http://wals.info/languoid/lect/wals_code_per,64A,64,Differentiation,"Frajzyngier-1989[151-6, 236]",
64A-cmh,http://wals.info/languoid/lect/wals_code_cmh,64A,64,Differentiation,Press-1979[102-6],
64A-ewo,http://wals.info/languoid/lect/wals_code_ewo,64A,64,Differentiation,"Redden-1979[157, 172]",
64A-chc,http://wals.info/languoid/lect/wals_code_chc,64A,64,Identity,Jeschull-2004,
64A-err,http://wals.info/languoid/lect/wals_code_err,64A,64,Identity,"Crowley-1998a[182-3, 247, 279]",
64A-mby,http://wals.info/languoid/lect/wals_code_mby,64A,64,Differentiation,Keegan-1997[131-2],
64A-sno,http://wals.info/languoid/lect/wals_code_sno,64A,64,Identity,Sammallahti-1998b[104-5],
64A-skp,http://wals.info/languoid/lect/wals_code_skp,64A,64,Identity,"Kuznecova-et-al-1980[307, 325-6]",
64A-bbw,http://wals.info/languoid/lect/wals_code_bbw,64A,64,Identity,"Evans-2003[248, 649]",
64A-kgu,http://wals.info/languoid/lect/wals_code_kgu,64A,64,Identity,"Blake-1979b[95, 110, 112]",
64A-lai,http://wals.info/languoid/lect/wals_code_lai,64A,64,Differentiation,Peterson-and-VanBik-2004,
64A-udh,http://wals.info/languoid/lect/wals_code_udh,64A,64,Identity,"Nikolaeva-and-Tolskaya-2001[647, 650-1, 654]",
64A-cop,http://wals.info/languoid/lect/wals_code_cop,64A,64,Differentiation,"Lambdin-1983[3, 27]",
64A-dgb,http://wals.info/languoid/lect/wals_code_dgb,64A,64,Differentiation,Olawsky-1999[44],
64A-trb,http://wals.info/languoid/lect/wals_code_trb,64A,64,Differentiation,"Quesada-2000[99, 159-60]",
64A-ara,http://wals.info/languoid/lect/wals_code_ara,64A,64,Identity,Pet-1987[86-7],
64A-mgg,http://wals.info/languoid/lect/wals_code_mgg,64A,64,Differentiation,"Slater-2003[110, 284-5]",
64A-oji,http://wals.info/languoid/lect/wals_code_oji,64A,64,Identity,"Valentine-2001[568, 963ff., 996, 998]",
64A-kwa,http://wals.info/languoid/lect/wals_code_kwa,64A,64,Identity,"Keesing-1985[32, 116, 195]",
64A-lel,http://wals.info/languoid/lect/wals_code_lel,64A,64,Differentiation,"Frajzyngier-2001[96-7, 341-3]",
64A-so,http://wals.info/languoid/lect/wals_code_so,64A,64,Differentiation,"Carlin-1993[48, 89, 147]",
64A-nmb,http://wals.info/languoid/lect/wals_code_nmb,64A,64,Identity,Kroeker-2001[16-7],
64A-siu,http://wals.info/languoid/lect/wals_code_siu,64A,64,Identity,Frachtenberg-1922b[592],
64A-sun,http://wals.info/languoid/lect/wals_code_sun,64A,64,Identity,Muller-Gotama-2001[41-2],
64A-abu,http://wals.info/languoid/lect/wals_code_abu,64A,64,Identity,"Berry-and-Berry-1999[95-97, 213]",
64A-bab,http://wals.info/languoid/lect/wals_code_bab,64A,64,Differentiation,"Schaub-1985[78, 84]",
64A-doy,http://wals.info/languoid/lect/wals_code_doy,64A,64,Differentiation,"Wiering-and-Wiering-1994[152, 171, 213-4, 219, 221]",
64A-mam,http://wals.info/languoid/lect/wals_code_mam,64A,64,Identity,"England-1983[89, 185, 255]",
64A-ttn,http://wals.info/languoid/lect/wals_code_ttn,64A,64,Identity,"van-Klinken-1999[156-7, 301-2]",
64A-tid,http://wals.info/languoid/lect/wals_code_tid,64A,64,Identity,"van-Staden-2000[110, 116, 118, 172-3]",
64A-pae,http://wals.info/languoid/lect/wals_code_pae,64A,64,Differentiation,"Jung-1989[281, 288]",
64A-mup,http://wals.info/languoid/lect/wals_code_mup,64A,64,Differentiation,Frajzyngier-1993[163-4],
64A-ngl,http://wals.info/languoid/lect/wals_code_ngl,64A,64,Identity,"Merlan-1983[81, 148]",
64A-tin,http://wals.info/languoid/lect/wals_code_tin,64A,64,Identity,Osumi-1995[258],
64A-miy,http://wals.info/languoid/lect/wals_code_miy,64A,64,Differentiation,Schuh-1998[276],
64A-kty,http://wals.info/languoid/lect/wals_code_kty,64A,64,Differentiation,Nikolaeva-1999[44],
64A-mym,http://wals.info/languoid/lect/wals_code_mym,64A,64,Identity,"Asher-and-Kumari-1997[133, 135, 142]",
64A-nep,http://wals.info/languoid/lect/wals_code_nep,64A,64,Identity,Riccardi-2003[558],
64A-hat,http://wals.info/languoid/lect/wals_code_hat,64A,64,Differentiation,Reesink-1999[44],
64A-ret,http://wals.info/languoid/lect/wals_code_ret,64A,64,Differentiation,"Strom-1992[39-40, 64, 143]",
64A-tau,http://wals.info/languoid/lect/wals_code_tau,64A,64,Differentiation,"MacDonald-1990[135, 137, 219]",
64A-pal,http://wals.info/languoid/lect/wals_code_pal,64A,64,Identity,"Josephs-1975[484-5, 490]",
64A-lug,http://wals.info/languoid/lect/wals_code_lug,64A,64,Differentiation,Crazzolara-1960[100-1],
64A-mhi,http://wals.info/languoid/lect/wals_code_mhi,64A,64,Identity,"Pandharipande-1997[159, 164]",
64A-tzu,http://wals.info/languoid/lect/wals_code_tzu,64A,64,Identity,"Dayley-1985[154, 224, 359ff.]",
64A-amp,http://wals.info/languoid/lect/wals_code_amp,64A,64,Both expressed by juxtaposition,Wilkins-1989[368],
64A-lak,http://wals.info/languoid/lect/wals_code_lak,64A,64,Identity,Zhirkov-1955[132],
64A-ham,http://wals.info/languoid/lect/wals_code_ham,64A,64,Differentiation,"Oates-and-Oates-1968[74, 91-5]",
64A-wlf,http://wals.info/languoid/lect/wals_code_wlf,64A,64,Differentiation,"Njie-1982[277, 279]",
64A-ace,http://wals.info/languoid/lect/wals_code_ace,64A,64,Identity,Durie-1985[260],
64A-kas,http://wals.info/languoid/lect/wals_code_kas,64A,64,Identity,"Wali-and-Koul-1997[104, 108]",
64A-pur,http://wals.info/languoid/lect/wals_code_pur,64A,64,Identity,"Chamereau-2000[76, 96, 146ff., 247-8]",
64A-haw,http://wals.info/languoid/lect/wals_code_haw,64A,64,Identity,Hawkins-1982[133],
64A-ita,http://wals.info/languoid/lect/wals_code_ita,64A,64,Identity,,
64A-ood,http://wals.info/languoid/lect/wals_code_ood,64A,64,Identity,Saxton-1982[239-41],
64A-tml,http://wals.info/languoid/lect/wals_code_tml,64A,64,Differentiation,Asher-1985[67-76],
64A-zun,http://wals.info/languoid/lect/wals_code_zun,64A,64,Differentiation,Newman-1996[501-2],
64A-snt,http://wals.info/languoid/lect/wals_code_snt,64A,64,Differentiation,Cowan-1965,
64A-krb,http://wals.info/languoid/lect/wals_code_krb,64A,64,Differentiation,"Groves-et-al-1985[87-8, 99]",
64A-som,http://wals.info/languoid/lect/wals_code_som,64A,64,Differentiation,"Berchem-1991[324-5, 327]",
64A-cnt,http://wals.info/languoid/lect/wals_code_cnt,64A,64,Differentiation,Matthews-and-Yip-1994[288],
64A-ker,http://wals.info/languoid/lect/wals_code_ker,64A,64,Identity,"Ebert-1979[250, 274-6]",
64A-lep,http://wals.info/languoid/lect/wals_code_lep,64A,64,Differentiation,Mainwaring-1876[85-6],
64A-sue,http://wals.info/languoid/lect/wals_code_sue,64A,64,Identity,"Wilson-1974[29, 85, 78, 126, 128]",
64A-psm,http://wals.info/languoid/lect/wals_code_psm,64A,64,Identity,"Leavitt-1996[54, 56, 58]",
64A-pit,http://wals.info/languoid/lect/wals_code_pit,64A,64,Identity,Bowe-1990,
64A-ana,http://wals.info/languoid/lect/wals_code_ana,64A,64,Both expressed by juxtaposition,"Pitman-1980[77-80, 92]",
64A-baw,http://wals.info/languoid/lect/wals_code_baw,64A,64,Identity,"Reichle-1981[49-50, 127]",
64A-wrd,http://wals.info/languoid/lect/wals_code_wrd,64A,64,Differentiation,"Merlan-1994[68, 87-9]",
64A-hai,http://wals.info/languoid/lect/wals_code_hai,64A,64,Differentiation,"Enrico-2003[979ff., 1080ff.]",
64A-kmu,http://wals.info/languoid/lect/wals_code_kmu,64A,64,Differentiation,,
64A-usa,http://wals.info/languoid/lect/wals_code_usa,64A,64,Identity,"Reesink-1987[82, 90, 178, 182]",
64A-pai,http://wals.info/languoid/lect/wals_code_pai,64A,64,Differentiation,"Egli-1990[51, 53, 161-2, 201]",
64A-dre,http://wals.info/languoid/lect/wals_code_dre,64A,64,Differentiation,"Moyse-Faurie-1983[175-6, 184, 194]",
64A-gar,http://wals.info/languoid/lect/wals_code_gar,64A,64,Identity,"Burling-1961[29, 50, 64, 69]",
64A-pms,http://wals.info/languoid/lect/wals_code_pms,64A,64,Differentiation,,
64A-otm,http://wals.info/languoid/lect/wals_code_otm,64A,64,Identity,Hess-1968[71-2],
64A-nez,http://wals.info/languoid/lect/wals_code_nez,64A,64,Differentiation,Aoki-1994[836],
64A-brh,http://wals.info/languoid/lect/wals_code_brh,64A,64,Identity,Andronov-2001[102-3],
64A-cah,http://wals.info/languoid/lect/wals_code_cah,64A,64,Identity,Seiler-1977[181-5],
64A-nav,http://wals.info/languoid/lect/wals_code_nav,64A,64,Identity,,
64A-bkr,http://wals.info/languoid/lect/wals_code_bkr,64A,64,Identity,Woollams-1996[329-32],
64A-nko,http://wals.info/languoid/lect/wals_code_nko,64A,64,Differentiation,Taylor-1985[56],
64A-squ,http://wals.info/languoid/lect/wals_code_squ,64A,64,Identity,Kuipers-1967,
64A-tru,http://wals.info/languoid/lect/wals_code_tru,64A,64,Differentiation,"Guirardello-1999a[19-21, 367-70]",
64A-urk,http://wals.info/languoid/lect/wals_code_urk,64A,64,Differentiation,"Kakumasu-1986[347, 349]",
64A-coo,http://wals.info/languoid/lect/wals_code_coo,64A,64,Identity,Frachtenberg-1922a[409],
64A-nht,http://wals.info/languoid/lect/wals_code_nht,64A,64,Identity,"Tuggy-1979[13, 23, 31, 61, 79-80, 110, 116, 119]",
64A-yim,http://wals.info/languoid/lect/wals_code_yim,64A,64,Both expressed by juxtaposition,"Foley-1991[116, 185, 449ff., 453]",
64A-ika,http://wals.info/languoid/lect/wals_code_ika,64A,64,Differentiation,"Frank-1990[27, 32, 128]",
64A-kse,http://wals.info/languoid/lect/wals_code_kse,64A,64,Differentiation,"Heath-1999a[147-8, 308]",
64A-mun,http://wals.info/languoid/lect/wals_code_mun,64A,64,Identity,"Osada-1992[132, 151]",
64A-yid,http://wals.info/languoid/lect/wals_code_yid,64A,64,Differentiation,"Dixon-1977a[145, 388, 413ff.]",
64A-krk,http://wals.info/languoid/lect/wals_code_krk,64A,64,Differentiation,"Bright-1957[136, 359]",
64A-tab,http://wals.info/languoid/lect/wals_code_tab,64A,64,Identity,"Bowden-1997a[107, 132, 187, 211-2, 433, 436]",
64A-aco,http://wals.info/languoid/lect/wals_code_aco,64A,64,Identity,Miller-1965[182];Maring-1967[127-8],
64A-hmo,http://wals.info/languoid/lect/wals_code_hmo,64A,64,Identity,"Harriehausen-1990[107, 146, 190, 208, 215-6]",
64A-khs,http://wals.info/languoid/lect/wals_code_khs,64A,64,Identity,"Rabel-1961[71, 128]",
64A-juh,http://wals.info/languoid/lect/wals_code_juh,64A,64,Differentiation,Dickens-nd[33-4],
64A-irq,http://wals.info/languoid/lect/wals_code_irq,64A,64,Identity,"Mous-1993[91, 97, 108, 298];Mous-2004[110-11]",
64A-snm,http://wals.info/languoid/lect/wals_code_snm,64A,64,Both expressed by juxtaposition,"Borgman-1990[34, 57-9]",
64A-ket,http://wals.info/languoid/lect/wals_code_ket,64A,64,Identity,"Werner-1997a[319, 321]",
64A-koa,http://wals.info/languoid/lect/wals_code_koa,64A,64,Differentiation,"Kimball-1991[527, 531]",
64A-luv,http://wals.info/languoid/lect/wals_code_luv,64A,64,Differentiation,"Horton-1949[158, 173-6]",
64A-san,http://wals.info/languoid/lect/wals_code_san,64A,64,Identity,Samarin-1967b[89-90],
64A-bag,http://wals.info/languoid/lect/wals_code_bag,64A,64,Differentiation,Stevenson-1969[181-2],
64A-hzb,http://wals.info/languoid/lect/wals_code_hzb,64A,64,Identity,"van-den-Berg-1995[118, 126]",
64A-kfe,http://wals.info/languoid/lect/wals_code_kfe,64A,64,Differentiation,"Rennison-1997[88, 92]",
64A-qim,http://wals.info/languoid/lect/wals_code_qim,64A,64,Identity,"Cole-1982[25, 80]",
64A-wch,http://wals.info/languoid/lect/wals_code_wch,64A,64,Differentiation,,
64A-yag,http://wals.info/languoid/lect/wals_code_yag,64A,64,Both expressed by juxtaposition,"Payne-and-Payne-1990[294, 298, 333]",
64A-niv,http://wals.info/languoid/lect/wals_code_niv,64A,64,Differentiation,Panfilov-1965,
64A-apu,http://wals.info/languoid/lect/wals_code_apu,64A,64,Both expressed by juxtaposition,Facundes-2000[429],
64A-bma,http://wals.info/languoid/lect/wals_code_bma,64A,64,Differentiation,"Penchoen-1973b[61, 83-4]",
64A-wra,http://wals.info/languoid/lect/wals_code_wra,64A,64,Both expressed by juxtaposition,Romero-Figueroa-1997[12-4],
64A-imo,http://wals.info/languoid/lect/wals_code_imo,64A,64,Differentiation,"Seiler-1985[52, 68-70, 102, 196, 198]",
64A-kob,http://wals.info/languoid/lect/wals_code_kob,64A,64,Differentiation,"Davies-1981b[63, 68ff., 72, 108-9]",
64A-lat,http://wals.info/languoid/lect/wals_code_lat,64A,64,Identity,"Mathiassen-1997[144, 208]",
64A-mar,http://wals.info/languoid/lect/wals_code_mar,64A,64,Differentiation,"Gordon-1986[67, 284]",
64A-ala,http://wals.info/languoid/lect/wals_code_ala,64A,64,Differentiation,"Bruce-1984[123, 129, 251, 264]",
64A-goo,http://wals.info/languoid/lect/wals_code_goo,64A,64,Both expressed by juxtaposition,"McGregor-1990[280, 285, 423ff.]",
64A-kut,http://wals.info/languoid/lect/wals_code_kut,64A,64,Identity,,
64A-mxc,http://wals.info/languoid/lect/wals_code_mxc,64A,64,Identity,Macaulay-1996[148],
64A-lav,http://wals.info/languoid/lect/wals_code_lav,64A,64,Identity,"Terrill-1999[57, 146, 416]",
64A-ain,http://wals.info/languoid/lect/wals_code_ain,64A,64,Differentiation,"Refsing-1986[162-4, 240]",
64A-jak,http://wals.info/languoid/lect/wals_code_jak,64A,64,Differentiation,"Craig-1977[30-1, 34-5]",
64A-lkt,http://wals.info/languoid/lect/wals_code_lkt,64A,64,Identity,Buechel-1939[125-6],
64A-prh,http://wals.info/languoid/lect/wals_code_prh,64A,64,Identity,Everett-1986[225-7],
64A-war,http://wals.info/languoid/lect/wals_code_war,64A,64,Identity,"Everett-and-Kern-1997[159-60, 163, 165]",
64A-gua,http://wals.info/languoid/lect/wals_code_gua,64A,64,Identity,"Gregores-and-Suarez-1967[143, 160, 173, 187]",
64A-kho,http://wals.info/languoid/lect/wals_code_kho,64A,64,Identity,"Hagman-1977[48, 188ff.]",
64A-mei,http://wals.info/languoid/lect/wals_code_mei,64A,64,Differentiation,Chelliah-1997[133-4],
64A-kro,http://wals.info/languoid/lect/wals_code_kro,64A,64,Differentiation,"Reh-1985[193, 277, 329]",
64A-myi,http://wals.info/languoid/lect/wals_code_myi,64A,64,Differentiation,"Merlan-1982[28, 31]",
64A-tiw,http://wals.info/languoid/lect/wals_code_tiw,64A,64,Both expressed by juxtaposition,"Osborne-1974[70, 72]",
64A-knr,http://wals.info/languoid/lect/wals_code_knr,64A,64,Differentiation,"Cyffer-1991[70, 129, 161-2]",
64A-map,http://wals.info/languoid/lect/wals_code_map,64A,64,Identity,Smeets-1989[97-98],
64A-yor,http://wals.info/languoid/lect/wals_code_yor,64A,64,Differentiation,"Rowlands-1969[201, 203]",
64A-yko,http://wals.info/languoid/lect/wals_code_yko,64A,64,Differentiation,"Maslova-1999[383, 385-6, 388]",
64A-may,http://wals.info/languoid/lect/wals_code_may,64A,64,Identity,"Dol-1999[136, 138, 155, 158, 211, 251ff., 261]",
64A-tuk,http://wals.info/languoid/lect/wals_code_tuk,64A,64,Identity,"Donohue-1999a[426, 431]",
64A-bur,http://wals.info/languoid/lect/wals_code_bur,64A,64,Identity,Berger-1998[182-3],
64A-cha,http://wals.info/languoid/lect/wals_code_cha,64A,64,Identity,Topping-1973[146],
64A-chk,http://wals.info/languoid/lect/wals_code_chk,64A,64,Identity,"Dunn-1999[86, 173]",
64A-fij,http://wals.info/languoid/lect/wals_code_fij,64A,64,Differentiation,"Dixon-1988[157, 259]",
64A-heb,http://wals.info/languoid/lect/wals_code_heb,64A,64,Identity,,
64A-lan,http://wals.info/languoid/lect/wals_code_lan,64A,64,Differentiation,"Noonan-1992[162, 230-1]",
64A-orh,http://wals.info/languoid/lect/wals_code_orh,64A,64,Differentiation,"Owens-1985[212, 214ff., 221]",
64A-tha,http://wals.info/languoid/lect/wals_code_tha,64A,64,Identity,,
64A-yaq,http://wals.info/languoid/lect/wals_code_yaq,64A,64,Identity,Lindenfeld-1973[122ff.],
64A-zul,http://wals.info/languoid/lect/wals_code_zul,64A,64,Differentiation,"Ziervogel-et-al-1981[59, 75, 149, 173]",
64A-sla,http://wals.info/languoid/lect/wals_code_sla,64A,64,Differentiation,"Rice-1989[303, 1049, 1052, 1066, 1072-3, 1077]",
64A-aeg,http://wals.info/languoid/lect/wals_code_aeg,64A,64,Identity,"Gary-and-Gamal-Eldin-1982[33, 37]",
64A-grw,http://wals.info/languoid/lect/wals_code_grw,64A,64,Identity,"Fortescue-1984[126, 257]",
64A-hix,http://wals.info/languoid/lect/wals_code_hix,64A,64,Both expressed by juxtaposition,Derbyshire-1979[45-6],
64A-vie,http://wals.info/languoid/lect/wals_code_vie,64A,64,Identity,"Nguyen-1997[163, 205-6, 237, 245]",
64A-hin,http://wals.info/languoid/lect/wals_code_hin,64A,64,Identity,,
64A-ckr,http://wals.info/languoid/lect/wals_code_ckr,64A,64,Differentiation,"Popjes-and-Popjes-1986[141-2, 144, 146-7, 149-150, 177, 185]",
64A-tag,http://wals.info/languoid/lect/wals_code_tag,64A,64,Identity,"Schachter-and-Otanes-1972[113f., 540f.]",
64A-geo,http://wals.info/languoid/lect/wals_code_geo,64A,64,Identity,"Hewitt-1995[547, 574]",
64A-knd,http://wals.info/languoid/lect/wals_code_knd,64A,64,Differentiation,"Sridhar-1990[103-4, 106-7]",
64A-sup,http://wals.info/languoid/lect/wals_code_sup,64A,64,Differentiation,Carlson-1994[183],
64A-hau,http://wals.info/languoid/lect/wals_code_hau,64A,64,Differentiation,Newman-2000[575];Abdoulaye-2004[86],
64A-mao,http://wals.info/languoid/lect/wals_code_mao,64A,64,Differentiation,Bauer-1993,
64A-bsq,http://wals.info/languoid/lect/wals_code_bsq,64A,64,Identity,"Saltarelli-et-al-1988[82, 90]",
64A-abk,http://wals.info/languoid/lect/wals_code_abk,64A,64,Identity,"Hewitt-1979[62, 65]",
64A-eve,http://wals.info/languoid/lect/wals_code_eve,64A,64,Identity,"Nedjalkov-1997[87, 90]",
64A-kor,http://wals.info/languoid/lect/wals_code_kor,64A,64,Differentiation,"Chang-1996[57, 137]",
64A-prs,http://wals.info/languoid/lect/wals_code_prs,64A,64,Identity,Mahootian-1997[72-3],
64A-ame,http://wals.info/languoid/lect/wals_code_ame,64A,64,Differentiation,"Roberts-1987[90, 119, 184, passim]",
64A-ger,http://wals.info/languoid/lect/wals_code_ger,64A,64,Identity,,
64A-grk,http://wals.info/languoid/lect/wals_code_grk,64A,64,Identity,Holton-et-al-1997,
64A-lez,http://wals.info/languoid/lect/wals_code_lez,64A,64,Identity,"Haspelmath-1993[327, 335]",
64A-jpn,http://wals.info/languoid/lect/wals_code_jpn,64A,64,Differentiation,"Hinds-1986[84-5, 93-4]",
64A-mnd,http://wals.info/languoid/lect/wals_code_mnd,64A,64,Differentiation,Chappell-1994;Li-and-Thompson-1981,
64A-hun,http://wals.info/languoid/lect/wals_code_hun,64A,64,Identity,"Kenesei-et-al-1998[102, 106]",
64A-ind,http://wals.info/languoid/lect/wals_code_ind,64A,64,Identity,Sneddon-1996[338-9],
64A-fin,http://wals.info/languoid/lect/wals_code_fin,64A,64,Identity,Karlsson-1999[227],
64A-rus,http://wals.info/languoid/lect/wals_code_rus,64A,64,Identity,,
64A-spa,http://wals.info/languoid/lect/wals_code_spa,64A,64,Identity,,
64A-tur,http://wals.info/languoid/lect/wals_code_tur,64A,64,Identity,Kornfilt-1997[113],
64A-fre,http://wals.info/languoid/lect/wals_code_fre,64A,64,Identity,,
64A-eng,http://wals.info/languoid/lect/wals_code_eng,64A,64,Identity,,
64A-tms,http://wals.info/languoid/lect/wals_code_tms,64A,64,Differentiation,,
64A-qhu,http://wals.info/languoid/lect/wals_code_qhu,64A,64,Both expressed by juxtaposition,"Weber-1989[20, 347-52]",
64A-mcv,http://wals.info/languoid/lect/wals_code_mcv,64A,64,Identity,,
