ID,Language_ID,Parameter_ID,Contribution_ID,Value,Source,Comment
144S-brl,http://wals.info/languoid/lect/wals_code_brl,144S,144,NoSOVNeg,Kretschmar-1995[ 140],
144S-dhm,http://wals.info/languoid/lect/wals_code_dhm,144S,144,NoSOVNeg,Cooper-1999[ 31],
144S-tod,http://wals.info/languoid/lect/wals_code_tod,144S,144,NoSOVNeg,Sharma-1989b[ 334-335],
144S-tpt,http://wals.info/languoid/lect/wals_code_tpt,144S,144,Suffix&NoDoubleNeg,Gonzalez-2005[ passim],
144S-eip,http://wals.info/languoid/lect/wals_code_eip,144S,144,Word&NoDoubleNeg,Heeschen-1998[ 222-223],
144S-cup,http://wals.info/languoid/lect/wals_code_cup,144S,144,NoSOVNeg,Hill-2005[ 389],
144S-wlw,http://wals.info/languoid/lect/wals_code_wlw,144S,144,NoSOVNeg,Breen-1970[ 216],
144S-dun,http://wals.info/languoid/lect/wals_code_dun,144S,144,Type 1 / Type 6,,
144S-tye,http://wals.info/languoid/lect/wals_code_tye,144S,144,Word&OnlyWithAnotherNeg,Tryon-1974[ 37],
144S-bok,http://wals.info/languoid/lect/wals_code_bok,144S,144,Word&OptDoubleNeg,,
144S-kus,http://wals.info/languoid/lect/wals_code_kus,144S,144,Suffix&NoDoubleNeg,Reinhard-and-Toba-1970[ passim],
144S-tba,http://wals.info/languoid/lect/wals_code_tba,144S,144,Suffix&NoDoubleNeg,McVinney-and-Luzbetak-1954[ 85],
144S-aba,http://wals.info/languoid/lect/wals_code_aba,144S,144,Word&NoDoubleNeg,Bailey-1975[ passim],
144S-chb,http://wals.info/languoid/lect/wals_code_chb,144S,144,NoSOVNeg,Laycock-and-Zgraggen-1975[ 756],
144S-chd,http://wals.info/languoid/lect/wals_code_chd,144S,144,NoSOVNeg,Sharma-1989a[ 186-187],
144S-ghr,http://wals.info/languoid/lect/wals_code_ghr,144S,144,NoSOVNeg,Sharma-1989b[ 258],
144S-oir,http://wals.info/languoid/lect/wals_code_oir,144S,144,NoSOVNeg,Birtalan-2003[ 226],
144S-rik,http://wals.info/languoid/lect/wals_code_rik,144S,144,NoSOVNeg,Boswood-1978a[ passim],
144S-bti,http://wals.info/languoid/lect/wals_code_bti,144S,144,Suffix&NoDoubleNeg,,
144S-des,http://wals.info/languoid/lect/wals_code_des,144S,144,Suffix&NoDoubleNeg,Miller-1999[ 7],
144S-joh,http://wals.info/languoid/lect/wals_code_joh,144S,144,NoSOVNeg,Sharma-1989a[ 248],
144S-kbo,http://wals.info/languoid/lect/wals_code_kbo,144S,144,Suffix&NoDoubleNeg,Laycock-and-Zgraggen-1975[ 759],
144S-knb,http://wals.info/languoid/lect/wals_code_knb,144S,144,NoSOVNeg,"Boelaars-1950[ 147, 42]",
144S-kti,http://wals.info/languoid/lect/wals_code_kti,144S,144,Word&NoDoubleNeg,Boelaars-1950[ 148],
144S-mrr,http://wals.info/languoid/lect/wals_code_mrr,144S,144,NoSOVNeg,Tryon-1974[ 136],
144S-mom,http://wals.info/languoid/lect/wals_code_mom,144S,144,Suffix&OnlyWithAnotherNeg,Boelaars-1950[ 146-147],
144S-mni,http://wals.info/languoid/lect/wals_code_mni,144S,144,NoSOVNeg,"Boelaars-1950[ 108, 149]",
144S-sil,http://wals.info/languoid/lect/wals_code_sil,144S,144,NoSOVNeg,Jungraithmayr-1981[ 279],
144S-yei,http://wals.info/languoid/lect/wals_code_yei,144S,144,NoSOVNeg,"Boelaars-1950[ 147, 53]",
144S-ylm,http://wals.info/languoid/lect/wals_code_ylm,144S,144,NoSOVNeg,Boelaars-1950[ 146],
144S-cln,http://wals.info/languoid/lect/wals_code_cln,144S,144,Suffix&NoDoubleNeg,Alexander-Bakkerus-2005[ 323-324],
144S-kll,http://wals.info/languoid/lect/wals_code_kll,144S,144,Suffix&NoDoubleNeg,Schieffelin-and-Feld-1998[ xx],
144S-kie,http://wals.info/languoid/lect/wals_code_kie,144S,144,Word&NoDoubleNeg,Stanhope-1972[ 61],
144S-mgi,http://wals.info/languoid/lect/wals_code_mgi,144S,144,NoSOVNeg,Thomson-1975a[ 612],
144S-mrs,http://wals.info/languoid/lect/wals_code_mrs,144S,144,Suffix&NoDoubleNeg,Peckham-1982[ 82],
144S-mkl,http://wals.info/languoid/lect/wals_code_mkl,144S,144,NoSOVNeg,Boelaars-1950[ 146],
144S-oks,http://wals.info/languoid/lect/wals_code_oks,144S,144,NoSOVNeg,,
144S-wag,http://wals.info/languoid/lect/wals_code_wag,144S,144,NoSOVNeg,Tryon-1971[ 10],
144S-yqy,http://wals.info/languoid/lect/wals_code_yqy,144S,144,Suffix&OnlyWithAnotherNeg,Boelaars-1950[ 147],
144S-boa,http://wals.info/languoid/lect/wals_code_boa,144S,144,Suffix&NoDoubleNeg,Boelaars-1950[ 144],
144S-deu,http://wals.info/languoid/lect/wals_code_deu,144S,144,Suffix&NoDoubleNeg,Goswami-1994[ 18];Brown-1895[ 22],
144S-krh,http://wals.info/languoid/lect/wals_code_krh,144S,144,Suffix&NoDoubleNeg,"Shell-1952[ 119, 121]",
144S-mdl,http://wals.info/languoid/lect/wals_code_mdl,144S,144,NoSOVNeg,Tryon-1974[ 51-52],
144S-mkh,http://wals.info/languoid/lect/wals_code_mkh,144S,144,Type 1 / Type 2,Janhunen-2003[ 98],
144S-mri,http://wals.info/languoid/lect/wals_code_mri,144S,144,NoSOVNeg,"Boelaars-1950[ 47, 147]",
144S-pis,http://wals.info/languoid/lect/wals_code_pis,144S,144,Word&OnlyWithAnotherNeg,Boelaars-1950[ 148],
144S-rao,http://wals.info/languoid/lect/wals_code_rao,144S,144,Suffix&NoDoubleNeg,Stanhope-1980[ 10-11],
144S-skw,http://wals.info/languoid/lect/wals_code_skw,144S,144,NoSOVNeg,"Gusain-2001[ 55, 67]",
144S-tsz,http://wals.info/languoid/lect/wals_code_tsz,144S,144,Word&NoDoubleNeg,Alekseev-and-Radzhabov-2004[ 145],
144S-yi,http://wals.info/languoid/lect/wals_code_yi,144S,144,NoSOVNeg,Chen-et-al-1985[ passim];Gao-1958[ passim],
144S-baf,http://wals.info/languoid/lect/wals_code_baf,144S,144,NoSOVNeg,Chumbow-and-Tamanji-1994[ 214],
144S-bao,http://wals.info/languoid/lect/wals_code_bao,144S,144,NoSOVNeg,Wu-2003[ 343],
144S-cui,http://wals.info/languoid/lect/wals_code_cui,144S,144,Suffix&OnlyWithAnotherNeg,Berg-and-Kerr-1973[ 12],
144S-guh,http://wals.info/languoid/lect/wals_code_guh,144S,144,Suffix&OptDoubleNeg,"Richert-1975[ 797, 787]",
144S-kmr,http://wals.info/languoid/lect/wals_code_kmr,144S,144,Suffix&NoDoubleNeg,"Boelaars-1950[ 48, 94]",
144S-kyp,http://wals.info/languoid/lect/wals_code_kyp,144S,144,Word&NoDoubleNeg,Thomson-and-Stout-1974b[ 86],
144S-nyk,http://wals.info/languoid/lect/wals_code_nyk,144S,144,NoSOVNeg,Sharma-1992[ 190],
144S-shh,http://wals.info/languoid/lect/wals_code_shh,144S,144,Suffix&NoDoubleNeg,Scott-and-Frantz-1974[ passim],
144S-wom,http://wals.info/languoid/lect/wals_code_wom,144S,144,Word&NoDoubleNeg,,
144S-biu,http://wals.info/languoid/lect/wals_code_biu,144S,144,NoSOVNeg,Nishida-1973[ 67],
144S-coa,http://wals.info/languoid/lect/wals_code_coa,144S,144,Suffix&NoDoubleNeg,Troike-1967[ 328],
144S-kyr,http://wals.info/languoid/lect/wals_code_kyr,144S,144,Type 1 / Type 2,Rigden-nd-a[24],
144S-kwz,http://wals.info/languoid/lect/wals_code_kwz,144S,144,Suffix&NoDoubleNeg,van-der-Voort-2004[ 519],
144S-pun,http://wals.info/languoid/lect/wals_code_pun,144S,144,NoSOVNeg,Tryon-1974[ 199],
144S-rwa,http://wals.info/languoid/lect/wals_code_rwa,144S,144,NoSOVNeg,Toland-and-Toland-1991[ 119],
144S-svs,http://wals.info/languoid/lect/wals_code_svs,144S,144,NoSOVNeg,Wegener-2008[ 239],
144S-sme,http://wals.info/languoid/lect/wals_code_sme,144S,144,Word&NoDoubleNeg,Prost-1964d[ 364-365],
144S-sod,http://wals.info/languoid/lect/wals_code_sod,144S,144,NoSOVNeg,Cohen-1931[ 166],
144S-zaz,http://wals.info/languoid/lect/wals_code_zaz,144S,144,NoSOVNeg,,
144S-mag,http://wals.info/languoid/lect/wals_code_mag,144S,144,NoSOVNeg,Shepherd-and-Shepherd-1973[ 303],
144S-omh,http://wals.info/languoid/lect/wals_code_omh,144S,144,Suffix&NoDoubleNeg,Dorsey-1890[ passim],
144S-shb,http://wals.info/languoid/lect/wals_code_shb,144S,144,Word&NoDoubleNeg,Teferra-1991[ 381-382],
144S-snn,http://wals.info/languoid/lect/wals_code_snn,144S,144,NoSOVNeg,Diagana-1995[ 212ff],
144S-yam,http://wals.info/languoid/lect/wals_code_yam,144S,144,Suffix&NoDoubleNeg,Eakin-1991[ 38],
144S-iwm,http://wals.info/languoid/lect/wals_code_iwm,144S,144,Word&NoDoubleNeg,Conrad-1971[ 56],
144S-kac,http://wals.info/languoid/lect/wals_code_kac,144S,144,Suffix&NoDoubleNeg,"Endle-1884[ ix, 24]",
144S-kae,http://wals.info/languoid/lect/wals_code_kae,144S,144,NoSOVNeg,Clifton-1997[ 24],
144S-mkg,http://wals.info/languoid/lect/wals_code_mkg,144S,144,NoSOVNeg,Rowlands-1959[ 87],
144S-ras,http://wals.info/languoid/lect/wals_code_ras,144S,144,NoSOVNeg,Tucker-and-Bryan-1966[ 297],
144S-srb,http://wals.info/languoid/lect/wals_code_srb,144S,144,NoSOVNeg,Stone-1993[ 666],
144S-thn,http://wals.info/languoid/lect/wals_code_thn,144S,144,NoSOVNeg,Turin-2000[ passim],
144S-trm,http://wals.info/languoid/lect/wals_code_trm,144S,144,Suffix&OnlyWithAnotherNeg,Bryant-1999[ 43],
144S-wed,http://wals.info/languoid/lect/wals_code_wed,144S,144,NoSOVNeg,King-1901a[ 21],
144S-cml,http://wals.info/languoid/lect/wals_code_cml,144S,144,Suffix&OnlyWithAnotherNeg,Ebert-2003[541],
144S-isa,http://wals.info/languoid/lect/wals_code_isa,144S,144,Word&NoDoubleNeg,"Donohue-and-San-Roque-2002[ 74, 84]",
144S-mki,http://wals.info/languoid/lect/wals_code_mki,144S,144,Suffix&NoDoubleNeg,Boynton-1982[ 148-150],
144S-nnk,http://wals.info/languoid/lect/wals_code_nnk,144S,144,Word&NoDoubleNeg,Spaulding-and-Spaulding-1994[ 134],
144S-pra,http://wals.info/languoid/lect/wals_code_pra,144S,144,NoSOVNeg,Morgenstierne-1949[ passim],
144S-thu,http://wals.info/languoid/lect/wals_code_thu,144S,144,Suffix&OnlyWithAnotherNeg,Allen-1975b[ 54-55],
144S-all,http://wals.info/languoid/lect/wals_code_all,144S,144,NoSOVNeg,Clunn-and-Kolia-1977[ 29];Symonds-1989[ 67],
144S-dja,http://wals.info/languoid/lect/wals_code_dja,144S,144,NoSOVNeg,Patz-1991[ passim],
144S-gal,http://wals.info/languoid/lect/wals_code_gal,144S,144,Suffix&NoDoubleNeg,Das-Gupta-1963[ 25-26],
144S-kmn,http://wals.info/languoid/lect/wals_code_kmn,144S,144,Suffix&NoDoubleNeg,"Trefry-1969[ 48, 52]",
144S-kum,http://wals.info/languoid/lect/wals_code_kum,144S,144,NoSOVNeg,Apte-and-Pattanayak-1967[ passim],
144S-mrh,http://wals.info/languoid/lect/wals_code_mrh,144S,144,NoSOVNeg,Tryon-1974[ 87],
144S-msc,http://wals.info/languoid/lect/wals_code_msc,144S,144,Suffix&NoDoubleNeg,Adelaar-2004[ 93],
144S-mur,http://wals.info/languoid/lect/wals_code_mur,144S,144,NoSOVNeg,"Turton-and-Bender-1976[ 554, 557]",
144S-nku,http://wals.info/languoid/lect/wals_code_nku,144S,144,Suffix&NoDoubleNeg,Abdel-Hafiz-1988[ 181],
144S-smn,http://wals.info/languoid/lect/wals_code_smn,144S,144,Suffix&NoDoubleNeg,Nathan-1977[ 118],
144S-she,http://wals.info/languoid/lect/wals_code_she,144S,144,NoSOVNeg,Schottelndreyer-and-Schottelndreyer-1973[ passim],
144S-trr,http://wals.info/languoid/lect/wals_code_trr,144S,144,NoSOVNeg,Vincent-1973b[ passim],
144S-tao,http://wals.info/languoid/lect/wals_code_tao,144S,144,Suffix&NoDoubleNeg,Singh-2002[ 90-92],
144S-tig,http://wals.info/languoid/lect/wals_code_tig,144S,144,Suffix&OnlyWithAnotherNeg,Kogan-1997[ 442],
144S-azi,http://wals.info/languoid/lect/wals_code_azi,144S,144,Suffix&NoDoubleNeg,Dehghani-2000[ 109],
144S-bus,http://wals.info/languoid/lect/wals_code_bus,144S,144,Word&NoDoubleNeg,Wedekind-1972[ 50-52],
144S-cas,http://wals.info/languoid/lect/wals_code_cas,144S,144,Suffix&NoDoubleNeg,Abreu-1914[ passim],
144S-dha,http://wals.info/languoid/lect/wals_code_dha,144S,144,Suffix&OnlyWithAnotherNeg,"Tosco-2001[ 119, 281]",
144S-mek,http://wals.info/languoid/lect/wals_code_mek,144S,144,Word&NoDoubleNeg,Galucio-2001[ 92],
144S-mer,http://wals.info/languoid/lect/wals_code_mer,144S,144,NoSOVNeg,Piper-1989[ passim],
144S-ong,http://wals.info/languoid/lect/wals_code_ong,144S,144,Word&NoDoubleNeg,Dasgupta-and-Sharma-1982[ 27],
144S-ori,http://wals.info/languoid/lect/wals_code_ori,144S,144,NoSOVNeg,Schadeberg-and-Elias-1979[ 52],
144S-pum,http://wals.info/languoid/lect/wals_code_pum,144S,144,Suffix&NoDoubleNeg,Lu-1983[ 50],
144S-sta,http://wals.info/languoid/lect/wals_code_sta,144S,144,NoSOVNeg,Kim-2003[ 361],
144S-sia,http://wals.info/languoid/lect/wals_code_sia,144S,144,Suffix&NoDoubleNeg,Salisbury-1956[ 463],
144S-thy,http://wals.info/languoid/lect/wals_code_thy,144S,144,NoSOVNeg,,
144S-bzi,http://wals.info/languoid/lect/wals_code_bzi,144S,144,Word&NoDoubleNeg,Briley-1997[ passim],
144S-drm,http://wals.info/languoid/lect/wals_code_drm,144S,144,NoSOVNeg,,
144S-dim,http://wals.info/languoid/lect/wals_code_dim,144S,144,Suffix&NoDoubleNeg,"Fleming-1990[ 546, 560-562]",
144S-ene,http://wals.info/languoid/lect/wals_code_ene,144S,144,NoSOVNeg,Kunnap-1999a[ 27],
144S-gap,http://wals.info/languoid/lect/wals_code_gap,144S,144,NoSOVNeg,McGuckin-2002[ 316],
144S-mts,http://wals.info/languoid/lect/wals_code_mts,144S,144,Suffix&NoDoubleNeg,Ferreira-2001[ 74],
144S-mbi,http://wals.info/languoid/lect/wals_code_mbi,144S,144,NoSOVNeg,Ayuninjam-1998[ 338],
144S-nag,http://wals.info/languoid/lect/wals_code_nag,144S,144,Word&NoDoubleNeg,Campbell-and-Campbell-1987[ 73],
144S-oya,http://wals.info/languoid/lect/wals_code_oya,144S,144,Suffix&NoDoubleNeg,Ray-2003[ 471],
144S-osa,http://wals.info/languoid/lect/wals_code_osa,144S,144,Word&NoDoubleNeg,,
144S-stl,http://wals.info/languoid/lect/wals_code_stl,144S,144,NoSOVNeg,Neukom-2001[ 148],
144S-tgl,http://wals.info/languoid/lect/wals_code_tgl,144S,144,Type 1 / Type 6,Das-Gupta-1968[ 53];Andvik-2003[ 446],
144S-tte,http://wals.info/languoid/lect/wals_code_tte,144S,144,Suffix&OnlyWithAnotherNeg,Oliverio-1996[ 115],
144S-tuy,http://wals.info/languoid/lect/wals_code_tuy,144S,144,Suffix&NoDoubleNeg,Barnes-1994[ 330],
144S-udi,http://wals.info/languoid/lect/wals_code_udi,144S,144,NoSOVNeg,Schulze-1982[ 180-181],
144S-usr,http://wals.info/languoid/lect/wals_code_usr,144S,144,NoSOVNeg,"Bee-1973[ 261, 269]",
144S-amn,http://wals.info/languoid/lect/wals_code_amn,144S,144,Suffix&OnlyWithAnotherNeg,Minch-1992[ 147],
144S-apw,http://wals.info/languoid/lect/wals_code_apw,144S,144,Suffix&OnlyWithAnotherNeg,Edgerton-1963[ 134-135],
144S-awa,http://wals.info/languoid/lect/wals_code_awa,144S,144,NoSOVNeg,Loving-1973[ 81],
144S-blt,http://wals.info/languoid/lect/wals_code_blt,144S,144,Word&NoDoubleNeg,Read-1934[ 56],
144S-can,http://wals.info/languoid/lect/wals_code_can,144S,144,Suffix&NoDoubleNeg,Cox-1957[ passim],
144S-gah,http://wals.info/languoid/lect/wals_code_gah,144S,144,Suffix&NoDoubleNeg,Deibler-1976[ 8],
144S-gug,http://wals.info/languoid/lect/wals_code_gug,144S,144,Suffix&NoDoubleNeg,Platt-1972[ 36];Peile-1971[ 49],
144S-hid,http://wals.info/languoid/lect/wals_code_hid,144S,144,Suffix&NoDoubleNeg,Matthews-1965[ 157-158];Robinett-1955[ 168],
144S-idn,http://wals.info/languoid/lect/wals_code_idn,144S,144,NoSOVNeg,Huckett-1974[ 81],
144S-knn,http://wals.info/languoid/lect/wals_code_knn,144S,144,NoSOVNeg,Sharma-1988[ 195],
144S-kta,http://wals.info/languoid/lect/wals_code_kta,144S,144,Suffix&NoDoubleNeg,"Dutton-1975[ 300, 326]",
144S-noc,http://wals.info/languoid/lect/wals_code_noc,144S,144,Suffix&NoDoubleNeg,Das-Gupta-1971[ 16-19],
144S-tak,http://wals.info/languoid/lect/wals_code_tak,144S,144,NoSOVNeg,"Ross-2002h[ 235, 239]",
144S-cde,http://wals.info/languoid/lect/wals_code_cde,144S,144,Suffix&NoDoubleNeg,Hall-1988[ 156],
144S-kms,http://wals.info/languoid/lect/wals_code_kms,144S,144,NoSOVNeg,Kunnap-1999b[ 25],
144S-klw,http://wals.info/languoid/lect/wals_code_klw,144S,144,Word&OptDoubleNeg,"Mixco-1971[ 168, 231-232]",
144S-kla,http://wals.info/languoid/lect/wals_code_kla,144S,144,NoSOVNeg,"Rickard-1970[ 16, 21]",
144S-kmo,http://wals.info/languoid/lect/wals_code_kmo,144S,144,Suffix&NoDoubleNeg,"Garland-and-Garland-1975[ 422, 425]",
144S-kun,http://wals.info/languoid/lect/wals_code_kun,144S,144,Suffix&NoDoubleNeg,Holmer-1952[ 123],
144S-lot,http://wals.info/languoid/lect/wals_code_lot,144S,144,NoSOVNeg,"Acharya-1983[ passim, 158]",
144S-oro,http://wals.info/languoid/lect/wals_code_oro,144S,144,Suffix&NoDoubleNeg,Healey-et-al-1969[ 53],
144S-orw,http://wals.info/languoid/lect/wals_code_orw,144S,144,Suffix&OnlyWithAnotherNeg,Heine-1981[ 42],
144S-sna,http://wals.info/languoid/lect/wals_code_sna,144S,144,NoSOVNeg,Bailey-1924[ passim],
144S-tbl,http://wals.info/languoid/lect/wals_code_tbl,144S,144,Type 5 / Type 6,Abisay-et-al-1983[ 13],
144S-wak,http://wals.info/languoid/lect/wals_code_wak,144S,144,NoSOVNeg,"Lorimer-1958[ 196, 208]",
144S-bdm,http://wals.info/languoid/lect/wals_code_bdm,144S,144,NoSOVNeg,Dunn-1988[ 119],
144S-cai,http://wals.info/languoid/lect/wals_code_cai,144S,144,Word&NoDoubleNeg,Last-and-Lucassen-1998[ 419],
144S-eud,http://wals.info/languoid/lect/wals_code_eud,144S,144,NoSOVNeg,Shaul-1991[ 93],
144S-gln,http://wals.info/languoid/lect/wals_code_gln,144S,144,Suffix&NoDoubleNeg,Bunn-1974[ 22],
144S-irx,http://wals.info/languoid/lect/wals_code_irx,144S,144,Suffix&NoDoubleNeg,Meader-1967[ 54],
144S-kim,http://wals.info/languoid/lect/wals_code_kim,144S,144,Word&NoDoubleNeg,"Boelaars-1950[ 147, 35]",
144S-lis,http://wals.info/languoid/lect/wals_code_lis,144S,144,NoSOVNeg,Hope-1974[ 153];Bradley-2003[ 233],
144S-mru,http://wals.info/languoid/lect/wals_code_mru,144S,144,NoSOVNeg,Abbey-1899[ 21],
144S-mno,http://wals.info/languoid/lect/wals_code_mno,144S,144,NoSOVNeg,Norris-1986[ 32],
144S-ptt,http://wals.info/languoid/lect/wals_code_ptt,144S,144,NoSOVNeg,"Sharma-2000[ passim];Sharma-1982a[ 164, 183]",
144S-prk,http://wals.info/languoid/lect/wals_code_prk,144S,144,Suffix&NoDoubleNeg,Rangan-1979[ 94-98],
144S-rum,http://wals.info/languoid/lect/wals_code_rum,144S,144,Suffix&NoDoubleNeg,"Petterson-1999[ 14, passim]",
144S-run,http://wals.info/languoid/lect/wals_code_run,144S,144,Suffix&OptDoubleNeg,Nougayrol-1989[ 64],
144S-tlo,http://wals.info/languoid/lect/wals_code_tlo,144S,144,Suffix&NoDoubleNeg,Holton-2003[ 46],
144S-akh,http://wals.info/languoid/lect/wals_code_akh,144S,144,NoSOVNeg,Dellinger-1969[ 162-163];Hansson-2003[ 245],
144S-ang,http://wals.info/languoid/lect/wals_code_ang,144S,144,Suffix&NoDoubleNeg,Litteral-1972[ 76],
144S-ass,http://wals.info/languoid/lect/wals_code_ass,144S,144,NoSOVNeg,Goswami-and-Tamuli-2003[ 426],
144S-gon,http://wals.info/languoid/lect/wals_code_gon,144S,144,Suffix&NoDoubleNeg,Subrahmanyam-1968[ 53-54],
144S-hlp,http://wals.info/languoid/lect/wals_code_hlp,144S,144,Word&OptDoubleNeg,Watahomigie-et-al-1982[ 155-159],
144S-hpd,http://wals.info/languoid/lect/wals_code_hpd,144S,144,Suffix&NoDoubleNeg,"Epps-2008[ 725, 736]",
144S-ldu,http://wals.info/languoid/lect/wals_code_ldu,144S,144,Word&NoDoubleNeg,Tucker-and-Bryan-1966[ 54],
144S-nma,http://wals.info/languoid/lect/wals_code_nma,144S,144,Word&NoDoubleNeg,"Giridhar-1994[ 376, 380ff]",
144S-tmo,http://wals.info/languoid/lect/wals_code_tmo,144S,144,Word&NoDoubleNeg,"Goldstein-1991[ 127-130, 283]",
144S-zay,http://wals.info/languoid/lect/wals_code_zay,144S,144,Suffix&NoDoubleNeg,Hayward-1990b[ 303-307],
144S-apt,http://wals.info/languoid/lect/wals_code_apt,144S,144,Suffix&NoDoubleNeg,Abraham-1985[ 108],
144S-chg,http://wals.info/languoid/lect/wals_code_chg,144S,144,NoSOVNeg,Hutton-1987[ 19],
144S-kaa,http://wals.info/languoid/lect/wals_code_kaa,144S,144,Word&NoDoubleNeg,"Gabas-1999[ 158, 184]",
144S-kem,http://wals.info/languoid/lect/wals_code_kem,144S,144,Suffix&NoDoubleNeg,Appleyard-1975[ 333-334],
144S-man,http://wals.info/languoid/lect/wals_code_man,144S,144,NoSOVNeg,Becker-Donner-1965[ 44],
144S-mee,http://wals.info/languoid/lect/wals_code_mee,144S,144,Suffix&NoDoubleNeg,Will-1989[ 147],
144S-nev,http://wals.info/languoid/lect/wals_code_nev,144S,144,NoSOVNeg,Shaul-1982[ passim],
144S-nwd,http://wals.info/languoid/lect/wals_code_nwd,144S,144,NoSOVNeg,Genetti-1990[ 259],
144S-ntj,http://wals.info/languoid/lect/wals_code_ntj,144S,144,Suffix&NoDoubleNeg,Douglas-1964[ 52],
144S-sdw,http://wals.info/languoid/lect/wals_code_sdw,144S,144,Suffix&NoDoubleNeg,Eaton-2008[ 130],
144S-sar,http://wals.info/languoid/lect/wals_code_sar,144S,144,Suffix&NoDoubleNeg,Sumbuk-2002,
144S-uyg,http://wals.info/languoid/lect/wals_code_uyg,144S,144,Suffix&NoDoubleNeg,Hahn-1998[ 392],
144S-bho,http://wals.info/languoid/lect/wals_code_bho,144S,144,NoSOVNeg,"Shukla-1981[ 152, 309]",
144S-hui,http://wals.info/languoid/lect/wals_code_hui,144S,144,NoSOVNeg,Grimes-1964[ 88-89],
144S-kok,http://wals.info/languoid/lect/wals_code_kok,144S,144,Suffix&NoDoubleNeg,Karapurkar-1976[ 71],
144S-kuv,http://wals.info/languoid/lect/wals_code_kuv,144S,144,Suffix&NoDoubleNeg,Israel-1979[ 162],
144S-msg,http://wals.info/languoid/lect/wals_code_msg,144S,144,Suffix&NoDoubleNeg,Prasad-1991[ 99],
144S-nam,http://wals.info/languoid/lect/wals_code_nam,144S,144,NoSOVNeg,Feldpausch-and-Feldpausch-1992[ 70],
144S-agm,http://wals.info/languoid/lect/wals_code_agm,144S,144,Word&NoDoubleNeg,Giridhar-1980[ 80],
144S-cpn,http://wals.info/languoid/lect/wals_code_cpn,144S,144,Suffix&NoDoubleNeg,Caughley-1982[ 41],
144S-gur,http://wals.info/languoid/lect/wals_code_gur,144S,144,NoSOVNeg,Glover-1974[ 113-114],
144S-khg,http://wals.info/languoid/lect/wals_code_khg,144S,144,Suffix&OnlyWithAnotherNeg,Toba-1984[ 6],
144S-krw,http://wals.info/languoid/lect/wals_code_krw,144S,144,Suffix&OnlyWithAnotherNeg,van-Enk-and-de-Vries-1997[ 101],
144S-mny,http://wals.info/languoid/lect/wals_code_mny,144S,144,NoSOVNeg,Breen-1981a[ 343],
144S-mik,http://wals.info/languoid/lect/wals_code_mik,144S,144,Suffix&NoDoubleNeg,Grussner-1978[ 98];Jeyapaul-1987[ 153],
144S-nab,http://wals.info/languoid/lect/wals_code_nab,144S,144,NoSOVNeg,Fabian-et-al-1998[ 62],
144S-pba,http://wals.info/languoid/lect/wals_code_pba,144S,144,NoSOVNeg,"Estrada-Fernandez-1996[ says first or preverbal, but there are SNegOV egs]",
144S-tma,http://wals.info/languoid/lect/wals_code_tma,144S,144,Suffix&NoDoubleNeg,Tucker-and-Bryan-1966[ 217],
144S-tce,http://wals.info/languoid/lect/wals_code_tce,144S,144,NoSOVNeg,Cohen-1998[ 282],
144S-tsf,http://wals.info/languoid/lect/wals_code_tsf,144S,144,Suffix&NoDoubleNeg,Dickinson-2002[ 150],
144S-tnn,http://wals.info/languoid/lect/wals_code_tnn,144S,144,NoSOVNeg,"Dugast-1971[ 171-190, 310]",
144S-way,http://wals.info/languoid/lect/wals_code_way,144S,144,Suffix&OnlyWithAnotherNeg,Jensen-1994[ 344];Grenand-1980[ 89],
144S-wly,http://wals.info/languoid/lect/wals_code_wly,144S,144,Suffix&NoDoubleNeg,Tucker-and-Bryan-1966[ 560],
144S-abn,http://wals.info/languoid/lect/wals_code_abn,144S,144,NoSOVNeg,Hercus-1994[ 263],
144S-chh,http://wals.info/languoid/lect/wals_code_chh,144S,144,NoSOVNeg,Leslau-1950[ 28-29],
144S-kkp,http://wals.info/languoid/lect/wals_code_kkp,144S,144,Suffix&NoDoubleNeg,"Wurm-1951[ 569, 571-574]",
144S-lal,http://wals.info/languoid/lect/wals_code_lal,144S,144,NoSOVNeg,Bjorverud-1998[ passim],
144S-lmn,http://wals.info/languoid/lect/wals_code_lmn,144S,144,Word&NoDoubleNeg,"Trail-1970[ 91, 104-106]",
144S-mog,http://wals.info/languoid/lect/wals_code_mog,144S,144,NoSOVNeg,Weiers-2003[ 262],
144S-ngt,http://wals.info/languoid/lect/wals_code_ngt,144S,144,NoSOVNeg,Arokianathan-1987[ 93];Pettigrew-1918[ 36-37],
144S-ath,http://wals.info/languoid/lect/wals_code_ath,144S,144,Suffix&NoDoubleNeg,Ebert-1997b[ 55ff],
144S-khl,http://wals.info/languoid/lect/wals_code_khl,144S,144,Suffix&NoDoubleNeg,Doerfer-1988[ 123],
144S-msn,http://wals.info/languoid/lect/wals_code_msn,144S,144,Word&OnlyWithAnotherNeg,"Ross-1984[ 22, 50, 59]",
144S-mdn,http://wals.info/languoid/lect/wals_code_mdn,144S,144,Suffix&OnlyWithAnotherNeg,Kennard-1936[ 23],
144S-maw,http://wals.info/languoid/lect/wals_code_maw,144S,144,NoSOVNeg,Delafosse-1929[ passim],
144S-nue,http://wals.info/languoid/lect/wals_code_nue,144S,144,NoSOVNeg,"Crazzolara-1933[ 96, 150-155]",
144S-sng,http://wals.info/languoid/lect/wals_code_sng,144S,144,NoSOVNeg,Kolia-1975[ passim],
144S-amb,http://wals.info/languoid/lect/wals_code_amb,144S,144,Suffix&NoDoubleNeg,"Wilson-1980[ 160-161, passim]",
144S-bua,http://wals.info/languoid/lect/wals_code_bua,144S,144,NoSOVNeg,"Glasgow-1994[ 199, 921, passim];Glasgow-and-Garner-1980[ 74-75]",
144S-dig,http://wals.info/languoid/lect/wals_code_dig,144S,144,Suffix&NoDoubleNeg,Sastry-1984[ 160],
144S-gim,http://wals.info/languoid/lect/wals_code_gim,144S,144,Suffix&NoDoubleNeg,Breeze-1990[ 29-30],
144S-guj,http://wals.info/languoid/lect/wals_code_guj,144S,144,NoSOVNeg,Cardona-1965[ 138],
144S-krr,http://wals.info/languoid/lect/wals_code_krr,144S,144,Word&NoDoubleNeg,Wivell-1981[ 162],
144S-mka,http://wals.info/languoid/lect/wals_code_mka,144S,144,Word&OnlyWithAnotherNeg,Ebermann-1986a[ 96-102],
144S-mtu,http://wals.info/languoid/lect/wals_code_mtu,144S,144,Word&NoDoubleNeg,Lawes-1888[ passim],
144S-nyi,http://wals.info/languoid/lect/wals_code_nyi,144S,144,NoSOVNeg,Tucker-and-Bryan-1966[ 251],
144S-pme,http://wals.info/languoid/lect/wals_code_pme,144S,144,Suffix&NoDoubleNeg,McLendon-1975[ passim],
144S-src,http://wals.info/languoid/lect/wals_code_src,144S,144,NoSOVNeg,"Cook-1984[ 40, passim]",
144S-tul,http://wals.info/languoid/lect/wals_code_tul,144S,144,Suffix&NoDoubleNeg,Brigel-1982[ 46-103],
144S-blx,http://wals.info/languoid/lect/wals_code_blx,144S,144,Word&OptDoubleNeg,Einaudi-1976[ 86-88],
144S-gds,http://wals.info/languoid/lect/wals_code_gds,144S,144,NoSOVNeg,Frantz-1973[ passim],
144S-twe,http://wals.info/languoid/lect/wals_code_twe,144S,144,NoSOVNeg,Burgess-1984[ passim],
144S-uby,http://wals.info/languoid/lect/wals_code_uby,144S,144,Suffix&NoDoubleNeg,"Charachidze-1989[ 384, passim]",
144S-urd,http://wals.info/languoid/lect/wals_code_urd,144S,144,NoSOVNeg,Bender-1967[ 191];Schmidt-1999[ 191],
144S-wmu,http://wals.info/languoid/lect/wals_code_wmu,144S,144,NoSOVNeg,Kilham-et-al-1986[ passim],
144S-paw,http://wals.info/languoid/lect/wals_code_paw,144S,144,Type 1 / Type 2,"Trefry-1969[ 48, 52]",
144S-slb,http://wals.info/languoid/lect/wals_code_slb,144S,144,NoSOVNeg,Margetts-1999b[ 32];Margetts-1999a[ 24-26],
144S-taj,http://wals.info/languoid/lect/wals_code_taj,144S,144,NoSOVNeg,Rastorgueva-1963[ 57],
144S-twn,http://wals.info/languoid/lect/wals_code_twn,144S,144,NoSOVNeg,Trager-1946[ 202],
144S-ese,http://wals.info/languoid/lect/wals_code_ese,144S,144,Word&NoDoubleNeg,"Shoemaker-and-Shoemaker-1967[ 242, passim]",
144S-hmi,http://wals.info/languoid/lect/wals_code_hmi,144S,144,Suffix&NoDoubleNeg,Minor-et-al-1982[ 16],
144S-kmp,http://wals.info/languoid/lect/wals_code_kmp,144S,144,NoSOVNeg,Geary-1977[ 27-28],
144S-naj,http://wals.info/languoid/lect/wals_code_naj,144S,144,NoSOVNeg,"Khan-1999[ 115, 356-357]",
144S-raw,http://wals.info/languoid/lect/wals_code_raw,144S,144,NoSOVNeg,Barnard-1934[ passim],
144S-tar,http://wals.info/languoid/lect/wals_code_tar,144S,144,Suffix&OptDoubleNeg,Aikhenvald-2003,
144S-yar,http://wals.info/languoid/lect/wals_code_yar,144S,144,Suffix&NoDoubleNeg,"Weimer-and-Weimer-1975[ 62, 65]",
144S-yuw,http://wals.info/languoid/lect/wals_code_yuw,144S,144,NoSOVNeg,"Williams-1980a[ 107, 112]",
144S-arw,http://wals.info/languoid/lect/wals_code_arw,144S,144,NoSOVNeg,"Gulian-1965[ 59, passim]",
144S-baa,http://wals.info/languoid/lect/wals_code_baa,144S,144,NoSOVNeg,Olson-1975[ 482],
144S-hay,http://wals.info/languoid/lect/wals_code_hay,144S,144,NoSOVNeg,Michailovsky-1988[ 161],
144S-kma,http://wals.info/languoid/lect/wals_code_kma,144S,144,Suffix&OptDoubleNeg,Seki-2000[ 329-330],
144S-sro,http://wals.info/languoid/lect/wals_code_sro,144S,144,Word&NoDoubleNeg,"Wells-1979[ 59-60, passim]",
144S-ctm,http://wals.info/languoid/lect/wals_code_ctm,144S,144,Suffix&NoDoubleNeg,Swanton-1919[ 18-19],
144S-gmw,http://wals.info/languoid/lect/wals_code_gmw,144S,144,NoSOVNeg,Olson-1988[ 160],
144S-kng,http://wals.info/languoid/lect/wals_code_kng,144S,144,Word&NoDoubleNeg,"Henry-1948[ 121, 144-145]",
144S-krc,http://wals.info/languoid/lect/wals_code_krc,144S,144,Type 1 / Type 2,"Seegmiller-1996[ 25, 36]",
144S-mnm,http://wals.info/languoid/lect/wals_code_mnm,144S,144,NoSOVNeg,Lichtenberk-1983[ 384],
144S-nga,http://wals.info/languoid/lect/wals_code_nga,144S,144,NoSOVNeg,Helimski-1998a[ 511],
144S-udm,http://wals.info/languoid/lect/wals_code_udm,144S,144,Word&NoDoubleNeg,Tepljashina-1966[ 270-272],
144S-wbn,http://wals.info/languoid/lect/wals_code_wbn,144S,144,Suffix&NoDoubleNeg,de-Vries-1989[ 32],
144S-ytu,http://wals.info/languoid/lect/wals_code_ytu,144S,144,NoSOVNeg,"Krejnovich-1958[ 138-140, 151-152]",
144S-cay,http://wals.info/languoid/lect/wals_code_cay,144S,144,Suffix&NoDoubleNeg,Abrahamson-1962[ 233],
144S-chp,http://wals.info/languoid/lect/wals_code_chp,144S,144,Word&NoDoubleNeg,"Richardson-1968[ 10, passim]",
144S-dji,http://wals.info/languoid/lect/wals_code_dji,144S,144,NoSOVNeg,Chadwick-1975[ 83],
144S-kmh,http://wals.info/languoid/lect/wals_code_kmh,144S,144,NoSOVNeg,Watters-1973[ 107-108];Watters-1998[ 198],
144S-kol,http://wals.info/languoid/lect/wals_code_kol,144S,144,Type 1 / Type 2,"Emeneau-1955[ 65, 75-78, 110-101]",
144S-kry,http://wals.info/languoid/lect/wals_code_kry,144S,144,Suffix&OnlyWithAnotherNeg,Zhukova-1968b[ 281],
144S-dan,http://wals.info/languoid/lect/wals_code_dan,144S,144,NoSOVNeg,"Doneux-1968[ 66, 68, 71]",
144S-koy,http://wals.info/languoid/lect/wals_code_koy,144S,144,Suffix&NoDoubleNeg,"Tyler-1969[ 85-86, 96-97]",
144S-shi,http://wals.info/languoid/lect/wals_code_shi,144S,144,Word&NoDoubleNeg,"Gomez-1990[ 91-92, 108-109]",
144S-tbu,http://wals.info/languoid/lect/wals_code_tbu,144S,144,Suffix&NoDoubleNeg,Tucker-and-Bryan-1966[ 191],
144S-hum,http://wals.info/languoid/lect/wals_code_hum,144S,144,Suffix&NoDoubleNeg,"Burtch-and-Wise-1968[ 22, 23]",
144S-jiv,http://wals.info/languoid/lect/wals_code_jiv,144S,144,Suffix&NoDoubleNeg,Beuchat-and-Rivet-1909[ 816-817],
144S-msl,http://wals.info/languoid/lect/wals_code_msl,144S,144,Suffix&NoDoubleNeg,Edgar-1989[ 29],
144S-syu,http://wals.info/languoid/lect/wals_code_syu,144S,144,Suffix&NoDoubleNeg,Irwin-1974[ 11],
144S-ser,http://wals.info/languoid/lect/wals_code_ser,144S,144,NoSOVNeg,Marlett-1981[ 72-73],
144S-vai,http://wals.info/languoid/lect/wals_code_vai,144S,144,NoSOVNeg,"Welmers-1976[ 77, 84-94, 96]",
144S-gwa,http://wals.info/languoid/lect/wals_code_gwa,144S,144,Word&OnlyWithAnotherNeg,Hyman-and-Magaji-1970[ 118],
144S-kmb,http://wals.info/languoid/lect/wals_code_kmb,144S,144,Suffix&OptDoubleNeg,de-Vries-1993[ 30],
144S-mde,http://wals.info/languoid/lect/wals_code_mde,144S,144,NoSOVNeg,"Aginsky-1935[ 21, 33]",
144S-nbr,http://wals.info/languoid/lect/wals_code_nbr,144S,144,NoSOVNeg,Alphonse-1956[ passim],
144S-pno,http://wals.info/languoid/lect/wals_code_pno,144S,144,NoSOVNeg,Snapp-et-al-1982[ 13],
144S-aly,http://wals.info/languoid/lect/wals_code_aly,144S,144,Suffix&NoDoubleNeg,Yallop-1977[ 56],
144S-kiw,http://wals.info/languoid/lect/wals_code_kiw,144S,144,Suffix&OnlyWithAnotherNeg,Ray-1933[ passim],
144S-kwo,http://wals.info/languoid/lect/wals_code_kwo,144S,144,Suffix&OptDoubleNeg,Kooyers-1974[ 50-52],
144S-mnc,http://wals.info/languoid/lect/wals_code_mnc,144S,144,Suffix&NoDoubleNeg,Haenisch-1961[ 58],
144S-taw,http://wals.info/languoid/lect/wals_code_taw,144S,144,NoSOVNeg,"Ezard-1991[ 144-145, passim]",
144S-miz,http://wals.info/languoid/lect/wals_code_miz,144S,144,Word&NoDoubleNeg,Chhangte-1989[ 132],
144S-wah,http://wals.info/languoid/lect/wals_code_wah,144S,144,NoSOVNeg,Luzbetak-1954[ passim],
144S-aze,http://wals.info/languoid/lect/wals_code_aze,144S,144,Suffix&NoDoubleNeg,Householder-and-Lofti-1965[ 61],
144S-ben,http://wals.info/languoid/lect/wals_code_ben,144S,144,Word&NoDoubleNeg,Dasgupta-2003[ 375],
144S-but,http://wals.info/languoid/lect/wals_code_but,144S,144,Suffix&NoDoubleNeg,Poppe-1960[ 56],
144S-chc,http://wals.info/languoid/lect/wals_code_chc,144S,144,NoSOVNeg,Nichols-1994a[ 44],
144S-hua,http://wals.info/languoid/lect/wals_code_hua,144S,144,NoSOVNeg,"Haiman-1980[ 193, 335]",
144S-jng,http://wals.info/languoid/lect/wals_code_jng,144S,144,NoSOVNeg,Hertz-1917[ 21-22],
144S-mpa,http://wals.info/languoid/lect/wals_code_mpa,144S,144,NoSOVNeg,Walsh-1976[ 277];Street-1980[ 86],
144S-new,http://wals.info/languoid/lect/wals_code_new,144S,144,NoSOVNeg,Malla-1985[ 87-89],
144S-was,http://wals.info/languoid/lect/wals_code_was,144S,144,Suffix&NoDoubleNeg,Kroeber-1906[ 290-291],
144S-kya,http://wals.info/languoid/lect/wals_code_kya,144S,144,NoSOVNeg,Hershberger-1964b[ 39],
144S-ttu,http://wals.info/languoid/lect/wals_code_ttu,144S,144,NoSOVNeg,"Holisky-and-Gagua-1994[ 186, 199, 210]",
144S-wsk,http://wals.info/languoid/lect/wals_code_wsk,144S,144,NoSOVNeg,Ross-and-Paol-1978[ 14],
144S-ao,http://wals.info/languoid/lect/wals_code_ao,144S,144,Suffix&OnlyWithAnotherNeg,"Coupe-2007[ 291-292, 341]",
144S-apl,http://wals.info/languoid/lect/wals_code_apl,144S,144,Suffix&NoDoubleNeg,Koehn-and-Koehn-1986[ 64],
144S-lai,http://wals.info/languoid/lect/wals_code_lai,144S,144,Word&NoDoubleNeg,Hay-Neave-1953[ 24],
144S-nar,http://wals.info/languoid/lect/wals_code_nar,144S,144,NoSOVNeg,Tucker-and-Bryan-1966[ 334];Thompson-1976a[ 493],
144S-tam,http://wals.info/languoid/lect/wals_code_tam,144S,144,NoSOVNeg,Mazaudon-2003[ 301];Mazaudon-1976[ 18],
144S-tib,http://wals.info/languoid/lect/wals_code_tib,144S,144,NoSOVNeg,De-Lancey-2003[ 285],
144S-udh,http://wals.info/languoid/lect/wals_code_udh,144S,144,NoSOVNeg,Nikolaeva-and-Tolskaya-2001[ 818],
144S-cct,http://wals.info/languoid/lect/wals_code_cct,144S,144,Suffix&NoDoubleNeg,Nicklas-1979[ 65];Davies-1981c[ 51],
144S-dum,http://wals.info/languoid/lect/wals_code_dum,144S,144,Word&NoDoubleNeg,Ross-1980[ 99],
144S-oss,http://wals.info/languoid/lect/wals_code_oss,144S,144,NoSOVNeg,Abaev-1964[ passim],
144S-trb,http://wals.info/languoid/lect/wals_code_trb,144S,144,Word&NoDoubleNeg,Quesada-2000[ 103],
144S-tja,http://wals.info/languoid/lect/wals_code_tja,144S,144,Word&OptDoubleNeg,Miller-2001[ 168],
144S-din,http://wals.info/languoid/lect/wals_code_din,144S,144,NoSOVNeg,"Nebel-1948[ 17, 56-58];Tucker-and-Bryan-1966[ 430, 437]",
144S-evn,http://wals.info/languoid/lect/wals_code_evn,144S,144,Suffix&OnlyWithAnotherNeg,Benzing-1955[ 86],
144S-mgg,http://wals.info/languoid/lect/wals_code_mgg,144S,144,NoSOVNeg,Slater-2003[ 146],
144S-res,http://wals.info/languoid/lect/wals_code_res,144S,144,NoSOVNeg,"Allin-1976[ 309-310, passim]",
144S-tkl,http://wals.info/languoid/lect/wals_code_tkl,144S,144,NoSOVNeg,Sapir-1909[ passim],
144S-ite,http://wals.info/languoid/lect/wals_code_ite,144S,144,Suffix&OnlyWithAnotherNeg,Volodin-1976[ 274],
144S-kab,http://wals.info/languoid/lect/wals_code_kab,144S,144,Suffix&NoDoubleNeg,"Colarusso-1989[ 311, 320, passim]",
144S-nmb,http://wals.info/languoid/lect/wals_code_nmb,144S,144,Suffix&NoDoubleNeg,Kroeker-1982[ 30],
144S-nas,http://wals.info/languoid/lect/wals_code_nas,144S,144,Type 1 / Type 2,Hurd-and-Hurd-1966[ passim],
144S-guu,http://wals.info/languoid/lect/wals_code_guu,144S,144,NoSOVNeg,Haviland-1979[ 143],
144S-hop,http://wals.info/languoid/lect/wals_code_hop,144S,144,NoSOVNeg,Kalectaca-1978[ 39],
144S-mis,http://wals.info/languoid/lect/wals_code_mis,144S,144,Suffix&NoDoubleNeg,Adam-1891[ 50ff];Anonymous-1985[ 147],
144S-djp,http://wals.info/languoid/lect/wals_code_djp,144S,144,NoSOVNeg,Morphy-1983[ 147],
144S-krd,http://wals.info/languoid/lect/wals_code_krd,144S,144,NoSOVNeg,"Blau-1980[ 68];Abdulla-and-McCarus-1967[ 78, 214]",
144S-ygr,http://wals.info/languoid/lect/wals_code_ygr,144S,144,NoSOVNeg,Renck-1975[ 84-85],
144S-dgr,http://wals.info/languoid/lect/wals_code_dgr,144S,144,NoSOVNeg,Martin-1961[ 41.44],
144S-pae,http://wals.info/languoid/lect/wals_code_pae,144S,144,Suffix&NoDoubleNeg,Slocum-1986[ 73],
144S-mns,http://wals.info/languoid/lect/wals_code_mns,144S,144,NoSOVNeg,"Murphy-1968[ 140-142, 162];Honti-1988[ 163]",
144S-arc,http://wals.info/languoid/lect/wals_code_arc,144S,144,Suffix&NoDoubleNeg,Kibrik-et-al-1977[ III:244-III:247],
144S-ava,http://wals.info/languoid/lect/wals_code_ava,144S,144,Word&NoDoubleNeg,Bokarev-1949b[ 128],
144S-uzb,http://wals.info/languoid/lect/wals_code_uzb,144S,144,Suffix&NoDoubleNeg,"Boeschoten-1998[ 357, 373]",
144S-kty,http://wals.info/languoid/lect/wals_code_kty,144S,144,NoSOVNeg,Honti-1988[ 190],
144S-mym,http://wals.info/languoid/lect/wals_code_mym,144S,144,Suffix&NoDoubleNeg,Asher-and-Kumari-1997[ passim],
144S-tel,http://wals.info/languoid/lect/wals_code_tel,144S,144,Suffix&NoDoubleNeg,"Lisker-1963[ 204-207, 259]",
144S-ykt,http://wals.info/languoid/lect/wals_code_ykt,144S,144,Suffix&NoDoubleNeg,Krueger-1962[ 127];Stachowski-and-Menz-1998[ 431],
144S-awt,http://wals.info/languoid/lect/wals_code_awt,144S,144,NoSOVNeg,"Feldman-1986[ 57, 146, 146]",
144S-nep,http://wals.info/languoid/lect/wals_code_nep,144S,144,Suffix&NoDoubleNeg,Bandhu-1973[ 40ff],
144S-tgr,http://wals.info/languoid/lect/wals_code_tgr,144S,144,NoSOVNeg,Raz-1983[ 76],
144S-tuv,http://wals.info/languoid/lect/wals_code_tuv,144S,144,Suffix&NoDoubleNeg,Krueger-1977[ 129],
144S-ret,http://wals.info/languoid/lect/wals_code_ret,144S,144,Suffix&NoDoubleNeg,Strom-1992[ 145],
144S-tau,http://wals.info/languoid/lect/wals_code_tau,144S,144,NoSOVNeg,MacDonald-1990[ 216],
144S-ijo,http://wals.info/languoid/lect/wals_code_ijo,144S,144,Type 1 / Type 2,Williamson-1965[ 74],
144S-psh,http://wals.info/languoid/lect/wals_code_psh,144S,144,NoSOVNeg,"Shafeev-1964[ 52, 48]",
144S-wao,http://wals.info/languoid/lect/wals_code_wao,144S,144,Suffix&NoDoubleNeg,"Peeke-1979[ 41];Peeke-1994[ 273, 277]",
144S-wap,http://wals.info/languoid/lect/wals_code_wap,144S,144,Suffix&NoDoubleNeg,Li-et-al-1977[ passim];Radin-1929[ 139],
144S-bri,http://wals.info/languoid/lect/wals_code_bri,144S,144,NoSOVNeg,Margery-Pena-1982[ xli-lxiii],
144S-kis,http://wals.info/languoid/lect/wals_code_kis,144S,144,Word&OnlyWithAnotherNeg,"Childs-1995[ 125, 142, 220-222, 227, 260-261]",
144S-tsh,http://wals.info/languoid/lect/wals_code_tsh,144S,144,Suffix&OnlyWithAnotherNeg,Dayley-1989a[ 320-322],
144S-ton,http://wals.info/languoid/lect/wals_code_ton,144S,144,Suffix&NoDoubleNeg,Troike-1967[ 329];Hoijer-1933-1938[ 82],
144S-mhi,http://wals.info/languoid/lect/wals_code_mhi,144S,144,Word&NoDoubleNeg,,
144S-amp,http://wals.info/languoid/lect/wals_code_amp,144S,144,Suffix&NoDoubleNeg,Wilkins-1989[ 235],
144S-die,http://wals.info/languoid/lect/wals_code_die,144S,144,Word&NoDoubleNeg,Langdon-1970[ 182],
144S-pan,http://wals.info/languoid/lect/wals_code_pan,144S,144,NoSOVNeg,"Gill-and-Gleason-1969[ 139];Gill-and-Gleason-1963[ 215-217, 221]",
144S-mne,http://wals.info/languoid/lect/wals_code_mne,144S,144,Suffix&NoDoubleNeg,Shipley-1964[ 44],
144S-eka,http://wals.info/languoid/lect/wals_code_eka,144S,144,Word&NoDoubleNeg,Boelaars-1950[ 149],
144S-ham,http://wals.info/languoid/lect/wals_code_ham,144S,144,NoSOVNeg,"Oates-and-Oates-1968[ 61, 63]",
144S-mac,http://wals.info/languoid/lect/wals_code_mac,144S,144,Word&NoDoubleNeg,Abbott-1991[ 55],
144S-mrd,http://wals.info/languoid/lect/wals_code_mrd,144S,144,NoSOVNeg,"Boelaars-1950[ 7, 146]",
144S-mab,http://wals.info/languoid/lect/wals_code_mab,144S,144,Type 5 / Type 4,Tucker-and-Bryan-1966[ 204];Trenga-1947[ 139],
144S-chv,http://wals.info/languoid/lect/wals_code_chv,144S,144,Suffix&NoDoubleNeg,Krueger-1961[ 143],
144S-dut,http://wals.info/languoid/lect/wals_code_dut,144S,144,NoSOVNeg,Shetter-1958[ passim],
144S-una,http://wals.info/languoid/lect/wals_code_una,144S,144,NoSOVNeg,Louwerse-1988[ 88],
144S-tml,http://wals.info/languoid/lect/wals_code_tml,144S,144,Suffix&NoDoubleNeg,"Asher-1982[ 77, 175]",
144S-lah,http://wals.info/languoid/lect/wals_code_lah,144S,144,NoSOVNeg,"Matisoff-1973[ 45, 265]",
144S-yuc,http://wals.info/languoid/lect/wals_code_yuc,144S,144,NoSOVNeg,Linn-2001[ 480],
144S-pso,http://wals.info/languoid/lect/wals_code_pso,144S,144,Suffix&OnlyWithAnotherNeg,"Moshinsky-1974[ 66, 110, 115]",
144S-zun,http://wals.info/languoid/lect/wals_code_zun,144S,144,Suffix&OnlyWithAnotherNeg,"Nichols-1997b[ 10, 25]",
144S-snt,http://wals.info/languoid/lect/wals_code_snt,144S,144,NoSOVNeg,"Cowan-1965[ 18, passim]",
144S-som,http://wals.info/languoid/lect/wals_code_som,144S,144,NoSOVNeg,Kirk-1905[ 48-49];Saeed-1987[ 71],
144S-fur,http://wals.info/languoid/lect/wals_code_fur,144S,144,Suffix&OnlyWithAnotherNeg,Jakobi-1990[ 117];Beaton-1968[ 95],
144S-lad,http://wals.info/languoid/lect/wals_code_lad,144S,144,Suffix&NoDoubleNeg,Koshal-1979[ 243-250],
144S-lep,http://wals.info/languoid/lect/wals_code_lep,144S,144,Suffix&OnlyWithAnotherNeg,,
144S-tli,http://wals.info/languoid/lect/wals_code_tli,144S,144,NoSOVNeg,Naish-1979[ 118-124],
144S-bam,http://wals.info/languoid/lect/wals_code_bam,144S,144,NoSOVNeg,Bird-et-al-1977[ 219],
144S-nti,http://wals.info/languoid/lect/wals_code_nti,144S,144,NoSOVNeg,"Kutsch-Lojenga-1994[ 242, 391]",
144S-car,http://wals.info/languoid/lect/wals_code_car,144S,144,Suffix&NoDoubleNeg,Hoff-1968[ 115],
144S-tun,http://wals.info/languoid/lect/wals_code_tun,144S,144,Suffix&NoDoubleNeg,Haas-1940[ 54],
144S-sue,http://wals.info/languoid/lect/wals_code_sue,144S,144,NoSOVNeg,Wilson-1974[ 99-100],
144S-mku,http://wals.info/languoid/lect/wals_code_mku,144S,144,Word&OnlyWithAnotherNeg,Tryon-1970b[ 53],
144S-amh,http://wals.info/languoid/lect/wals_code_amh,144S,144,Suffix&OnlyWithAnotherNeg,"Leslau-1966[ 609-610];Leslau-1995[ 292, 302]",
144S-arm,http://wals.info/languoid/lect/wals_code_arm,144S,144,NoSOVNeg,,
144S-aym,http://wals.info/languoid/lect/wals_code_aym,144S,144,NoSOVNeg,"Wexler-1967[ 25, 137]",
144S-baw,http://wals.info/languoid/lect/wals_code_baw,144S,144,Word&NoDoubleNeg,Reichle-1981[ 54],
144S-nbd,http://wals.info/languoid/lect/wals_code_nbd,144S,144,Suffix&NoDoubleNeg,Armbruster-1960[ 205],
144S-hai,http://wals.info/languoid/lect/wals_code_hai,144S,144,Suffix&OnlyWithAnotherNeg,Enrico-2003[ 219],
144S-usa,http://wals.info/languoid/lect/wals_code_usa,144S,144,NoSOVNeg,Reesink-1987[ 276-285],
144S-bej,http://wals.info/languoid/lect/wals_code_bej,144S,144,NoSOVNeg,"Hudson-1974[ passim];Reinisch-1893[ 147, 184]",
144S-gar,http://wals.info/languoid/lect/wals_code_gar,144S,144,Suffix&NoDoubleNeg,Burling-1961[ 18],
144S-dag,http://wals.info/languoid/lect/wals_code_dag,144S,144,NoSOVNeg,"Murane-1974[ 112, 26]",
144S-cah,http://wals.info/languoid/lect/wals_code_cah,144S,144,NoSOVNeg,Seiler-1977[ 200],
144S-knm,http://wals.info/languoid/lect/wals_code_knm,144S,144,Suffix&NoDoubleNeg,Tucker-and-Bryan-1966[ 345],
144S-nav,http://wals.info/languoid/lect/wals_code_nav,144S,144,NoSOVNeg,Sapir-and-Hoijer-1967[ 109];Young-and-Morgan-1980[ 352];Reichard-1951[ 307],
144S-cmn,http://wals.info/languoid/lect/wals_code_cmn,144S,144,NoSOVNeg,Charney-1993[ 220],
144S-tru,http://wals.info/languoid/lect/wals_code_tru,144S,144,Word&NoDoubleNeg,"Monod-Becquelin-1975[ 179, 199, 211];Guirardello-1999a[ 233]",
144S-dni,http://wals.info/languoid/lect/wals_code_dni,144S,144,Word&NoDoubleNeg,Bromley-1981[ 321],
144S-nen,http://wals.info/languoid/lect/wals_code_nen,144S,144,NoSOVNeg,Hajdu-1963[ 69];Salminen-1998[ 543];Tereshchenko-1966a[ 389],
144S-urk,http://wals.info/languoid/lect/wals_code_urk,144S,144,Word&NoDoubleNeg,"Kakumasu-1986[ 357, 385]",
144S-ika,http://wals.info/languoid/lect/wals_code_ika,144S,144,Suffix&NoDoubleNeg,"Frank-1990[ 6, 89]",
144S-kse,http://wals.info/languoid/lect/wals_code_kse,144S,144,NoSOVNeg,Prost-1956[ passim],
144S-mun,http://wals.info/languoid/lect/wals_code_mun,144S,144,NoSOVNeg,"Osada-1992[ 87-88, 137, 152];Sinha-1975[ 148, 156]",
144S-yid,http://wals.info/languoid/lect/wals_code_yid,144S,144,NoSOVNeg,Dixon-1977a[ 372],
144S-asm,http://wals.info/languoid/lect/wals_code_asm,144S,144,Word&NoDoubleNeg,"Voorhoeve-1965[ 164-168, passim]",
144S-grb,http://wals.info/languoid/lect/wals_code_grb,144S,144,NoSOVNeg,Innes-1966[ 103],
144S-kio,http://wals.info/languoid/lect/wals_code_kio,144S,144,Suffix&OnlyWithAnotherNeg,"Watkins-1984[ 176-178, 214-215]",
144S-wic,http://wals.info/languoid/lect/wals_code_wic,144S,144,NoSOVNeg,Rood-1996[ 600];Rood-1976[ 157-158],
144S-irq,http://wals.info/languoid/lect/wals_code_irq,144S,144,Suffix&NoDoubleNeg,Tucker-and-Bryan-1966[ 589],
144S-kew,http://wals.info/languoid/lect/wals_code_kew,144S,144,NoSOVNeg,"Franklin-1971[ 30, 47]",
144S-snm,http://wals.info/languoid/lect/wals_code_snm,144S,144,Word&NoDoubleNeg,Borgman-1990[ 81-85],
144S-shk,http://wals.info/languoid/lect/wals_code_shk,144S,144,Suffix&NoDoubleNeg,Faust-1973[ 17],
144S-epe,http://wals.info/languoid/lect/wals_code_epe,144S,144,Suffix&NoDoubleNeg,"Harms-1994[ 15, 131]",
144S-ket,http://wals.info/languoid/lect/wals_code_ket,144S,144,NoSOVNeg,Dulzon-1968[ 576];Werner-1997a[ 336],
144S-koa,http://wals.info/languoid/lect/wals_code_koa,144S,144,Suffix&NoDoubleNeg,Kimball-1991[ 58-87],
144S-hzb,http://wals.info/languoid/lect/wals_code_hzb,144S,144,Suffix&NoDoubleNeg,van-den-Berg-1995[ 77],
144S-qim,http://wals.info/languoid/lect/wals_code_qim,144S,144,NoSOVNeg,Cole-1982[ 85],
144S-ram,http://wals.info/languoid/lect/wals_code_ram,144S,144,Suffix&NoDoubleNeg,Grinevald-1988[ 181-190],
144S-niv,http://wals.info/languoid/lect/wals_code_niv,144S,144,Type 5 / Type 4,Panfilov-1962[ 156-157],
144S-awp,http://wals.info/languoid/lect/wals_code_awp,144S,144,Type 5 / Type 6,"Curnow-1997[ 332, 334]",
144S-kob,http://wals.info/languoid/lect/wals_code_kob,144S,144,Suffix&NoDoubleNeg,Davies-1981b[ 78],
144S-mar,http://wals.info/languoid/lect/wals_code_mar,144S,144,Suffix&OnlyWithAnotherNeg,Gordon-1986[ 71],
144S-ala,http://wals.info/languoid/lect/wals_code_ala,144S,144,NoSOVNeg,Bruce-1984[ 192-193],
144S-lav,http://wals.info/languoid/lect/wals_code_lav,144S,144,Type 1 / Type 2,"Terrill-1999[ 413ff, 17.2, 417, 17.2.4]",
144S-ain,http://wals.info/languoid/lect/wals_code_ain,144S,144,NoSOVNeg,Shibatani-1990[ 24];Refsing-1986[ 137];Dettmer-1989[ 913],
144S-lkt,http://wals.info/languoid/lect/wals_code_lkt,144S,144,Word&NoDoubleNeg,Boas-and-Deloria-1941[ 104];Rood-and-Taylor-1996[ 474];Buechel-1939[ 352],
144S-prh,http://wals.info/languoid/lect/wals_code_prh,144S,144,Suffix&NoDoubleNeg,"Everett-1986[ 289, passim]",
144S-kho,http://wals.info/languoid/lect/wals_code_kho,144S,144,Word&NoDoubleNeg,"Hagman-1977[ 88, 112]",
144S-brm,http://wals.info/languoid/lect/wals_code_brm,144S,144,Word&OnlyWithAnotherNeg,Okell-1969[ passim];Cornyn-and-Roop-1968[ 44];Soe-1999[ 144-145],
144S-knr,http://wals.info/languoid/lect/wals_code_knr,144S,144,Suffix&NoDoubleNeg,"Hutchison-1976[ 50, 52, passim];Lukas-1937[ 36, 68]",
144S-yko,http://wals.info/languoid/lect/wals_code_yko,144S,144,NoSOVNeg,Maslova-1999[ 591],
144S-bur,http://wals.info/languoid/lect/wals_code_bur,144S,144,NoSOVNeg,Tiffou-and-Pesot-1989[ 73];Lorimer-1935[ 305],
144S-orh,http://wals.info/languoid/lect/wals_code_orh,144S,144,NoSOVNeg,Owens-1985[ 66],
144S-yaq,http://wals.info/languoid/lect/wals_code_yaq,144S,144,NoSOVNeg,Lindenfeld-1973[ 31],
144S-sla,http://wals.info/languoid/lect/wals_code_sla,144S,144,Word&NoDoubleNeg,"Rice-1989[ 1101, 1103]",
144S-grw,http://wals.info/languoid/lect/wals_code_grw,144S,144,Suffix&NoDoubleNeg,Fortescue-1984[ 136];Schultz-Lorentzen-1945[ 170],
144S-hin,http://wals.info/languoid/lect/wals_code_hin,144S,144,NoSOVNeg,"McGregor-1977[ 18, 58]",
144S-ckr,http://wals.info/languoid/lect/wals_code_ckr,144S,144,Word&NoDoubleNeg,Popjes-and-Popjes-1986[ 160],
144S-geo,http://wals.info/languoid/lect/wals_code_geo,144S,144,NoSOVNeg,Vogt-1971[ 224],
144S-knd,http://wals.info/languoid/lect/wals_code_knd,144S,144,Suffix&NoDoubleNeg,Schiffman-1983[ 113-116];Sridhar-1990[ 227-228];Bright-1958[ 24],
144S-kha,http://wals.info/languoid/lect/wals_code_kha,144S,144,Suffix&NoDoubleNeg,"Binnick-1979[ 32, passim]",
144S-sup,http://wals.info/languoid/lect/wals_code_sup,144S,144,Word&OptDoubleNeg,Carlson-1994[ 376],
144S-bsq,http://wals.info/languoid/lect/wals_code_bsq,144S,144,NoSOVNeg,Lafitte-1962[ 48-49],
144S-abk,http://wals.info/languoid/lect/wals_code_abk,144S,144,Suffix&NoDoubleNeg,Hewitt-1979[ 70],
144S-eve,http://wals.info/languoid/lect/wals_code_eve,144S,144,Suffix&OnlyWithAnotherNeg,"Nedjalkov-1997[ 97, 269]",
144S-kor,http://wals.info/languoid/lect/wals_code_kor,144S,144,NoSOVNeg,,
144S-prs,http://wals.info/languoid/lect/wals_code_prs,144S,144,NoSOVNeg,Rastorgueva-1964[ 35];Lambton-1967[ 18],
144S-ame,http://wals.info/languoid/lect/wals_code_ame,144S,144,Suffix&OptDoubleNeg,Roberts-1987[ 110],
144S-ger,http://wals.info/languoid/lect/wals_code_ger,144S,144,NoSOVNeg,Lederer-1969[ 583],
144S-lez,http://wals.info/languoid/lect/wals_code_lez,144S,144,Suffix&NoDoubleNeg,"Haspelmath-1993[ 127, 133-134, 245]",
144S-jpn,http://wals.info/languoid/lect/wals_code_jpn,144S,144,Suffix&NoDoubleNeg,Hinds-1986[ 98],
144S-tur,http://wals.info/languoid/lect/wals_code_tur,144S,144,Suffix&NoDoubleNeg,Lewis-1967[ 110];Underhill-1976[ 57],
144S-dds,http://wals.info/languoid/lect/wals_code_dds,144S,144,Suffix&NoDoubleNeg,Kervran-and-Prost-1969[ 65-67],
144S-agb,http://wals.info/languoid/lect/wals_code_agb,144S,144,NoSOVNeg,,
144S-wna,http://wals.info/languoid/lect/wals_code_wna,144S,144,Word&NoDoubleNeg,Nikitina-2008[ passim],
144S-jms,http://wals.info/languoid/lect/wals_code_jms,144S,144,Suffix&NoDoubleNeg,Heath-2008[ 366ff],
144S-ajg,http://wals.info/languoid/lect/wals_code_ajg,144S,144,Word&NoDoubleNeg,"Tchitchi-1984[ 142, 239-240]",
144S-mdw,http://wals.info/languoid/lect/wals_code_mdw,144S,144,Word&NoDoubleNeg,Amboulou-1998[312],
144S-zag,http://wals.info/languoid/lect/wals_code_zag,144S,144,Suffix&NoDoubleNeg,Crass-and-Jakobi-2004[ 93-94],
144S-sid,http://wals.info/languoid/lect/wals_code_sid,144S,144,NoSOVNeg,Kawachi-2007[ 286],
144S-tdr,http://wals.info/languoid/lect/wals_code_tdr,144S,144,NoSOVNeg,Kretschmar-1986[ 74],
144S-rpa,http://wals.info/languoid/lect/wals_code_rpa,144S,144,NoSOVNeg,Zoller-1983[ 85],
144S-knz,http://wals.info/languoid/lect/wals_code_knz,144S,144,NoSOVNeg,Causemann-1989[ 102],
144S-khd,http://wals.info/languoid/lect/wals_code_khd,144S,144,NoSOVNeg,"Hasler-1999[ 213, 214]",
144S-xns,http://wals.info/languoid/lect/wals_code_xns,144S,144,NoSOVNeg,Sharma-1992[ 392],
144S-wme,http://wals.info/languoid/lect/wals_code_wme,144S,144,NoSOVNeg,Opgenort-2004[ 249],
144S-rgc,http://wals.info/languoid/lect/wals_code_rgc,144S,144,NoSOVNeg,Sun-2003[498],
144S-mpt,http://wals.info/languoid/lect/wals_code_mpt,144S,144,Suffix&NoDoubleNeg,Fedden-2007[ 299],
144S-mkj,http://wals.info/languoid/lect/wals_code_mkj,144S,144,NoSOVNeg,Huber-2008[ passim],
144S-abv,http://wals.info/languoid/lect/wals_code_abv,144S,144,Word&NoDoubleNeg,Kratochvil-2007[ 277],
144S-adg,http://wals.info/languoid/lect/wals_code_adg,144S,144,Word&OptDoubleNeg,"Haan-2001[ 73-74, 220]",
144S-brp,http://wals.info/languoid/lect/wals_code_brp,144S,144,NoSOVNeg,"Corris-2005[127, 298]",
144S-kwt,http://wals.info/languoid/lect/wals_code_kwt,144S,144,Word&OnlyWithAnotherNeg,"Spencer-2008[ 107, 124, 131, 132, 150]",
144S-kmz,http://wals.info/languoid/lect/wals_code_kmz,144S,144,Word&NoDoubleNeg,Sanders-and-Sanders-1994[ 19],
144S-inn,http://wals.info/languoid/lect/wals_code_inn,144S,144,NoSOVNeg,Breen-2004[47],
144S-eme,http://wals.info/languoid/lect/wals_code_eme,144S,144,Suffix&OnlyWithAnotherNeg,Rose-2003b[ 399],
144S-kyz,http://wals.info/languoid/lect/wals_code_kyz,144S,144,Suffix&OptDoubleNeg,Gomes-2007[ 173],
144S-cpy,http://wals.info/languoid/lect/wals_code_cpy,144S,144,NoSOVNeg,Cerron-Palomino-2006[ 241],
144S-qhu,http://wals.info/languoid/lect/wals_code_qhu,144S,144,Word&OnlyWithAnotherNeg,Weber-1989[ 18],
