ID,Language_ID,Parameter_ID,Contribution_ID,Value,Source,Comment
144R-brl,http://wals.info/languoid/lect/wals_code_brl,144R,144,Prefix&NoDoubleNeg,Kretschmar-1995[ 140],
144R-dhm,http://wals.info/languoid/lect/wals_code_dhm,144R,144,Prefix&NoDoubleNeg,Cooper-1999[ 31],
144R-tod,http://wals.info/languoid/lect/wals_code_tod,144R,144,Prefix&NoDoubleNeg,Sharma-1989b[ 334-335],
144R-tpt,http://wals.info/languoid/lect/wals_code_tpt,144R,144,No SONegV,Gonzalez-2005[ passim],
144R-eip,http://wals.info/languoid/lect/wals_code_eip,144R,144,Word&NoDoubleNeg,Heeschen-1998[ 222-223],
144R-cup,http://wals.info/languoid/lect/wals_code_cup,144R,144,No SONegV,Hill-2005[ 389],
144R-wlw,http://wals.info/languoid/lect/wals_code_wlw,144R,144,No SONegV,Breen-1970[ 216],
144R-dun,http://wals.info/languoid/lect/wals_code_dun,144R,144,Word&OnlyWithAnotherNeg,,
144R-tye,http://wals.info/languoid/lect/wals_code_tye,144R,144,Word&OnlyWithAnotherNeg,Tryon-1974[ 37],
144R-bok,http://wals.info/languoid/lect/wals_code_bok,144R,144,No SONegV,,
144R-kus,http://wals.info/languoid/lect/wals_code_kus,144R,144,No SONegV,Reinhard-and-Toba-1970[ passim],
144R-tba,http://wals.info/languoid/lect/wals_code_tba,144R,144,No SONegV,McVinney-and-Luzbetak-1954[ 85],
144R-aba,http://wals.info/languoid/lect/wals_code_aba,144R,144,No SONegV,Bailey-1975[ passim],
144R-chb,http://wals.info/languoid/lect/wals_code_chb,144R,144,Prefix&OnlyWithAnotherNeg,Laycock-and-Zgraggen-1975[ 756],
144R-bti,http://wals.info/languoid/lect/wals_code_bti,144R,144,No SONegV,,
144R-des,http://wals.info/languoid/lect/wals_code_des,144R,144,No SONegV,Miller-1999[ 7],
144R-kbo,http://wals.info/languoid/lect/wals_code_kbo,144R,144,No SONegV,Laycock-and-Zgraggen-1975[ 759],
144R-kti,http://wals.info/languoid/lect/wals_code_kti,144R,144,No SONegV,Boelaars-1950[ 148],
144R-sil,http://wals.info/languoid/lect/wals_code_sil,144R,144,Word&NoDoubleNeg,Jungraithmayr-1981[ 279],
144R-cln,http://wals.info/languoid/lect/wals_code_cln,144R,144,No SONegV,Alexander-Bakkerus-2005[ 323-324],
144R-kll,http://wals.info/languoid/lect/wals_code_kll,144R,144,Prefix&NoDoubleNeg,Schieffelin-and-Feld-1998[ xx],
144R-kie,http://wals.info/languoid/lect/wals_code_kie,144R,144,No SONegV,Stanhope-1972[ 61],
144R-mgi,http://wals.info/languoid/lect/wals_code_mgi,144R,144,Word&NoDoubleNeg,Thomson-1975a[ 612],
144R-mrs,http://wals.info/languoid/lect/wals_code_mrs,144R,144,No SONegV,Peckham-1982[ 82],
144R-oks,http://wals.info/languoid/lect/wals_code_oks,144R,144,Word&NoDoubleNeg,,
144R-wag,http://wals.info/languoid/lect/wals_code_wag,144R,144,Word&NoDoubleNeg,Tryon-1971[ 10],
144R-yqy,http://wals.info/languoid/lect/wals_code_yqy,144R,144,Prefix&OnlyWithAnotherNeg,Boelaars-1950[ 147],
144R-boa,http://wals.info/languoid/lect/wals_code_boa,144R,144,No SONegV,Boelaars-1950[ 144],
144R-deu,http://wals.info/languoid/lect/wals_code_deu,144R,144,No SONegV,Brown-1895[ 22];Goswami-1994[ 18],
144R-krh,http://wals.info/languoid/lect/wals_code_krh,144R,144,No SONegV,"Shell-1952[ 119, 121]",
144R-mkh,http://wals.info/languoid/lect/wals_code_mkh,144R,144,No SONegV,Janhunen-2003[ 98],
144R-rao,http://wals.info/languoid/lect/wals_code_rao,144R,144,No SONegV,Stanhope-1980[ 10-11],
144R-tsz,http://wals.info/languoid/lect/wals_code_tsz,144R,144,No SONegV,Alekseev-and-Radzhabov-2004[ 145],
144R-baf,http://wals.info/languoid/lect/wals_code_baf,144R,144,No SONegV,Chumbow-and-Tamanji-1994[ 214],
144R-cui,http://wals.info/languoid/lect/wals_code_cui,144R,144,No SONegV,Berg-and-Kerr-1973[ 12],
144R-kmr,http://wals.info/languoid/lect/wals_code_kmr,144R,144,No SONegV,"Boelaars-1950[ 48, 94]",
144R-kyp,http://wals.info/languoid/lect/wals_code_kyp,144R,144,No SONegV,Thomson-and-Stout-1974b[ 86],
144R-shh,http://wals.info/languoid/lect/wals_code_shh,144R,144,No SONegV,Scott-and-Frantz-1974[ passim],
144R-wom,http://wals.info/languoid/lect/wals_code_wom,144R,144,No SONegV,,
144R-biu,http://wals.info/languoid/lect/wals_code_biu,144R,144,Prefix&NoDoubleNeg,Nishida-1973[ 67],
144R-coa,http://wals.info/languoid/lect/wals_code_coa,144R,144,No SONegV,Troike-1967[ 328],
144R-kyr,http://wals.info/languoid/lect/wals_code_kyr,144R,144,No SONegV,Rigden-nd-a[24],
144R-kwz,http://wals.info/languoid/lect/wals_code_kwz,144R,144,No SONegV,van-der-Voort-2004[ 519],
144R-sme,http://wals.info/languoid/lect/wals_code_sme,144R,144,No SONegV,Prost-1964d[ 364-365],
144R-sod,http://wals.info/languoid/lect/wals_code_sod,144R,144,Prefix&NoDoubleNeg,Cohen-1931[ 166],
144R-zaz,http://wals.info/languoid/lect/wals_code_zaz,144R,144,Prefix&NoDoubleNeg,,
144R-mag,http://wals.info/languoid/lect/wals_code_mag,144R,144,Prefix&NoDoubleNeg,Shepherd-and-Shepherd-1973[ 303],
144R-omh,http://wals.info/languoid/lect/wals_code_omh,144R,144,No SONegV,Dorsey-1890[ passim],
144R-shb,http://wals.info/languoid/lect/wals_code_shb,144R,144,No SONegV,Teferra-1991[ 381-382],
144R-snn,http://wals.info/languoid/lect/wals_code_snn,144R,144,No SONegV,Diagana-1995[ 212ff],
144R-yam,http://wals.info/languoid/lect/wals_code_yam,144R,144,No SONegV,Eakin-1991[ 38],
144R-iwm,http://wals.info/languoid/lect/wals_code_iwm,144R,144,No SONegV,Conrad-1971[ 56],
144R-kac,http://wals.info/languoid/lect/wals_code_kac,144R,144,No SONegV,"Endle-1884[ ix, 24]",
144R-kae,http://wals.info/languoid/lect/wals_code_kae,144R,144,Word&NoDoubleNeg,Clifton-1997[ 24],
144R-mkg,http://wals.info/languoid/lect/wals_code_mkg,144R,144,No SONegV,Rowlands-1959[ 87],
144R-ras,http://wals.info/languoid/lect/wals_code_ras,144R,144,Prefix&NoDoubleNeg,Tucker-and-Bryan-1966[ 297],
144R-srb,http://wals.info/languoid/lect/wals_code_srb,144R,144,Prefix&NoDoubleNeg,Stone-1993[ 666],
144R-thn,http://wals.info/languoid/lect/wals_code_thn,144R,144,Prefix&NoDoubleNeg,Turin-2000[ passim],
144R-trm,http://wals.info/languoid/lect/wals_code_trm,144R,144,Word&OnlyWithAnotherNeg,Bryant-1999[ 43],
144R-cml,http://wals.info/languoid/lect/wals_code_cml,144R,144,Prefix&OnlyWithAnotherNeg,Ebert-2003[541],
144R-isa,http://wals.info/languoid/lect/wals_code_isa,144R,144,No SONegV,"Donohue-and-San-Roque-2002[ 74, 84]",
144R-mki,http://wals.info/languoid/lect/wals_code_mki,144R,144,No SONegV,Boynton-1982[ 148-150],
144R-nnk,http://wals.info/languoid/lect/wals_code_nnk,144R,144,No SONegV,Spaulding-and-Spaulding-1994[ 134],
144R-pra,http://wals.info/languoid/lect/wals_code_pra,144R,144,Prefix&NoDoubleNeg,Morgenstierne-1949[ passim],
144R-thu,http://wals.info/languoid/lect/wals_code_thu,144R,144,Word&OnlyWithAnotherNeg,Allen-1975b[ 54-55],
144R-gal,http://wals.info/languoid/lect/wals_code_gal,144R,144,No SONegV,Das-Gupta-1963[ 25-26],
144R-kmn,http://wals.info/languoid/lect/wals_code_kmn,144R,144,No SONegV,"Trefry-1969[ 48, 52]",
144R-msc,http://wals.info/languoid/lect/wals_code_msc,144R,144,No SONegV,Adelaar-2004[ 93],
144R-mur,http://wals.info/languoid/lect/wals_code_mur,144R,144,Word&NoDoubleNeg,"Turton-and-Bender-1976[ 554, 557]",
144R-nku,http://wals.info/languoid/lect/wals_code_nku,144R,144,No SONegV,Abdel-Hafiz-1988[ 181],
144R-smn,http://wals.info/languoid/lect/wals_code_smn,144R,144,No SONegV,Nathan-1977[ 118],
144R-she,http://wals.info/languoid/lect/wals_code_she,144R,144,Prefix&NoDoubleNeg,Schottelndreyer-and-Schottelndreyer-1973[ passim],
144R-trr,http://wals.info/languoid/lect/wals_code_trr,144R,144,No SONegV,Vincent-1973b[ passim],
144R-tao,http://wals.info/languoid/lect/wals_code_tao,144R,144,No SONegV,Singh-2002[ 90-92],
144R-tig,http://wals.info/languoid/lect/wals_code_tig,144R,144,Prefix&OnlyWithAnotherNeg,Kogan-1997[ 442],
144R-azi,http://wals.info/languoid/lect/wals_code_azi,144R,144,No SONegV,Dehghani-2000[ 109],
144R-bus,http://wals.info/languoid/lect/wals_code_bus,144R,144,No SONegV,Wedekind-1972[ 50-52],
144R-cas,http://wals.info/languoid/lect/wals_code_cas,144R,144,No SONegV,Abreu-1914[ passim],
144R-mek,http://wals.info/languoid/lect/wals_code_mek,144R,144,No SONegV,Galucio-2001[ 92],
144R-ong,http://wals.info/languoid/lect/wals_code_ong,144R,144,No SONegV,Dasgupta-and-Sharma-1982[ 27],
144R-ori,http://wals.info/languoid/lect/wals_code_ori,144R,144,Prefix&NoDoubleNeg,Schadeberg-and-Elias-1979[ 52],
144R-pum,http://wals.info/languoid/lect/wals_code_pum,144R,144,Prefix&NoDoubleNeg,Lu-1983[ 50],
144R-sia,http://wals.info/languoid/lect/wals_code_sia,144R,144,No SONegV,Salisbury-1956[ 463],
144R-thy,http://wals.info/languoid/lect/wals_code_thy,144R,144,Word&NoDoubleNeg,,
144R-bzi,http://wals.info/languoid/lect/wals_code_bzi,144R,144,No SONegV,Briley-1997[ passim],
144R-drm,http://wals.info/languoid/lect/wals_code_drm,144R,144,Prefix&NoDoubleNeg,,
144R-dim,http://wals.info/languoid/lect/wals_code_dim,144R,144,No SONegV,"Fleming-1990[ 546, 560-562]",
144R-gap,http://wals.info/languoid/lect/wals_code_gap,144R,144,Word&NoDoubleNeg,McGuckin-2002[ 316],
144R-mts,http://wals.info/languoid/lect/wals_code_mts,144R,144,No SONegV,Ferreira-2001[ 74],
144R-mbi,http://wals.info/languoid/lect/wals_code_mbi,144R,144,No SONegV,Ayuninjam-1998[ 338],
144R-oya,http://wals.info/languoid/lect/wals_code_oya,144R,144,No SONegV,Ray-2003[ 471],
144R-osa,http://wals.info/languoid/lect/wals_code_osa,144R,144,No SONegV,,
144R-stl,http://wals.info/languoid/lect/wals_code_stl,144R,144,Word&NoDoubleNeg,Neukom-2001[ 148],
144R-tgl,http://wals.info/languoid/lect/wals_code_tgl,144R,144,Prefix&OptDoubleNeg,Das-Gupta-1968[ 53];Andvik-2003[ 446],
144R-tte,http://wals.info/languoid/lect/wals_code_tte,144R,144,Prefix&OnlyWithAnotherNeg,Oliverio-1996[ 115],
144R-tuy,http://wals.info/languoid/lect/wals_code_tuy,144R,144,No SONegV,Barnes-1994[ 330],
144R-udi,http://wals.info/languoid/lect/wals_code_udi,144R,144,Prefix&NoDoubleNeg,Schulze-1982[ 180-181],
144R-usr,http://wals.info/languoid/lect/wals_code_usr,144R,144,Prefix&NoDoubleNeg,"Bee-1973[ 261, 269]",
144R-apw,http://wals.info/languoid/lect/wals_code_apw,144R,144,Word&OnlyWithAnotherNeg,Edgerton-1963[ 134-135],
144R-awa,http://wals.info/languoid/lect/wals_code_awa,144R,144,Word&NoDoubleNeg,Loving-1973[ 81],
144R-can,http://wals.info/languoid/lect/wals_code_can,144R,144,No SONegV,Cox-1957[ passim],
144R-gah,http://wals.info/languoid/lect/wals_code_gah,144R,144,No SONegV,Deibler-1976[ 8],
144R-hid,http://wals.info/languoid/lect/wals_code_hid,144R,144,No SONegV,Matthews-1965[ 157-158];Robinett-1955[ 168],
144R-idn,http://wals.info/languoid/lect/wals_code_idn,144R,144,Word&NoDoubleNeg,Huckett-1974[ 81],
144R-knn,http://wals.info/languoid/lect/wals_code_knn,144R,144,Word&NoDoubleNeg,Sharma-1988[ 195],
144R-kta,http://wals.info/languoid/lect/wals_code_kta,144R,144,No SONegV,"Dutton-1975[ 300, 326]",
144R-noc,http://wals.info/languoid/lect/wals_code_noc,144R,144,No SONegV,Das-Gupta-1971[ 16-19],
144R-tak,http://wals.info/languoid/lect/wals_code_tak,144R,144,Word&NoDoubleNeg,"Ross-2002h[ 235, 239]",
144R-cde,http://wals.info/languoid/lect/wals_code_cde,144R,144,No SONegV,Hall-1988[ 156],
144R-klw,http://wals.info/languoid/lect/wals_code_klw,144R,144,Word&OnlyWithAnotherNeg,"Mixco-1971[ 168, 231-232]",
144R-kla,http://wals.info/languoid/lect/wals_code_kla,144R,144,No SONegV,"Rickard-1970[ 16, 21]",
144R-kmo,http://wals.info/languoid/lect/wals_code_kmo,144R,144,No SONegV,"Garland-and-Garland-1975[ 422, 425]",
144R-kun,http://wals.info/languoid/lect/wals_code_kun,144R,144,No SONegV,Holmer-1952[ 123],
144R-lot,http://wals.info/languoid/lect/wals_code_lot,144R,144,Prefix&NoDoubleNeg,"Acharya-1983[ passim, 158]",
144R-sna,http://wals.info/languoid/lect/wals_code_sna,144R,144,Word&NoDoubleNeg,Bailey-1924[ passim],
144R-tbl,http://wals.info/languoid/lect/wals_code_tbl,144R,144,Prefix&OnlyWithAnotherNeg,Abisay-et-al-1983[ 13],
144R-wak,http://wals.info/languoid/lect/wals_code_wak,144R,144,Word&NoDoubleNeg,"Lorimer-1958[ 196, 208]",
144R-cai,http://wals.info/languoid/lect/wals_code_cai,144R,144,Word&NoDoubleNeg,Last-and-Lucassen-1998[ 419],
144R-gln,http://wals.info/languoid/lect/wals_code_gln,144R,144,No SONegV,Bunn-1974[ 22],
144R-irx,http://wals.info/languoid/lect/wals_code_irx,144R,144,No SONegV,Meader-1967[ 54],
144R-kim,http://wals.info/languoid/lect/wals_code_kim,144R,144,No SONegV,"Boelaars-1950[ 147, 35]",
144R-lis,http://wals.info/languoid/lect/wals_code_lis,144R,144,Word&NoDoubleNeg,Hope-1974[ 153];Bradley-2003[ 233],
144R-mru,http://wals.info/languoid/lect/wals_code_mru,144R,144,Word&NoDoubleNeg,Abbey-1899[ 21],
144R-mno,http://wals.info/languoid/lect/wals_code_mno,144R,144,No SONegV,Norris-1986[ 32],
144R-ptt,http://wals.info/languoid/lect/wals_code_ptt,144R,144,Prefix&NoDoubleNeg,"Sharma-1982a[ 164, 183];Sharma-2000[ passim]",
144R-prk,http://wals.info/languoid/lect/wals_code_prk,144R,144,No SONegV,Rangan-1979[ 94-98],
144R-rum,http://wals.info/languoid/lect/wals_code_rum,144R,144,No SONegV,"Petterson-1999[ 14, passim]",
144R-tlo,http://wals.info/languoid/lect/wals_code_tlo,144R,144,No SONegV,Holton-2003[ 46],
144R-akh,http://wals.info/languoid/lect/wals_code_akh,144R,144,Word&NoDoubleNeg,Hansson-2003[ 245];Dellinger-1969[ 162-163],
144R-ang,http://wals.info/languoid/lect/wals_code_ang,144R,144,No SONegV,Litteral-1972[ 76],
144R-ass,http://wals.info/languoid/lect/wals_code_ass,144R,144,Prefix&NoDoubleNeg,Goswami-and-Tamuli-2003[ 426],
144R-gon,http://wals.info/languoid/lect/wals_code_gon,144R,144,No SONegV,Subrahmanyam-1968[ 53-54],
144R-hlp,http://wals.info/languoid/lect/wals_code_hlp,144R,144,Word&OnlyWithAnotherNeg,Watahomigie-et-al-1982[ 155-159],
144R-hpd,http://wals.info/languoid/lect/wals_code_hpd,144R,144,No SONegV,"Epps-2008[ 725, 736]",
144R-ldu,http://wals.info/languoid/lect/wals_code_ldu,144R,144,No SONegV,Tucker-and-Bryan-1966[ 54],
144R-nma,http://wals.info/languoid/lect/wals_code_nma,144R,144,No SONegV,"Giridhar-1994[ 376, 380ff]",
144R-zay,http://wals.info/languoid/lect/wals_code_zay,144R,144,No SONegV,Hayward-1990b[ 303-307],
144R-apt,http://wals.info/languoid/lect/wals_code_apt,144R,144,No SONegV,Abraham-1985[ 108],
144R-chg,http://wals.info/languoid/lect/wals_code_chg,144R,144,Prefix&NoDoubleNeg,Hutton-1987[ 19],
144R-kaa,http://wals.info/languoid/lect/wals_code_kaa,144R,144,No SONegV,"Gabas-1999[ 158, 184]",
144R-kem,http://wals.info/languoid/lect/wals_code_kem,144R,144,No SONegV,Appleyard-1975[ 333-334],
144R-man,http://wals.info/languoid/lect/wals_code_man,144R,144,No SONegV,Becker-Donner-1965[ 44],
144R-mee,http://wals.info/languoid/lect/wals_code_mee,144R,144,No SONegV,Will-1989[ 147],
144R-nwd,http://wals.info/languoid/lect/wals_code_nwd,144R,144,Prefix&NoDoubleNeg,Genetti-1990[ 259],
144R-ntj,http://wals.info/languoid/lect/wals_code_ntj,144R,144,No SONegV,Douglas-1964[ 52],
144R-sdw,http://wals.info/languoid/lect/wals_code_sdw,144R,144,No SONegV,Eaton-2008[ 130],
144R-sar,http://wals.info/languoid/lect/wals_code_sar,144R,144,Prefix&NoDoubleNeg,Sumbuk-2002,
144R-uyg,http://wals.info/languoid/lect/wals_code_uyg,144R,144,No SONegV,Hahn-1998[ 392],
144R-bho,http://wals.info/languoid/lect/wals_code_bho,144R,144,Word&NoDoubleNeg,"Shukla-1981[ 152, 309]",
144R-hui,http://wals.info/languoid/lect/wals_code_hui,144R,144,Prefix&NoDoubleNeg,Grimes-1964[ 88-89],
144R-kok,http://wals.info/languoid/lect/wals_code_kok,144R,144,No SONegV,Karapurkar-1976[ 71],
144R-kuv,http://wals.info/languoid/lect/wals_code_kuv,144R,144,No SONegV,Israel-1979[ 162],
144R-msg,http://wals.info/languoid/lect/wals_code_msg,144R,144,No SONegV,Prasad-1991[ 99],
144R-nam,http://wals.info/languoid/lect/wals_code_nam,144R,144,Prefix&NoDoubleNeg,Feldpausch-and-Feldpausch-1992[ 70],
144R-agm,http://wals.info/languoid/lect/wals_code_agm,144R,144,No SONegV,Giridhar-1980[ 80],
144R-cpn,http://wals.info/languoid/lect/wals_code_cpn,144R,144,No SONegV,Caughley-1982[ 41],
144R-gur,http://wals.info/languoid/lect/wals_code_gur,144R,144,Prefix&NoDoubleNeg,Glover-1974[ 113-114],
144R-khg,http://wals.info/languoid/lect/wals_code_khg,144R,144,Prefix&OptDoubleNeg,Toba-1984[ 6],
144R-krw,http://wals.info/languoid/lect/wals_code_krw,144R,144,Prefix&OnlyWithAnotherNeg,van-Enk-and-de-Vries-1997[ 101],
144R-mny,http://wals.info/languoid/lect/wals_code_mny,144R,144,No SONegV,Breen-1981a[ 343],
144R-mik,http://wals.info/languoid/lect/wals_code_mik,144R,144,No SONegV,Jeyapaul-1987[ 153];Grussner-1978[ 98],
144R-nab,http://wals.info/languoid/lect/wals_code_nab,144R,144,Word&NoDoubleNeg,Fabian-et-al-1998[ 62],
144R-pba,http://wals.info/languoid/lect/wals_code_pba,144R,144,Word&NoDoubleNeg,"Estrada-Fernandez-1996[ says first or preverbal, but there are SNegOV egs]",
144R-tma,http://wals.info/languoid/lect/wals_code_tma,144R,144,No SONegV,Tucker-and-Bryan-1966[ 217],
144R-tsf,http://wals.info/languoid/lect/wals_code_tsf,144R,144,No SONegV,Dickinson-2002[ 150],
144R-tnn,http://wals.info/languoid/lect/wals_code_tnn,144R,144,No SONegV,"Dugast-1971[ 171-190, 310]",
144R-way,http://wals.info/languoid/lect/wals_code_way,144R,144,Prefix&OnlyWithAnotherNeg,Jensen-1994[ 344];Grenand-1980[ 89],
144R-wly,http://wals.info/languoid/lect/wals_code_wly,144R,144,No SONegV,Tucker-and-Bryan-1966[ 560],
144R-chh,http://wals.info/languoid/lect/wals_code_chh,144R,144,Prefix&NoDoubleNeg,Leslau-1950[ 28-29],
144R-kkp,http://wals.info/languoid/lect/wals_code_kkp,144R,144,No SONegV,"Wurm-1951[ 569, 571-574]",
144R-lmn,http://wals.info/languoid/lect/wals_code_lmn,144R,144,No SONegV,"Trail-1970[ 91, 104-106]",
144R-ngt,http://wals.info/languoid/lect/wals_code_ngt,144R,144,Prefix&NoDoubleNeg,Arokianathan-1987[ 93];Pettigrew-1918[ 36-37],
144R-ath,http://wals.info/languoid/lect/wals_code_ath,144R,144,No SONegV,Ebert-1997b[ 55ff],
144R-khl,http://wals.info/languoid/lect/wals_code_khl,144R,144,No SONegV,Doerfer-1988[ 123],
144R-mdn,http://wals.info/languoid/lect/wals_code_mdn,144R,144,Prefix&OnlyWithAnotherNeg,Kennard-1936[ 23],
144R-maw,http://wals.info/languoid/lect/wals_code_maw,144R,144,No SONegV,Delafosse-1929[ passim],
144R-nue,http://wals.info/languoid/lect/wals_code_nue,144R,144,No SONegV,"Crazzolara-1933[ 96, 150-155]",
144R-sng,http://wals.info/languoid/lect/wals_code_sng,144R,144,Word&NoDoubleNeg,Kolia-1975[ passim],
144R-dig,http://wals.info/languoid/lect/wals_code_dig,144R,144,No SONegV,Sastry-1984[ 160],
144R-gim,http://wals.info/languoid/lect/wals_code_gim,144R,144,No SONegV,Breeze-1990[ 29-30],
144R-guj,http://wals.info/languoid/lect/wals_code_guj,144R,144,Word&NoDoubleNeg,Cardona-1965[ 138],
144R-krr,http://wals.info/languoid/lect/wals_code_krr,144R,144,No SONegV,Wivell-1981[ 162],
144R-mka,http://wals.info/languoid/lect/wals_code_mka,144R,144,No SONegV,Ebermann-1986a[ 96-102],
144R-nyi,http://wals.info/languoid/lect/wals_code_nyi,144R,144,Word&NoDoubleNeg,Tucker-and-Bryan-1966[ 251],
144R-pme,http://wals.info/languoid/lect/wals_code_pme,144R,144,No SONegV,McLendon-1975[ passim],
144R-tul,http://wals.info/languoid/lect/wals_code_tul,144R,144,No SONegV,Brigel-1982[ 46-103],
144R-blx,http://wals.info/languoid/lect/wals_code_blx,144R,144,Prefix&OnlyWithAnotherNeg,Einaudi-1976[ 86-88],
144R-gds,http://wals.info/languoid/lect/wals_code_gds,144R,144,Word&NoDoubleNeg,Frantz-1973[ passim],
144R-uby,http://wals.info/languoid/lect/wals_code_uby,144R,144,Prefix&NoDoubleNeg,"Charachidze-1989[ 384, passim]",
144R-urd,http://wals.info/languoid/lect/wals_code_urd,144R,144,Word&NoDoubleNeg,Bender-1967[ 191];Schmidt-1999[ 191],
144R-paw,http://wals.info/languoid/lect/wals_code_paw,144R,144,No SONegV,"Trefry-1969[ 48, 52]",
144R-slb,http://wals.info/languoid/lect/wals_code_slb,144R,144,No SONegV,Margetts-1999b[ 32];Margetts-1999a[ 24-26],
144R-taj,http://wals.info/languoid/lect/wals_code_taj,144R,144,Prefix&NoDoubleNeg,Rastorgueva-1963[ 57],
144R-twn,http://wals.info/languoid/lect/wals_code_twn,144R,144,Prefix&NoDoubleNeg,Trager-1946[ 202],
144R-ese,http://wals.info/languoid/lect/wals_code_ese,144R,144,No SONegV,"Shoemaker-and-Shoemaker-1967[ 242, passim]",
144R-hmi,http://wals.info/languoid/lect/wals_code_hmi,144R,144,No SONegV,Minor-et-al-1982[ 16],
144R-kmp,http://wals.info/languoid/lect/wals_code_kmp,144R,144,Prefix&NoDoubleNeg,Geary-1977[ 27-28],
144R-naj,http://wals.info/languoid/lect/wals_code_naj,144R,144,Word&NoDoubleNeg,"Khan-1999[ 115, 356-357]",
144R-raw,http://wals.info/languoid/lect/wals_code_raw,144R,144,Word&NoDoubleNeg,Barnard-1934[ passim],
144R-tar,http://wals.info/languoid/lect/wals_code_tar,144R,144,Prefix&OnlyWithAnotherNeg,Aikhenvald-2003,
144R-yar,http://wals.info/languoid/lect/wals_code_yar,144R,144,No SONegV,"Weimer-and-Weimer-1975[ 62, 65]",
144R-yuw,http://wals.info/languoid/lect/wals_code_yuw,144R,144,No SONegV,"Williams-1980a[ 107, 112]",
144R-arw,http://wals.info/languoid/lect/wals_code_arw,144R,144,Prefix&NoDoubleNeg,"Gulian-1965[ 59, passim]",
144R-baa,http://wals.info/languoid/lect/wals_code_baa,144R,144,Word&NoDoubleNeg,Olson-1975[ 482],
144R-hay,http://wals.info/languoid/lect/wals_code_hay,144R,144,Word&NoDoubleNeg,Michailovsky-1988[ 161],
144R-kma,http://wals.info/languoid/lect/wals_code_kma,144R,144,Prefix&OnlyWithAnotherNeg,Seki-2000[ 329-330],
144R-sro,http://wals.info/languoid/lect/wals_code_sro,144R,144,No SONegV,"Wells-1979[ 59-60, passim]",
144R-ctm,http://wals.info/languoid/lect/wals_code_ctm,144R,144,No SONegV,Swanton-1919[ 18-19],
144R-gmw,http://wals.info/languoid/lect/wals_code_gmw,144R,144,Word&NoDoubleNeg,Olson-1988[ 160],
144R-kng,http://wals.info/languoid/lect/wals_code_kng,144R,144,No SONegV,"Henry-1948[ 121, 144-145]",
144R-krc,http://wals.info/languoid/lect/wals_code_krc,144R,144,No SONegV,"Seegmiller-1996[ 25, 36]",
144R-mnm,http://wals.info/languoid/lect/wals_code_mnm,144R,144,Word&NoDoubleNeg,Lichtenberk-1983[ 384],
144R-nga,http://wals.info/languoid/lect/wals_code_nga,144R,144,Word&NoDoubleNeg,Helimski-1998a[ 511],
144R-udm,http://wals.info/languoid/lect/wals_code_udm,144R,144,No SONegV,Tepljashina-1966[ 270-272],
144R-wbn,http://wals.info/languoid/lect/wals_code_wbn,144R,144,No SONegV,de-Vries-1989[ 32],
144R-ytu,http://wals.info/languoid/lect/wals_code_ytu,144R,144,Prefix&NoDoubleNeg,"Krejnovich-1958[ 138-140, 151-152]",
144R-cay,http://wals.info/languoid/lect/wals_code_cay,144R,144,No SONegV,Abrahamson-1962[ 233],
144R-chp,http://wals.info/languoid/lect/wals_code_chp,144R,144,No SONegV,"Richardson-1968[ 10, passim]",
144R-dji,http://wals.info/languoid/lect/wals_code_dji,144R,144,Word&NoDoubleNeg,Chadwick-1975[ 83],
144R-kmh,http://wals.info/languoid/lect/wals_code_kmh,144R,144,Prefix&NoDoubleNeg,Watters-1998[ 198];Watters-1973[ 107-108],
144R-kol,http://wals.info/languoid/lect/wals_code_kol,144R,144,No SONegV,"Emeneau-1955[ 65, 75-78, 110-101]",
144R-kry,http://wals.info/languoid/lect/wals_code_kry,144R,144,Prefix&OnlyWithAnotherNeg,Zhukova-1968b[ 281],
144R-koy,http://wals.info/languoid/lect/wals_code_koy,144R,144,No SONegV,"Tyler-1969[ 85-86, 96-97]",
144R-shi,http://wals.info/languoid/lect/wals_code_shi,144R,144,No SONegV,"Gomez-1990[ 91-92, 108-109]",
144R-tbu,http://wals.info/languoid/lect/wals_code_tbu,144R,144,No SONegV,Tucker-and-Bryan-1966[ 191],
144R-hum,http://wals.info/languoid/lect/wals_code_hum,144R,144,No SONegV,"Burtch-and-Wise-1968[ 22, 23]",
144R-jiv,http://wals.info/languoid/lect/wals_code_jiv,144R,144,No SONegV,Beuchat-and-Rivet-1909[ 816-817],
144R-msl,http://wals.info/languoid/lect/wals_code_msl,144R,144,No SONegV,Edgar-1989[ 29],
144R-syu,http://wals.info/languoid/lect/wals_code_syu,144R,144,No SONegV,Irwin-1974[ 11],
144R-ser,http://wals.info/languoid/lect/wals_code_ser,144R,144,Prefix&NoDoubleNeg,Marlett-1981[ 72-73],
144R-vai,http://wals.info/languoid/lect/wals_code_vai,144R,144,No SONegV,"Welmers-1976[ 77, 84-94, 96]",
144R-gwa,http://wals.info/languoid/lect/wals_code_gwa,144R,144,No SONegV,Hyman-and-Magaji-1970[ 118],
144R-kmb,http://wals.info/languoid/lect/wals_code_kmb,144R,144,Prefix&OnlyWithAnotherNeg,de-Vries-1993[ 30],
144R-pno,http://wals.info/languoid/lect/wals_code_pno,144R,144,No SONegV,Snapp-et-al-1982[ 13],
144R-aly,http://wals.info/languoid/lect/wals_code_aly,144R,144,No SONegV,Yallop-1977[ 56],
144R-kiw,http://wals.info/languoid/lect/wals_code_kiw,144R,144,Word&OnlyWithAnotherNeg,Ray-1933[ passim],
144R-mnc,http://wals.info/languoid/lect/wals_code_mnc,144R,144,No SONegV,Haenisch-1961[ 58],
144R-miz,http://wals.info/languoid/lect/wals_code_miz,144R,144,No SONegV,Chhangte-1989[ 132],
144R-aze,http://wals.info/languoid/lect/wals_code_aze,144R,144,No SONegV,Householder-and-Lofti-1965[ 61],
144R-ben,http://wals.info/languoid/lect/wals_code_ben,144R,144,No SONegV,Dasgupta-2003[ 375],
144R-but,http://wals.info/languoid/lect/wals_code_but,144R,144,No SONegV,Poppe-1960[ 56],
144R-chc,http://wals.info/languoid/lect/wals_code_chc,144R,144,Word&NoDoubleNeg,Nichols-1994a[ 44],
144R-hua,http://wals.info/languoid/lect/wals_code_hua,144R,144,Prefix&NoDoubleNeg,"Haiman-1980[ 193, 335]",
144R-mpa,http://wals.info/languoid/lect/wals_code_mpa,144R,144,Word&NoDoubleNeg,Street-1980[ 86];Walsh-1976[ 277],
144R-new,http://wals.info/languoid/lect/wals_code_new,144R,144,Prefix&NoDoubleNeg,Malla-1985[ 87-89],
144R-was,http://wals.info/languoid/lect/wals_code_was,144R,144,No SONegV,Kroeber-1906[ 290-291],
144R-ttu,http://wals.info/languoid/lect/wals_code_ttu,144R,144,Word&NoDoubleNeg,"Holisky-and-Gagua-1994[ 186, 199, 210]",
144R-wsk,http://wals.info/languoid/lect/wals_code_wsk,144R,144,Word&NoDoubleNeg,Ross-and-Paol-1978[ 14],
144R-ao,http://wals.info/languoid/lect/wals_code_ao,144R,144,Prefix&OptDoubleNeg,"Coupe-2007[ 291-292, 341]",
144R-apl,http://wals.info/languoid/lect/wals_code_apl,144R,144,No SONegV,Koehn-and-Koehn-1986[ 64],
144R-lai,http://wals.info/languoid/lect/wals_code_lai,144R,144,No SONegV,Hay-Neave-1953[ 24],
144R-nar,http://wals.info/languoid/lect/wals_code_nar,144R,144,Word&NoDoubleNeg,Thompson-1976a[ 493];Tucker-and-Bryan-1966[ 334],
144R-tam,http://wals.info/languoid/lect/wals_code_tam,144R,144,Word&NoDoubleNeg,Mazaudon-1976[ 18];Mazaudon-2003[ 301],
144R-tib,http://wals.info/languoid/lect/wals_code_tib,144R,144,Prefix&NoDoubleNeg,De-Lancey-2003[ 285],
144R-udh,http://wals.info/languoid/lect/wals_code_udh,144R,144,Word&NoDoubleNeg,Nikolaeva-and-Tolskaya-2001[ 818],
144R-cct,http://wals.info/languoid/lect/wals_code_cct,144R,144,No SONegV,Nicklas-1979[ 65];Davies-1981c[ 51],
144R-dum,http://wals.info/languoid/lect/wals_code_dum,144R,144,No SONegV,Ross-1980[ 99],
144R-trb,http://wals.info/languoid/lect/wals_code_trb,144R,144,No SONegV,Quesada-2000[ 103],
144R-tja,http://wals.info/languoid/lect/wals_code_tja,144R,144,Word&OnlyWithAnotherNeg,Miller-2001[ 168],
144R-din,http://wals.info/languoid/lect/wals_code_din,144R,144,No SONegV,"Nebel-1948[ 17, 56-58];Tucker-and-Bryan-1966[ 430, 437]",
144R-mgg,http://wals.info/languoid/lect/wals_code_mgg,144R,144,Word&NoDoubleNeg,Slater-2003[ 146],
144R-res,http://wals.info/languoid/lect/wals_code_res,144R,144,No SONegV,"Allin-1976[ 309-310, passim]",
144R-kab,http://wals.info/languoid/lect/wals_code_kab,144R,144,No SONegV,"Colarusso-1989[ 311, 320, passim]",
144R-nmb,http://wals.info/languoid/lect/wals_code_nmb,144R,144,No SONegV,Kroeker-1982[ 30],
144R-nas,http://wals.info/languoid/lect/wals_code_nas,144R,144,No SONegV,Hurd-and-Hurd-1966[ passim],
144R-guu,http://wals.info/languoid/lect/wals_code_guu,144R,144,Word&NoDoubleNeg,Haviland-1979[ 143],
144R-hop,http://wals.info/languoid/lect/wals_code_hop,144R,144,Word&NoDoubleNeg,Kalectaca-1978[ 39],
144R-mis,http://wals.info/languoid/lect/wals_code_mis,144R,144,No SONegV,Anonymous-1985[ 147];Adam-1891[ 50ff],
144R-djp,http://wals.info/languoid/lect/wals_code_djp,144R,144,No SONegV,Morphy-1983[ 147],
144R-krd,http://wals.info/languoid/lect/wals_code_krd,144R,144,Prefix&NoDoubleNeg,"Abdulla-and-McCarus-1967[ 78, 214];Blau-1980[ 68]",
144R-ygr,http://wals.info/languoid/lect/wals_code_ygr,144R,144,Prefix&NoDoubleNeg,Renck-1975[ 84-85],
144R-pae,http://wals.info/languoid/lect/wals_code_pae,144R,144,No SONegV,Slocum-1986[ 73],
144R-mns,http://wals.info/languoid/lect/wals_code_mns,144R,144,Word&NoDoubleNeg,"Murphy-1968[ 140-142, 162];Honti-1988[ 163]",
144R-arc,http://wals.info/languoid/lect/wals_code_arc,144R,144,No SONegV,Kibrik-et-al-1977[ III:244-III:247],
144R-ava,http://wals.info/languoid/lect/wals_code_ava,144R,144,No SONegV,Bokarev-1949b[ 128],
144R-uzb,http://wals.info/languoid/lect/wals_code_uzb,144R,144,No SONegV,"Boeschoten-1998[ 357, 373]",
144R-kty,http://wals.info/languoid/lect/wals_code_kty,144R,144,Word&NoDoubleNeg,Honti-1988[ 190],
144R-mym,http://wals.info/languoid/lect/wals_code_mym,144R,144,No SONegV,Asher-and-Kumari-1997[ passim],
144R-tel,http://wals.info/languoid/lect/wals_code_tel,144R,144,No SONegV,"Lisker-1963[ 204-207, 259]",
144R-ykt,http://wals.info/languoid/lect/wals_code_ykt,144R,144,No SONegV,Krueger-1962[ 127];Stachowski-and-Menz-1998[ 431],
144R-awt,http://wals.info/languoid/lect/wals_code_awt,144R,144,Prefix&NoDoubleNeg,"Feldman-1986[ 57, 146, 146]",
144R-nep,http://wals.info/languoid/lect/wals_code_nep,144R,144,No SONegV,Bandhu-1973[ 40ff],
144R-tgr,http://wals.info/languoid/lect/wals_code_tgr,144R,144,Prefix&NoDoubleNeg,Raz-1983[ 76],
144R-tuv,http://wals.info/languoid/lect/wals_code_tuv,144R,144,No SONegV,Krueger-1977[ 129],
144R-ret,http://wals.info/languoid/lect/wals_code_ret,144R,144,No SONegV,Strom-1992[ 145],
144R-tau,http://wals.info/languoid/lect/wals_code_tau,144R,144,Word&NoDoubleNeg,MacDonald-1990[ 216],
144R-ijo,http://wals.info/languoid/lect/wals_code_ijo,144R,144,No SONegV,Williamson-1965[ 74],
144R-psh,http://wals.info/languoid/lect/wals_code_psh,144R,144,Prefix&NoDoubleNeg,"Shafeev-1964[ 52, 48]",
144R-wao,http://wals.info/languoid/lect/wals_code_wao,144R,144,No SONegV,"Peeke-1979[ 41];Peeke-1994[ 273, 277]",
144R-wap,http://wals.info/languoid/lect/wals_code_wap,144R,144,No SONegV,Radin-1929[ 139];Li-et-al-1977[ passim],
144R-kis,http://wals.info/languoid/lect/wals_code_kis,144R,144,No SONegV,"Childs-1995[ 125, 142, 220-222, 227, 260-261]",
144R-tsh,http://wals.info/languoid/lect/wals_code_tsh,144R,144,No SONegV,Dayley-1989a[ 320-322],
144R-ton,http://wals.info/languoid/lect/wals_code_ton,144R,144,No SONegV,Hoijer-1933-1938[ 82];Troike-1967[ 329],
144R-mhi,http://wals.info/languoid/lect/wals_code_mhi,144R,144,No SONegV,,
144R-amp,http://wals.info/languoid/lect/wals_code_amp,144R,144,No SONegV,Wilkins-1989[ 235],
144R-die,http://wals.info/languoid/lect/wals_code_die,144R,144,No SONegV,Langdon-1970[ 182],
144R-pan,http://wals.info/languoid/lect/wals_code_pan,144R,144,Word&NoDoubleNeg,"Gill-and-Gleason-1969[ 139];Gill-and-Gleason-1963[ 215-217, 221]",
144R-mne,http://wals.info/languoid/lect/wals_code_mne,144R,144,No SONegV,Shipley-1964[ 44],
144R-ham,http://wals.info/languoid/lect/wals_code_ham,144R,144,Prefix&NoDoubleNeg,"Oates-and-Oates-1968[ 61, 63]",
144R-mac,http://wals.info/languoid/lect/wals_code_mac,144R,144,No SONegV,Abbott-1991[ 55],
144R-mab,http://wals.info/languoid/lect/wals_code_mab,144R,144,No SONegV,Tucker-and-Bryan-1966[ 204];Trenga-1947[ 139],
144R-chv,http://wals.info/languoid/lect/wals_code_chv,144R,144,No SONegV,Krueger-1961[ 143],
144R-dut,http://wals.info/languoid/lect/wals_code_dut,144R,144,Word&NoDoubleNeg,Shetter-1958[ passim],
144R-una,http://wals.info/languoid/lect/wals_code_una,144R,144,Word&NoDoubleNeg,Louwerse-1988[ 88],
144R-tml,http://wals.info/languoid/lect/wals_code_tml,144R,144,No SONegV,"Asher-1982[ 77, 175]",
144R-lah,http://wals.info/languoid/lect/wals_code_lah,144R,144,Word&NoDoubleNeg,"Matisoff-1973[ 45, 265]",
144R-zun,http://wals.info/languoid/lect/wals_code_zun,144R,144,No SONegV,"Nichols-1997b[ 10, 25]",
144R-snt,http://wals.info/languoid/lect/wals_code_snt,144R,144,Prefix&NoDoubleNeg,"Cowan-1965[ 18, passim]",
144R-som,http://wals.info/languoid/lect/wals_code_som,144R,144,Word&NoDoubleNeg,Kirk-1905[ 48-49];Saeed-1987[ 71],
144R-fur,http://wals.info/languoid/lect/wals_code_fur,144R,144,Prefix&OnlyWithAnotherNeg,Jakobi-1990[ 117];Beaton-1968[ 95],
144R-lad,http://wals.info/languoid/lect/wals_code_lad,144R,144,Prefix&NoDoubleNeg,Koshal-1979[ 243-250],
144R-lep,http://wals.info/languoid/lect/wals_code_lep,144R,144,Prefix&OnlyWithAnotherNeg,,
144R-tli,http://wals.info/languoid/lect/wals_code_tli,144R,144,Word&NoDoubleNeg,Naish-1979[ 118-124],
144R-bam,http://wals.info/languoid/lect/wals_code_bam,144R,144,No SONegV,Bird-et-al-1977[ 219],
144R-nti,http://wals.info/languoid/lect/wals_code_nti,144R,144,No SONegV,"Kutsch-Lojenga-1994[ 242, 391]",
144R-car,http://wals.info/languoid/lect/wals_code_car,144R,144,No SONegV,Hoff-1968[ 115],
144R-tun,http://wals.info/languoid/lect/wals_code_tun,144R,144,No SONegV,Haas-1940[ 54],
144R-mku,http://wals.info/languoid/lect/wals_code_mku,144R,144,No SONegV,Tryon-1970b[ 53],
144R-amh,http://wals.info/languoid/lect/wals_code_amh,144R,144,Prefix&OnlyWithAnotherNeg,"Leslau-1995[ 292, 302];Leslau-1966[ 609-610]",
144R-arm,http://wals.info/languoid/lect/wals_code_arm,144R,144,Type 1 / Type 2,,
144R-aym,http://wals.info/languoid/lect/wals_code_aym,144R,144,Word&NoDoubleNeg,"Wexler-1967[ 25, 137]",
144R-baw,http://wals.info/languoid/lect/wals_code_baw,144R,144,No SONegV,Reichle-1981[ 54],
144R-nbd,http://wals.info/languoid/lect/wals_code_nbd,144R,144,No SONegV,Armbruster-1960[ 205],
144R-hai,http://wals.info/languoid/lect/wals_code_hai,144R,144,No SONegV,Enrico-2003[ 219],
144R-usa,http://wals.info/languoid/lect/wals_code_usa,144R,144,Word&NoDoubleNeg,Reesink-1987[ 276-285],
144R-bej,http://wals.info/languoid/lect/wals_code_bej,144R,144,Prefix&NoDoubleNeg,"Hudson-1974[ passim];Reinisch-1893[ 147, 184]",
144R-gar,http://wals.info/languoid/lect/wals_code_gar,144R,144,No SONegV,Burling-1961[ 18],
144R-dag,http://wals.info/languoid/lect/wals_code_dag,144R,144,Word&NoDoubleNeg,"Murane-1974[ 112, 26]",
144R-cah,http://wals.info/languoid/lect/wals_code_cah,144R,144,Word&NoDoubleNeg,Seiler-1977[ 200],
144R-knm,http://wals.info/languoid/lect/wals_code_knm,144R,144,No SONegV,Tucker-and-Bryan-1966[ 345],
144R-nav,http://wals.info/languoid/lect/wals_code_nav,144R,144,Word&NoDoubleNeg,Sapir-and-Hoijer-1967[ 109];Young-and-Morgan-1980[ 352];Reichard-1951[ 307],
144R-cmn,http://wals.info/languoid/lect/wals_code_cmn,144R,144,Word&NoDoubleNeg,Charney-1993[ 220],
144R-tru,http://wals.info/languoid/lect/wals_code_tru,144R,144,No SONegV,"Monod-Becquelin-1975[ 179, 199, 211];Guirardello-1999a[ 233]",
144R-dni,http://wals.info/languoid/lect/wals_code_dni,144R,144,No SONegV,Bromley-1981[ 321],
144R-nen,http://wals.info/languoid/lect/wals_code_nen,144R,144,Word&NoDoubleNeg,Tereshchenko-1966a[ 389];Salminen-1998[ 543];Hajdu-1963[ 69],
144R-urk,http://wals.info/languoid/lect/wals_code_urk,144R,144,No SONegV,"Kakumasu-1986[ 357, 385]",
144R-ika,http://wals.info/languoid/lect/wals_code_ika,144R,144,No SONegV,"Frank-1990[ 6, 89]",
144R-kse,http://wals.info/languoid/lect/wals_code_kse,144R,144,No SONegV,Prost-1956[ passim],
144R-mun,http://wals.info/languoid/lect/wals_code_mun,144R,144,Word&NoDoubleNeg,"Osada-1992[ 87-88, 137, 152];Sinha-1975[ 148, 156]",
144R-yid,http://wals.info/languoid/lect/wals_code_yid,144R,144,Word&NoDoubleNeg,Dixon-1977a[ 372],
144R-asm,http://wals.info/languoid/lect/wals_code_asm,144R,144,No SONegV,"Voorhoeve-1965[ 164-168, passim]",
144R-grb,http://wals.info/languoid/lect/wals_code_grb,144R,144,No SONegV,Innes-1966[ 103],
144R-kio,http://wals.info/languoid/lect/wals_code_kio,144R,144,No SONegV,"Watkins-1984[ 176-178, 214-215]",
144R-wic,http://wals.info/languoid/lect/wals_code_wic,144R,144,No SONegV,Rood-1996[ 600];Rood-1976[ 157-158],
144R-irq,http://wals.info/languoid/lect/wals_code_irq,144R,144,No SONegV,Tucker-and-Bryan-1966[ 589],
144R-kew,http://wals.info/languoid/lect/wals_code_kew,144R,144,Prefix&NoDoubleNeg,"Franklin-1971[ 30, 47]",
144R-snm,http://wals.info/languoid/lect/wals_code_snm,144R,144,No SONegV,Borgman-1990[ 81-85],
144R-shk,http://wals.info/languoid/lect/wals_code_shk,144R,144,No SONegV,Faust-1973[ 17],
144R-epe,http://wals.info/languoid/lect/wals_code_epe,144R,144,No SONegV,"Harms-1994[ 15, 131]",
144R-ket,http://wals.info/languoid/lect/wals_code_ket,144R,144,Word&NoDoubleNeg,Dulzon-1968[ 576];Werner-1997a[ 336],
144R-koa,http://wals.info/languoid/lect/wals_code_koa,144R,144,No SONegV,Kimball-1991[ 58-87],
144R-hzb,http://wals.info/languoid/lect/wals_code_hzb,144R,144,No SONegV,van-den-Berg-1995[ 77],
144R-qim,http://wals.info/languoid/lect/wals_code_qim,144R,144,Word&NoDoubleNeg,Cole-1982[ 85],
144R-ram,http://wals.info/languoid/lect/wals_code_ram,144R,144,Word&NoDoubleNeg,Grinevald-1988[ 181-190],
144R-niv,http://wals.info/languoid/lect/wals_code_niv,144R,144,No SONegV,Panfilov-1962[ 156-157],
144R-awp,http://wals.info/languoid/lect/wals_code_awp,144R,144,Word&OnlyWithAnotherNeg,"Curnow-1997[ 332, 334]",
144R-kob,http://wals.info/languoid/lect/wals_code_kob,144R,144,No SONegV,Davies-1981b[ 78],
144R-mar,http://wals.info/languoid/lect/wals_code_mar,144R,144,Prefix&OnlyWithAnotherNeg,Gordon-1986[ 71],
144R-ala,http://wals.info/languoid/lect/wals_code_ala,144R,144,Word&NoDoubleNeg,Bruce-1984[ 192-193],
144R-lav,http://wals.info/languoid/lect/wals_code_lav,144R,144,No SONegV,"Terrill-1999[ 413ff, 17.2, 417, 17.2.4]",
144R-ain,http://wals.info/languoid/lect/wals_code_ain,144R,144,Word&NoDoubleNeg,Shibatani-1990[ 24];Dettmer-1989[ 913];Refsing-1986[ 137],
144R-lkt,http://wals.info/languoid/lect/wals_code_lkt,144R,144,No SONegV,Boas-and-Deloria-1941[ 104];Rood-and-Taylor-1996[ 474];Buechel-1939[ 352],
144R-prh,http://wals.info/languoid/lect/wals_code_prh,144R,144,No SONegV,"Everett-1986[ 289, passim]",
144R-kho,http://wals.info/languoid/lect/wals_code_kho,144R,144,No SONegV,"Hagman-1977[ 88, 112]",
144R-brm,http://wals.info/languoid/lect/wals_code_brm,144R,144,Prefix&OnlyWithAnotherNeg,Okell-1969[ passim];Cornyn-and-Roop-1968[ 44];Soe-1999[ 144-145],
144R-knr,http://wals.info/languoid/lect/wals_code_knr,144R,144,No SONegV,"Lukas-1937[ 36, 68];Hutchison-1976[ 50, 52, passim]",
144R-yko,http://wals.info/languoid/lect/wals_code_yko,144R,144,Prefix&NoDoubleNeg,Maslova-1999[ 591],
144R-bur,http://wals.info/languoid/lect/wals_code_bur,144R,144,Prefix&NoDoubleNeg,Tiffou-and-Pesot-1989[ 73];Lorimer-1935[ 305],
144R-orh,http://wals.info/languoid/lect/wals_code_orh,144R,144,Prefix&OnlyWithAnotherNeg,Owens-1985[ 66],
144R-yaq,http://wals.info/languoid/lect/wals_code_yaq,144R,144,No SONegV,Lindenfeld-1973[ 31],
144R-sla,http://wals.info/languoid/lect/wals_code_sla,144R,144,No SONegV,"Rice-1989[ 1101, 1103]",
144R-grw,http://wals.info/languoid/lect/wals_code_grw,144R,144,No SONegV,Schultz-Lorentzen-1945[ 170];Fortescue-1984[ 136],
144R-hin,http://wals.info/languoid/lect/wals_code_hin,144R,144,Word&NoDoubleNeg,"McGregor-1977[ 18, 58]",
144R-ckr,http://wals.info/languoid/lect/wals_code_ckr,144R,144,No SONegV,Popjes-and-Popjes-1986[ 160],
144R-geo,http://wals.info/languoid/lect/wals_code_geo,144R,144,Word&NoDoubleNeg,Vogt-1971[ 224],
144R-knd,http://wals.info/languoid/lect/wals_code_knd,144R,144,No SONegV,Bright-1958[ 24];Schiffman-1983[ 113-116];Sridhar-1990[ 227-228],
144R-kha,http://wals.info/languoid/lect/wals_code_kha,144R,144,No SONegV,"Binnick-1979[ 32, passim]",
144R-sup,http://wals.info/languoid/lect/wals_code_sup,144R,144,No SONegV,Carlson-1994[ 376],
144R-bsq,http://wals.info/languoid/lect/wals_code_bsq,144R,144,Word&NoDoubleNeg,Lafitte-1962[ 48-49],
144R-abk,http://wals.info/languoid/lect/wals_code_abk,144R,144,Prefix&NoDoubleNeg,Hewitt-1979[ 70],
144R-eve,http://wals.info/languoid/lect/wals_code_eve,144R,144,Word&OnlyWithAnotherNeg,"Nedjalkov-1997[ 97, 269]",
144R-kor,http://wals.info/languoid/lect/wals_code_kor,144R,144,Word&NoDoubleNeg,,
144R-prs,http://wals.info/languoid/lect/wals_code_prs,144R,144,Prefix&NoDoubleNeg,Rastorgueva-1964[ 35];Lambton-1967[ 18],
144R-ame,http://wals.info/languoid/lect/wals_code_ame,144R,144,Word&OptDoubleNeg,Roberts-1987[ 110],
144R-ger,http://wals.info/languoid/lect/wals_code_ger,144R,144,Word&NoDoubleNeg,Lederer-1969[ 583],
144R-lez,http://wals.info/languoid/lect/wals_code_lez,144R,144,No SONegV,"Haspelmath-1993[ 127, 133-134, 245]",
144R-jpn,http://wals.info/languoid/lect/wals_code_jpn,144R,144,No SONegV,Hinds-1986[ 98],
144R-tur,http://wals.info/languoid/lect/wals_code_tur,144R,144,No SONegV,Underhill-1976[ 57];Lewis-1967[ 110],
144R-dds,http://wals.info/languoid/lect/wals_code_dds,144R,144,No SONegV,Kervran-and-Prost-1969[ 65-67],
144R-agb,http://wals.info/languoid/lect/wals_code_agb,144R,144,Prefix&NoDoubleNeg,,
144R-wna,http://wals.info/languoid/lect/wals_code_wna,144R,144,No SONegV,Nikitina-2008[ passim],
144R-jms,http://wals.info/languoid/lect/wals_code_jms,144R,144,No SONegV,Heath-2008[ 366ff],
144R-mdw,http://wals.info/languoid/lect/wals_code_mdw,144R,144,No SONegV,Amboulou-1998[312],
144R-zag,http://wals.info/languoid/lect/wals_code_zag,144R,144,No SONegV,Crass-and-Jakobi-2004[ 93-94],
144R-sid,http://wals.info/languoid/lect/wals_code_sid,144R,144,Word&NoDoubleNeg,Kawachi-2007[ 286],
144R-tdr,http://wals.info/languoid/lect/wals_code_tdr,144R,144,Prefix&NoDoubleNeg,Kretschmar-1986[ 74],
144R-knz,http://wals.info/languoid/lect/wals_code_knz,144R,144,Prefix&NoDoubleNeg,Causemann-1989[ 102],
144R-khd,http://wals.info/languoid/lect/wals_code_khd,144R,144,Prefix&NoDoubleNeg,"Hasler-1999[ 213, 214]",
144R-wme,http://wals.info/languoid/lect/wals_code_wme,144R,144,Prefix&NoDoubleNeg,Opgenort-2004[ 249],
144R-rgc,http://wals.info/languoid/lect/wals_code_rgc,144R,144,Prefix&NoDoubleNeg,Sun-2003[498],
144R-mpt,http://wals.info/languoid/lect/wals_code_mpt,144R,144,No SONegV,Fedden-2007[ 299],
144R-mkj,http://wals.info/languoid/lect/wals_code_mkj,144R,144,Word&NoDoubleNeg,Huber-2008[ passim],
144R-abv,http://wals.info/languoid/lect/wals_code_abv,144R,144,No SONegV,Kratochvil-2007[ 277],
144R-adg,http://wals.info/languoid/lect/wals_code_adg,144R,144,No SONegV,"Haan-2001[ 73-74, 220]",
144R-brp,http://wals.info/languoid/lect/wals_code_brp,144R,144,No SONegV,"Corris-2005[127, 298]",
144R-kwt,http://wals.info/languoid/lect/wals_code_kwt,144R,144,No SONegV,"Spencer-2008[ 107, 124, 131, 132, 150]",
144R-kmz,http://wals.info/languoid/lect/wals_code_kmz,144R,144,No SONegV,Sanders-and-Sanders-1994[ 19],
144R-inn,http://wals.info/languoid/lect/wals_code_inn,144R,144,No SONegV,Breen-2004[47],
144R-eme,http://wals.info/languoid/lect/wals_code_eme,144R,144,Prefix&OnlyWithAnotherNeg,Rose-2003b[ 399],
144R-kyz,http://wals.info/languoid/lect/wals_code_kyz,144R,144,No SONegV,Gomes-2007[ 173],
144R-cpy,http://wals.info/languoid/lect/wals_code_cpy,144R,144,No SONegV,Cerron-Palomino-2006[ 241],
