ID,Language_ID,Parameter_ID,Contribution_ID,Value,Source,Comment
68A-ins,http://wals.info/languoid/lect/wals_code_ins,68A,68,"From 'finish', 'already'",,
68A-ise,http://wals.info/languoid/lect/wals_code_ise,68A,68,"From 'finish', 'already'",Dahl-1985[178],
68A-hwc,http://wals.info/languoid/lect/wals_code_hwc,68A,68,No perfect,Velupillai-2003,
68A-kfc,http://wals.info/languoid/lect/wals_code_kfc,68A,68,No perfect,Dahl-1985[166],
68A-tga,http://wals.info/languoid/lect/wals_code_tga,68A,68,No perfect,Bybee-et-al-1994,
68A-atu,http://wals.info/languoid/lect/wals_code_atu,68A,68,No perfect,Dahl-1985[155],
68A-atc,http://wals.info/languoid/lect/wals_code_atc,68A,68,No perfect,Bybee-et-al-1994,
68A-cyn,http://wals.info/languoid/lect/wals_code_cyn,68A,68,No perfect,Bybee-et-al-1994,
68A-tem,http://wals.info/languoid/lect/wals_code_tem,68A,68,Other perfect,"Bybee-et-al-1994[64-65, 329, quoting Der-Houssikian 1980a:68-69]",
68A-mtg,http://wals.info/languoid/lect/wals_code_mtg,68A,68,Other perfect,,
68A-toj,http://wals.info/languoid/lect/wals_code_toj,68A,68,Other perfect,"Bybee-et-al-1994[64-65, 329, quoting Furbee-Losee 1976:129, 133-34]",
68A-blc,http://wals.info/languoid/lect/wals_code_blc,68A,68,Other perfect,"Bybee-et-al-1994[64-65, 328, quoting Barker and Mengal 1969:333-339]",
68A-cuu,http://wals.info/languoid/lect/wals_code_cuu,68A,68,No perfect,Bybee-et-al-1994,
68A-ren,http://wals.info/languoid/lect/wals_code_ren,68A,68,No perfect,,
68A-kui,http://wals.info/languoid/lect/wals_code_kui,68A,68,Other perfect,"Bybee-et-al-1994[79-80, 330, quoting Subrahmanyam 1971:60-85, 157-60]",
68A-ono,http://wals.info/languoid/lect/wals_code_ono,68A,68,No perfect,Bybee-et-al-1994,
68A-bui,http://wals.info/languoid/lect/wals_code_bui,68A,68,"From 'finish', 'already'","Bybee-et-al-1994[64-65, 328, quoting Maan 1951:85]",
68A-wor,http://wals.info/languoid/lect/wals_code_wor,68A,68,No perfect,Bybee-et-al-1994,
68A-kji,http://wals.info/languoid/lect/wals_code_kji,68A,68,No perfect,Dahl-1985[168],
68A-bon,http://wals.info/languoid/lect/wals_code_bon,68A,68,"From 'finish', 'already'","Bybee-et-al-1994[64-65, 329, quoting Hanke 1909:53, 67]",
68A-afr,http://wals.info/languoid/lect/wals_code_afr,68A,68,"From 'finish', 'already'",Dahl-1985[166],
68A-qco,http://wals.info/languoid/lect/wals_code_qco,68A,68,No perfect,Dahl-1985[158],
68A-tpi,http://wals.info/languoid/lect/wals_code_tpi,68A,68,No perfect,Bybee-et-al-1994,
68A-bng,http://wals.info/languoid/lect/wals_code_bng,68A,68,Other perfect,"Bybee-et-al-1994[79-80, 331, quoting Rascher 1904:62ff.]",
68A-tig,http://wals.info/languoid/lect/wals_code_tig,68A,68,No perfect,Dahl-1985[156],
68A-avo,http://wals.info/languoid/lect/wals_code_avo,68A,68,No perfect,,
68A-nim,http://wals.info/languoid/lect/wals_code_nim,68A,68,No perfect,Bybee-et-al-1994,
68A-plg,http://wals.info/languoid/lect/wals_code_plg,68A,68,Other perfect,"Bybee-et-al-1994[64-65, 328, quoting Milne 1921:67]",
68A-tny,http://wals.info/languoid/lect/wals_code_tny,68A,68,"From 'finish', 'already'",Dahl-1985[177],
68A-gug,http://wals.info/languoid/lect/wals_code_gug,68A,68,No perfect,Bybee-et-al-1994,
68A-mwe,http://wals.info/languoid/lect/wals_code_mwe,68A,68,Other perfect,"Bybee-et-al-1994[64-65, 329, quoting Harries 1950:110]",
68A-awn,http://wals.info/languoid/lect/wals_code_awn,68A,68,Other perfect,"Bybee-et-al-1994[79-80, 330, quoting Hetzron 1969:13f., 27f.]",
68A-yct,http://wals.info/languoid/lect/wals_code_yct,68A,68,No perfect,,
68A-man,http://wals.info/languoid/lect/wals_code_man,68A,68,Other perfect,"Bybee-et-al-1994[64-65, 329, quoting Becker-Donner 1965:41ff.]",
68A-pnn,http://wals.info/languoid/lect/wals_code_pnn,68A,68,No perfect,Bybee-et-al-1994,
68A-tug,http://wals.info/languoid/lect/wals_code_tug,68A,68,No perfect,Bybee-et-al-1994,
68A-uyg,http://wals.info/languoid/lect/wals_code_uyg,68A,68,Other perfect,"Bybee-et-al-1994[64-65, 329, quoting Nadzhip 1971:117-18]",
68A-hal,http://wals.info/languoid/lect/wals_code_hal,68A,68,No perfect,Bybee-et-al-1994,
68A-cpn,http://wals.info/languoid/lect/wals_code_cpn,68A,68,Other perfect,"Bybee-et-al-1994[64-65, 329, quoting Caughley 1982:108-9]",
68A-wly,http://wals.info/languoid/lect/wals_code_wly,68A,68,No perfect,Lamberti-and-Sottile-1997,
68A-bnj,http://wals.info/languoid/lect/wals_code_bnj,68A,68,No perfect,Dahl-1985[159],
68A-cpl,http://wals.info/languoid/lect/wals_code_cpl,68A,68,Other perfect,"Bybee-et-al-1994[79-80, 331, quoting Merrifield 1968:25]",
68A-jav,http://wals.info/languoid/lect/wals_code_jav,68A,68,"From 'finish', 'already'",Dahl-1985[161],
68A-kik,http://wals.info/languoid/lect/wals_code_kik,68A,68,Other perfect,Dahl-1985[175],
68A-coc,http://wals.info/languoid/lect/wals_code_coc,68A,68,Other perfect,"Bybee-et-al-1994[64-65, 327, quoting Faust 1978:72]",
68A-did,http://wals.info/languoid/lect/wals_code_did,68A,68,No perfect,,
68A-mtu,http://wals.info/languoid/lect/wals_code_mtu,68A,68,Other perfect,"Bybee-et-al-1994[64-65, 328, quoting Lister-Turner and Clark n.d.:14, 16-17]",
68A-ngm,http://wals.info/languoid/lect/wals_code_ngm,68A,68,No perfect,Bybee-et-al-1994,
68A-ses,http://wals.info/languoid/lect/wals_code_ses,68A,68,Other perfect,Dahl-1985[175],
68A-egn,http://wals.info/languoid/lect/wals_code_egn,68A,68,"From 'finish', 'already'","Bybee-et-al-1994[79-80, 331, quoting Thomas 1978:73, 170, 174]",
68A-grf,http://wals.info/languoid/lect/wals_code_grf,68A,68,Other perfect,"Bybee-et-al-1994[79-80, 330, quoting Taylor 1956a:6, 20, 24, 30, and Taylor 1956b:144f.]",
68A-raw,http://wals.info/languoid/lect/wals_code_raw,68A,68,Other perfect,"Bybee-et-al-1994[64-65, 329, quoting Barnard 1934:20-22, 27-28]",
68A-yes,http://wals.info/languoid/lect/wals_code_yes,68A,68,No perfect,Bybee-et-al-1994,
68A-ceb,http://wals.info/languoid/lect/wals_code_ceb,68A,68,No perfect,Dahl-1985[160],
68A-lda,http://wals.info/languoid/lect/wals_code_lda,68A,68,Other perfect,,
68A-nak,http://wals.info/languoid/lect/wals_code_nak,68A,68,Other perfect,"Bybee-et-al-1994[79-80, 330, quoting Johnston 1980:129-30]",
68A-udm,http://wals.info/languoid/lect/wals_code_udm,68A,68,Other perfect,"Bybee-et-al-1994[79-80, 331, quoting Perevoshchikov 1962:202-6]",
68A-tuc,http://wals.info/languoid/lect/wals_code_tuc,68A,68,Other perfect,"Bybee-et-al-1994[64-65, 328, quoting Sorensen 1969:29]",
68A-jiv,http://wals.info/languoid/lect/wals_code_jiv,68A,68,Other perfect,"Bybee-et-al-1994[64-65, 327, quoting Turner 1958:64, 93]",
68A-lao,http://wals.info/languoid/lect/wals_code_lao,68A,68,"From 'finish', 'already'","Bybee-et-al-1994[64-65, 329, quoting Yates and Sayisthsena 1970:318f.]",
68A-mai,http://wals.info/languoid/lect/wals_code_mai,68A,68,Other perfect,"Bybee-et-al-1994[64-65, 328, quoting Jha 1958:427-428, 511f., 526]",
68A-nbr,http://wals.info/languoid/lect/wals_code_nbr,68A,68,Other perfect,"Bybee-et-al-1994[64-65, 328, quoting Kopesec 1975:24, 45]",
68A-aly,http://wals.info/languoid/lect/wals_code_aly,68A,68,Other perfect,"Bybee-et-al-1994[64-65, 328, quoting Yallop 1977:51]",
68A-cbo,http://wals.info/languoid/lect/wals_code_cbo,68A,68,No perfect,Bybee-et-al-1994,
68A-mlt,http://wals.info/languoid/lect/wals_code_mlt,68A,68,No perfect,Dahl-1985[156],
68A-ruk,http://wals.info/languoid/lect/wals_code_ruk,68A,68,Other perfect,"Bybee-et-al-1994[64-65, 328, quoting Li 1973:81, 150, 156, 160, 265]",
68A-aze,http://wals.info/languoid/lect/wals_code_aze,68A,68,Other perfect,Dahl-1985[159-160],
68A-bar,http://wals.info/languoid/lect/wals_code_bar,68A,68,Other perfect,"Bybee-et-al-1994[64-65, 329, quoting Spagnolo 1933:105]",
68A-ben,http://wals.info/languoid/lect/wals_code_ben,68A,68,Other perfect,Dahl-1985[167],
68A-but,http://wals.info/languoid/lect/wals_code_but,68A,68,Other perfect,"Bybee-et-al-1994[64-65, 329, quoting Poppe 1960:103]",
68A-kya,http://wals.info/languoid/lect/wals_code_kya,68A,68,No perfect,Bybee-et-al-1994,
68A-alw,http://wals.info/languoid/lect/wals_code_alw,68A,68,No perfect,Dahl-1985[159],
68A-lai,http://wals.info/languoid/lect/wals_code_lai,68A,68,Other perfect,"Bybee-et-al-1994[64-65, 329, quoting Newland 1897:34]",
68A-snc,http://wals.info/languoid/lect/wals_code_snc,68A,68,No perfect,Dahl-1985[173],
68A-tah,http://wals.info/languoid/lect/wals_code_tah,68A,68,Other perfect,"Bybee-et-al-1994[64-65, 328, quoting Jaussen 1861:64, 72]",
68A-knk,http://wals.info/languoid/lect/wals_code_knk,68A,68,No perfect,Bybee-et-al-1994,
68A-shu,http://wals.info/languoid/lect/wals_code_shu,68A,68,No perfect,Bybee-et-al-1994,
68A-tne,http://wals.info/languoid/lect/wals_code_tne,68A,68,"From 'finish', 'already'","Bybee-et-al-1994[64-65, 329, quoting Wilson 1961a:26]",
68A-por,http://wals.info/languoid/lect/wals_code_por,68A,68,No perfect,Dahl-1985[171-172],
68A-sun,http://wals.info/languoid/lect/wals_code_sun,68A,68,"From 'finish', 'already'",Dahl-1985[139],
68A-nca,http://wals.info/languoid/lect/wals_code_nca,68A,68,No perfect,Bybee-et-al-1994,
68A-ygr,http://wals.info/languoid/lect/wals_code_ygr,68A,68,Other perfect,"Bybee-et-al-1994[64-65, 328, quoting Renck 1975:133f.]",
68A-tgr,http://wals.info/languoid/lect/wals_code_tgr,68A,68,Other perfect,"Bybee-et-al-1994[64-65, 327, quoting Raz 1983:6, 73-74, 199]",
68A-akn,http://wals.info/languoid/lect/wals_code_akn,68A,68,Other perfect,Dahl-1985[179],
68A-ice,http://wals.info/languoid/lect/wals_code_ice,68A,68,From possessive,Einarsson-1949[135],
68A-pan,http://wals.info/languoid/lect/wals_code_pan,68A,68,Other perfect,Dahl-1985[168],
68A-mne,http://wals.info/languoid/lect/wals_code_mne,68A,68,Other perfect,"Bybee-et-al-1994[79-80, 331, quoting Shipley 1964:46-47]",
68A-mrg,http://wals.info/languoid/lect/wals_code_mrg,68A,68,Other perfect,"Bybee-et-al-1994[64-65, 327, quoting Hoffmann 1963:220-225]",
68A-abi,http://wals.info/languoid/lect/wals_code_abi,68A,68,No perfect,Bybee-et-al-1994,
68A-swe,http://wals.info/languoid/lect/wals_code_swe,68A,68,From possessive,Dahl-1985[166],
68A-wlf,http://wals.info/languoid/lect/wals_code_wlf,68A,68,Other perfect,Dahl-1985[180],
68A-haw,http://wals.info/languoid/lect/wals_code_haw,68A,68,No perfect,Dahl-1985[162-163],
68A-ood,http://wals.info/languoid/lect/wals_code_ood,68A,68,Other perfect,"Bybee-et-al-1994[64-65, 328, quoting Mathiot 1973:58]",
68A-rom,http://wals.info/languoid/lect/wals_code_rom,68A,68,No perfect,Dahl-1985[171-172],
68A-tml,http://wals.info/languoid/lect/wals_code_tml,68A,68,Other perfect,Dahl-1985[165-166],
68A-bul,http://wals.info/languoid/lect/wals_code_bul,68A,68,Other perfect,Dahl-1985[172],
68A-lah,http://wals.info/languoid/lect/wals_code_lah,68A,68,Other perfect,"Bybee-et-al-1994[64-65, 329, quoting Matisoff 1973:322ff]",
68A-zun,http://wals.info/languoid/lect/wals_code_zun,68A,68,No perfect,Bybee-et-al-1994,
68A-som,http://wals.info/languoid/lect/wals_code_som,68A,68,No perfect,,
68A-cnt,http://wals.info/languoid/lect/wals_code_cnt,68A,68,Other perfect,"Bybee-et-al-1994[64-65, 329, quoting Kwok 1971:108-9]",
68A-mak,http://wals.info/languoid/lect/wals_code_mak,68A,68,No perfect,,
68A-sue,http://wals.info/languoid/lect/wals_code_sue,68A,68,No perfect,Wilson-1974,
68A-amh,http://wals.info/languoid/lect/wals_code_amh,68A,68,Other perfect,Dahl-1985[156],
68A-ana,http://wals.info/languoid/lect/wals_code_ana,68A,68,No perfect,Pitman-1980,
68A-dio,http://wals.info/languoid/lect/wals_code_dio,68A,68,No perfect,Sapir-1965,
68A-arm,http://wals.info/languoid/lect/wals_code_arm,68A,68,Other perfect,,
68A-kmu,http://wals.info/languoid/lect/wals_code_kmu,68A,68,"From 'finish', 'already'",Dahl-1985[174],
68A-pai,http://wals.info/languoid/lect/wals_code_pai,68A,68,Other perfect,Egli-1990[114],
68A-bej,http://wals.info/languoid/lect/wals_code_bej,68A,68,Other perfect,Dahl-1985[154-155],
68A-sml,http://wals.info/languoid/lect/wals_code_sml,68A,68,"From 'finish', 'already'",Kruspe-2004[472-474],
68A-dag,http://wals.info/languoid/lect/wals_code_dag,68A,68,No perfect,Murane-1974,
68A-brh,http://wals.info/languoid/lect/wals_code_brh,68A,68,Other perfect,Andronov-1980[79],
68A-zqc,http://wals.info/languoid/lect/wals_code_zqc,68A,68,Other perfect,Harrison-et-al-1981,
68A-dni,http://wals.info/languoid/lect/wals_code_dni,68A,68,No perfect,Bromley-1981,
68A-nen,http://wals.info/languoid/lect/wals_code_nen,68A,68,No perfect,Salminen-1993-99,
68A-cre,http://wals.info/languoid/lect/wals_code_cre,68A,68,No perfect,Wolfart-and-Carroll-1981;Wolfart-1996,
68A-kse,http://wals.info/languoid/lect/wals_code_kse,68A,68,No perfect,Heath-1999a,
68A-krk,http://wals.info/languoid/lect/wals_code_krk,68A,68,Other perfect,"Bybee-et-al-1994[64-65, 328, quoting Bright 1957:138-89]",
68A-brs,http://wals.info/languoid/lect/wals_code_brs,68A,68,No perfect,Jones-and-Jones-1991,
68A-aco,http://wals.info/languoid/lect/wals_code_aco,68A,68,No perfect,Miller-1965,
68A-arp,http://wals.info/languoid/lect/wals_code_arp,68A,68,No perfect,Conrad-and-Wogiga-1991,
68A-ond,http://wals.info/languoid/lect/wals_code_ond,68A,68,No perfect,Dahl-1985[173],
68A-asm,http://wals.info/languoid/lect/wals_code_asm,68A,68,Other perfect,Voorhoeve-1965,
68A-ewe,http://wals.info/languoid/lect/wals_code_ewe,68A,68,No perfect,Warburton-et-al-1968,
68A-grb,http://wals.info/languoid/lect/wals_code_grb,68A,68,Other perfect,Innes-1966[54-87],
68A-hmo,http://wals.info/languoid/lect/wals_code_hmo,68A,68,No perfect,Harriehausen-1990,
68A-khm,http://wals.info/languoid/lect/wals_code_khm,68A,68,"From 'finish', 'already'",Jacob-1968[102-105],
68A-kio,http://wals.info/languoid/lect/wals_code_kio,68A,68,No perfect,Watkins-1984,
68A-wic,http://wals.info/languoid/lect/wals_code_wic,68A,68,No perfect,Rood-1976,
68A-juh,http://wals.info/languoid/lect/wals_code_juh,68A,68,No perfect,Bybee-et-al-1994,
68A-kew,http://wals.info/languoid/lect/wals_code_kew,68A,68,Other perfect,Franklin-1971[109],
68A-snm,http://wals.info/languoid/lect/wals_code_snm,68A,68,No perfect,Borgman-1990,
68A-ket,http://wals.info/languoid/lect/wals_code_ket,68A,68,No perfect,Krejnovich-1968a,
68A-koa,http://wals.info/languoid/lect/wals_code_koa,68A,68,No perfect,Kimball-1991,
68A-luv,http://wals.info/languoid/lect/wals_code_luv,68A,68,Other perfect,Horton-1949[119-121],
68A-san,http://wals.info/languoid/lect/wals_code_san,68A,68,No perfect,Samarin-1967b,
68A-bag,http://wals.info/languoid/lect/wals_code_bag,68A,68,No perfect,Stevenson-1969,
68A-mau,http://wals.info/languoid/lect/wals_code_mau,68A,68,No perfect,Bybee-et-al-1994,
68A-qim,http://wals.info/languoid/lect/wals_code_qim,68A,68,No perfect,Cole-1982,
68A-ram,http://wals.info/languoid/lect/wals_code_ram,68A,68,Other perfect,Grinevald-nd[16],
68A-wch,http://wals.info/languoid/lect/wals_code_wch,68A,68,No perfect,,
68A-yag,http://wals.info/languoid/lect/wals_code_yag,68A,68,No perfect,Payne-and-Payne-1990,
68A-niv,http://wals.info/languoid/lect/wals_code_niv,68A,68,No perfect,Panfilov-1962,
68A-apu,http://wals.info/languoid/lect/wals_code_apu,68A,68,No perfect,Facundes-2000,
68A-bma,http://wals.info/languoid/lect/wals_code_bma,68A,68,No perfect,Penchoen-1973b,
68A-wra,http://wals.info/languoid/lect/wals_code_wra,68A,68,No perfect,Romero-Figueroa-1997,
68A-imo,http://wals.info/languoid/lect/wals_code_imo,68A,68,Other perfect,Seiler-1985,
68A-awp,http://wals.info/languoid/lect/wals_code_awp,68A,68,No perfect,Curnow-1997,
68A-lat,http://wals.info/languoid/lect/wals_code_lat,68A,68,Other perfect,,
68A-mar,http://wals.info/languoid/lect/wals_code_mar,68A,68,No perfect,Gordon-1986,
68A-ala,http://wals.info/languoid/lect/wals_code_ala,68A,68,No perfect,Bruce-1984,
68A-goo,http://wals.info/languoid/lect/wals_code_goo,68A,68,No perfect,McGregor-1990,
68A-kut,http://wals.info/languoid/lect/wals_code_kut,68A,68,No perfect,Canestrelli-and-Boas-1927,
68A-mxc,http://wals.info/languoid/lect/wals_code_mxc,68A,68,No perfect,Macaulay-1996,
68A-lav,http://wals.info/languoid/lect/wals_code_lav,68A,68,No perfect,Terrill-1999,
68A-rap,http://wals.info/languoid/lect/wals_code_rap,68A,68,Other perfect,Du-Feu-1996[156],
68A-ain,http://wals.info/languoid/lect/wals_code_ain,68A,68,No perfect,Refsing-1986,
68A-jak,http://wals.info/languoid/lect/wals_code_jak,68A,68,No perfect,Craig-1977,
68A-lkt,http://wals.info/languoid/lect/wals_code_lkt,68A,68,No perfect,Buechel-1939,
68A-mrt,http://wals.info/languoid/lect/wals_code_mrt,68A,68,No perfect,Dench-1995,
68A-prh,http://wals.info/languoid/lect/wals_code_prh,68A,68,No perfect,Everett-1986,
68A-war,http://wals.info/languoid/lect/wals_code_war,68A,68,No perfect,Everett-and-Kern-1997,
68A-gua,http://wals.info/languoid/lect/wals_code_gua,68A,68,No perfect,Dahl-1985[159],
68A-kho,http://wals.info/languoid/lect/wals_code_kho,68A,68,Other perfect,Hagman-1977[67],
68A-mei,http://wals.info/languoid/lect/wals_code_mei,68A,68,"From 'finish', 'already'",Chelliah-1997[132],
68A-ngi,http://wals.info/languoid/lect/wals_code_ngi,68A,68,No perfect,Donaldson-1980,
68A-brm,http://wals.info/languoid/lect/wals_code_brm,68A,68,"From 'finish', 'already'",Okell-1969[264],
68A-kro,http://wals.info/languoid/lect/wals_code_kro,68A,68,Other perfect,"Bybee-et-al-1994[64-65, 329, quoting Reh 1985:188f.]",
68A-myi,http://wals.info/languoid/lect/wals_code_myi,68A,68,No perfect,Merlan-1982,
68A-tiw,http://wals.info/languoid/lect/wals_code_tiw,68A,68,No perfect,Osborne-1974,
68A-knr,http://wals.info/languoid/lect/wals_code_knr,68A,68,Other perfect,"Bybee-et-al-1994[79-80, 331, quoting Lukas 1937:43]",
68A-kay,http://wals.info/languoid/lect/wals_code_kay,68A,68,No perfect,Evans-1995,
68A-map,http://wals.info/languoid/lect/wals_code_map,68A,68,No perfect,Smeets-1989,
68A-yor,http://wals.info/languoid/lect/wals_code_yor,68A,68,"From 'finish', 'already'",Dahl-1985[179],
68A-yko,http://wals.info/languoid/lect/wals_code_yko,68A,68,No perfect,Maslova-1999,
68A-may,http://wals.info/languoid/lect/wals_code_may,68A,68,No perfect,Dol-1999,
68A-tuk,http://wals.info/languoid/lect/wals_code_tuk,68A,68,No perfect,Donohue-1999a,
68A-bur,http://wals.info/languoid/lect/wals_code_bur,68A,68,Other perfect,"Berger-1998[142, 162]",
68A-cha,http://wals.info/languoid/lect/wals_code_cha,68A,68,No perfect,Topping-1973,
68A-chk,http://wals.info/languoid/lect/wals_code_chk,68A,68,No perfect,Dunn-1999,
68A-fij,http://wals.info/languoid/lect/wals_code_fij,68A,68,"From 'finish', 'already'",Schutz-1985[263],
68A-heb,http://wals.info/languoid/lect/wals_code_heb,68A,68,No perfect,Dahl-1985[114],
68A-lan,http://wals.info/languoid/lect/wals_code_lan,68A,68,No perfect,Noonan-1992,
68A-orh,http://wals.info/languoid/lect/wals_code_orh,68A,68,Other perfect,Owens-1985[74],
68A-tha,http://wals.info/languoid/lect/wals_code_tha,68A,68,"From 'finish', 'already'",Dahl-1985[174],
68A-yaq,http://wals.info/languoid/lect/wals_code_yaq,68A,68,No perfect,Dedrick-and-Casad-1999,
68A-zul,http://wals.info/languoid/lect/wals_code_zul,68A,68,Other perfect,Dahl-1985[175],
68A-sla,http://wals.info/languoid/lect/wals_code_sla,68A,68,Other perfect,"Bybee-et-al-1994[79-80, 331, quoting Rice 1989:360]",
68A-aeg,http://wals.info/languoid/lect/wals_code_aeg,68A,68,No perfect,Eisele-1999,
68A-grw,http://wals.info/languoid/lect/wals_code_grw,68A,68,No perfect,Dahl-1985[165],
68A-hix,http://wals.info/languoid/lect/wals_code_hix,68A,68,No perfect,Derbyshire-1979,
68A-swa,http://wals.info/languoid/lect/wals_code_swa,68A,68,Other perfect,Ashton-1947[195],
68A-vie,http://wals.info/languoid/lect/wals_code_vie,68A,68,Other perfect,Thompson-1965;Nguyen-1997,
68A-hin,http://wals.info/languoid/lect/wals_code_hin,68A,68,Other perfect,Dahl-1985[168-169],
68A-ckr,http://wals.info/languoid/lect/wals_code_ckr,68A,68,No perfect,Popjes-and-Popjes-1986,
68A-tag,http://wals.info/languoid/lect/wals_code_tag,68A,68,No perfect,Schachter-and-Otanes-1972,
68A-geo,http://wals.info/languoid/lect/wals_code_geo,68A,68,No perfect,Dahl-1985[164],
68A-knd,http://wals.info/languoid/lect/wals_code_knd,68A,68,Other perfect,Sridhar-1990,
68A-kha,http://wals.info/languoid/lect/wals_code_kha,68A,68,Other perfect,Svantesson-1991;Poppe-1954[92],
68A-mal,http://wals.info/languoid/lect/wals_code_mal,68A,68,No perfect,Dez-1980b,
68A-sup,http://wals.info/languoid/lect/wals_code_sup,68A,68,Other perfect,Carlson-1994[337],
68A-hau,http://wals.info/languoid/lect/wals_code_hau,68A,68,No perfect,Newman-2000,
68A-mao,http://wals.info/languoid/lect/wals_code_mao,68A,68,Other perfect,Dahl-1985[163],
68A-bsq,http://wals.info/languoid/lect/wals_code_bsq,68A,68,Other perfect,"Bybee-et-al-1994[64-65, 327, quoting N'Diaye 1970:202]",
68A-abk,http://wals.info/languoid/lect/wals_code_abk,68A,68,Other perfect,"Bybee-et-al-1994[79-80, 330, quoting Hewitt 1979:175, 180-81]",
68A-eve,http://wals.info/languoid/lect/wals_code_eve,68A,68,Other perfect,Nedjalkov-1997[235],
68A-kor,http://wals.info/languoid/lect/wals_code_kor,68A,68,No perfect,Lee-1991,
68A-prs,http://wals.info/languoid/lect/wals_code_prs,68A,68,No perfect,Dahl-1985[168],
68A-ame,http://wals.info/languoid/lect/wals_code_ame,68A,68,"From 'finish', 'already'",Roberts-1987[232],
68A-ger,http://wals.info/languoid/lect/wals_code_ger,68A,68,From possessive,Dahl-1985[166],
68A-grk,http://wals.info/languoid/lect/wals_code_grk,68A,68,From possessive,Dahl-1985[169],
68A-lez,http://wals.info/languoid/lect/wals_code_lez,68A,68,Other perfect,Haspelmath-1993[143],
68A-jpn,http://wals.info/languoid/lect/wals_code_jpn,68A,68,No perfect,Dahl-1985[158],
68A-mnd,http://wals.info/languoid/lect/wals_code_mnd,68A,68,No perfect,Dahl-1985[180],
68A-hun,http://wals.info/languoid/lect/wals_code_hun,68A,68,No perfect,Dahl-1985[181],
68A-ind,http://wals.info/languoid/lect/wals_code_ind,68A,68,"From 'finish', 'already'",Dahl-1985[160],
68A-fin,http://wals.info/languoid/lect/wals_code_fin,68A,68,Other perfect,Dahl-1985[181],
68A-rus,http://wals.info/languoid/lect/wals_code_rus,68A,68,No perfect,Dahl-1985[172],
68A-spa,http://wals.info/languoid/lect/wals_code_spa,68A,68,From possessive,Dahl-1985[171],
68A-tur,http://wals.info/languoid/lect/wals_code_tur,68A,68,No perfect,Dahl-1985[157],
68A-fre,http://wals.info/languoid/lect/wals_code_fre,68A,68,From possessive,Dahl-1985[170],
68A-eng,http://wals.info/languoid/lect/wals_code_eng,68A,68,From possessive,Dahl-1985[166],
