ID,Language_ID,Parameter_ID,Contribution_ID,Value,Source,Comment
7A-kgi,http://wals.info/languoid/lect/wals_code_kgi,7A,7,Implosives only,Santos-1977,
7A-cve,http://wals.info/languoid/lect/wals_code_cve,7A,7,No glottalized consonants,Thurman-1970,
7A-nbk,http://wals.info/languoid/lect/wals_code_nbk,7A,7,No glottalized consonants,Wurm-1972b,
7A-ach,http://wals.info/languoid/lect/wals_code_ach,7A,7,No glottalized consonants,Susnik-1974,
7A-aiz,http://wals.info/languoid/lect/wals_code_aiz,7A,7,Implosives only,Herault-1971,
7A-brb,http://wals.info/languoid/lect/wals_code_brb,7A,7,No glottalized consonants,Welmers-1952a,
7A-koh,http://wals.info/languoid/lect/wals_code_koh,7A,7,Implosives only,Cook-1969b,
7A-mrn,http://wals.info/languoid/lect/wals_code_mrn,7A,7,No glottalized consonants,McKaughan-1958;McKaughan-and-Macaraya-1967,
7A-mxm,http://wals.info/languoid/lect/wals_code_mxm,7A,7,No glottalized consonants,Hunter-and-Pike-1969,
7A-sab,http://wals.info/languoid/lect/wals_code_sab,7A,7,No glottalized consonants,Clayre-1973,
7A-tks,http://wals.info/languoid/lect/wals_code_tks,7A,7,No glottalized consonants,Paulian-1975,
7A-wdo,http://wals.info/languoid/lect/wals_code_wdo,7A,7,No glottalized consonants,Douglas-1964;Douglas-1955,
7A-wuc,http://wals.info/languoid/lect/wals_code_wuc,7A,7,No glottalized consonants,Chao-1970,
7A-ald,http://wals.info/languoid/lect/wals_code_ald,7A,7,No glottalized consonants,Dumestre-and-Duponchel-1971;Duponchel-1971,
7A-bki,http://wals.info/languoid/lect/wals_code_bki,7A,7,No glottalized consonants,Wheatley-1969;Wheatley-1973,
7A-brd,http://wals.info/languoid/lect/wals_code_brd,7A,7,No glottalized consonants,Metcalfe-1971,
7A-bee,http://wals.info/languoid/lect/wals_code_bee,7A,7,No glottalized consonants,Jacquot-1962;Jacquot-1981,
7A-bbf,http://wals.info/languoid/lect/wals_code_bbf,7A,7,No glottalized consonants,Morse-1976;Bris-and-Prost-1981,
7A-brw,http://wals.info/languoid/lect/wals_code_brw,7A,7,No glottalized consonants,Thongkum-1979,
7A-cad,http://wals.info/languoid/lect/wals_code_cad,7A,7,Ejectives only,Chafe-1979;Chafe-1976,
7A-dad,http://wals.info/languoid/lect/wals_code_dad,7A,7,No glottalized consonants,MacDonald-1973,
7A-ddf,http://wals.info/languoid/lect/wals_code_ddf,7A,7,Implosives only,Thelwall-1981;Tucker-and-Bryan-1966,
7A-dnw,http://wals.info/languoid/lect/wals_code_dnw,7A,7,Implosives only,Fedry-1977,
7A-dar,http://wals.info/languoid/lect/wals_code_dar,7A,7,No glottalized consonants,Kotapish-and-Kotapish-1973;Kotapish-and-Kotapish-1975,
7A-det,http://wals.info/languoid/lect/wals_code_det,7A,7,Ejectives and implosives,Vossen-1997,
7A-dts,http://wals.info/languoid/lect/wals_code_dts,7A,7,No glottalized consonants,Bendor-Samuel-et-al-1989;Plungian-1995,
7A-fuz,http://wals.info/languoid/lect/wals_code_fuz,7A,7,No glottalized consonants,Chan-1985;Chen-and-Norman-1965;Hanyu-1960;Norman-1988,
7A-gla,http://wals.info/languoid/lect/wals_code_gla,7A,7,No glottalized consonants,He-1981;He-1983,
7A-had,http://wals.info/languoid/lect/wals_code_had,7A,7,Ejectives only,Sands-et-al-1996;Tucker-et-al-1977,
7A-hba,http://wals.info/languoid/lect/wals_code_hba,7A,7,No glottalized consonants,Bolozky-1978;Bolozky-1997,
7A-ird,http://wals.info/languoid/lect/wals_code_ird,7A,7,No glottalized consonants,Ni-Chasaide-1999;O-Dochartaigh-1992,
7A-iso,http://wals.info/languoid/lect/wals_code_iso,7A,7,No glottalized consonants,Donwa-1982,
7A-ivs,http://wals.info/languoid/lect/wals_code_ivs,7A,7,No glottalized consonants,Cottle-and-Cottle-1958;Heye-and-Hidalgo-1967;Hidalgo-and-Hidalgo-1971,
7A-jpr,http://wals.info/languoid/lect/wals_code_jpr,7A,7,No glottalized consonants,Durbin-and-Seijas-1972,
7A-jom,http://wals.info/languoid/lect/wals_code_jom,7A,7,No glottalized consonants,Schadeberg-1981a,
7A-kzh,http://wals.info/languoid/lect/wals_code_kzh,7A,7,No glottalized consonants,Zheng-and-Quan-1988,
7A-ked,http://wals.info/languoid/lect/wals_code_ked,7A,7,No glottalized consonants,Korner-1985;Samely-1991,
7A-kss,http://wals.info/languoid/lect/wals_code_kss,7A,7,Implosives only,Childs-1995,
7A-kpa,http://wals.info/languoid/lect/wals_code_kpa,7A,7,No glottalized consonants,Shimizu-1971,
7A-lkk,http://wals.info/languoid/lect/wals_code_lkk,7A,7,Implosives only,Haudricourt-1967;Solnit-1988,
7A-lam,http://wals.info/languoid/lect/wals_code_lam,7A,7,Implosives only,Sachnine-1982,
7A-lua,http://wals.info/languoid/lect/wals_code_lua,7A,7,Implosives only,Boyeldieu-1985,
7A-mya,http://wals.info/languoid/lect/wals_code_mya,7A,7,No glottalized consonants,Remijsen-2001;van-der-Leeden-1993,
7A-nkt,http://wals.info/languoid/lect/wals_code_nkt,7A,7,No glottalized consonants,Thongkum-1982;Thongkum-1984;Diffloth-1984,
7A-nyg,http://wals.info/languoid/lect/wals_code_nyg,7A,7,Implosives only,Heine-1975a,
7A-ogb,http://wals.info/languoid/lect/wals_code_ogb,7A,7,Implosives only,Williamson-1972;Williamson-1970,
7A-puk,http://wals.info/languoid/lect/wals_code_puk,7A,7,No glottalized consonants,Maddieson-and-Ladefoged-1985;Qiu-et-al-1980;Diffloth-1980,
7A-phl,http://wals.info/languoid/lect/wals_code_phl,7A,7,Implosives only,Cooke-et-al-1976,
7A-poa,http://wals.info/languoid/lect/wals_code_poa,7A,7,No glottalized consonants,,
7A-rsc,http://wals.info/languoid/lect/wals_code_rsc,7A,7,No glottalized consonants,Soler-and-Ebneter-1988,
7A-rtk,http://wals.info/languoid/lect/wals_code_rtk,7A,7,No glottalized consonants,Firchow-et-al-1973;Firchow-and-Firchow-1969,
7A-scs,http://wals.info/languoid/lect/wals_code_scs,7A,7,No glottalized consonants,Hasselbrink-1965;Kert-1971,
7A-svs,http://wals.info/languoid/lect/wals_code_svs,7A,7,No glottalized consonants,Todd-1975,
7A-sui,http://wals.info/languoid/lect/wals_code_sui,7A,7,Implosives and glottalized resonants,Li-1948,
7A-tmp,http://wals.info/languoid/lect/wals_code_tmp,7A,7,No glottalized consonants,Bergman-et-al-1969,
7A-tok,http://wals.info/languoid/lect/wals_code_tok,7A,7,Implosives only,Robinson-1976,
7A-tza,http://wals.info/languoid/lect/wals_code_tza,7A,7,Ejectives only,Kaufman-1971,
7A-umb,http://wals.info/languoid/lect/wals_code_umb,7A,7,No glottalized consonants,Schadeberg-1990;Schadeberg-1982,
7A-wnt,http://wals.info/languoid/lect/wals_code_wnt,7A,7,No glottalized consonants,Davis-1969,
7A-wps,http://wals.info/languoid/lect/wals_code_wps,7A,7,Implosives only,Tracy-1972,
7A-xia,http://wals.info/languoid/lect/wals_code_xia,7A,7,No glottalized consonants,Norman-1988;Hanyu-1960;Ramsey-1987,
7A-aik,http://wals.info/languoid/lect/wals_code_aik,7A,7,No glottalized consonants,Hanke-1956;Aikhenvald-and-Dixon-1999[362-363],
7A-akw,http://wals.info/languoid/lect/wals_code_akw,7A,7,No glottalized consonants,Edwards-1978,
7A-aea,http://wals.info/languoid/lect/wals_code_aea,7A,7,No glottalized consonants,Cho-et-al-1997;Jacobson-1944;Menovshchikov-1968;Rozelle-1997;Bergsland-1994;Bergsland-1956;Bergsland-1959,
7A-chu,http://wals.info/languoid/lect/wals_code_chu,7A,7,Ejectives only,Stell-1972,
7A-fef,http://wals.info/languoid/lect/wals_code_fef,7A,7,No glottalized consonants,Hyman-1972,
7A-kef,http://wals.info/languoid/lect/wals_code_kef,7A,7,Ejectives only,Fleming-1976,
7A-ktk,http://wals.info/languoid/lect/wals_code_ktk,7A,7,Ejectives and implosives,Bouny-1977,
7A-lu,http://wals.info/languoid/lect/wals_code_lu,7A,7,No glottalized consonants,Li-1964;Morev-1978,
7A-nap,http://wals.info/languoid/lect/wals_code_nap,7A,7,No glottalized consonants,Garbell-1965,
7A-orm,http://wals.info/languoid/lect/wals_code_orm,7A,7,No glottalized consonants,Efimov-1986,
7A-snd,http://wals.info/languoid/lect/wals_code_snd,7A,7,No glottalized consonants,Welmers-1950,
7A-wrs,http://wals.info/languoid/lect/wals_code_wrs,7A,7,No glottalized consonants,Brown-1988b,
7A-byu,http://wals.info/languoid/lect/wals_code_byu,7A,7,No glottalized consonants,Cunningham-1969,
7A-bno,http://wals.info/languoid/lect/wals_code_bno,7A,7,No glottalized consonants,Stolte-and-Stolte-1971,
7A-bis,http://wals.info/languoid/lect/wals_code_bis,7A,7,No glottalized consonants,Naden-1973,
7A-cac,http://wals.info/languoid/lect/wals_code_cac,7A,7,No glottalized consonants,Cathcart-1979;Anderton-1989,
7A-iwm,http://wals.info/languoid/lect/wals_code_iwm,7A,7,No glottalized consonants,Laycock-1965b,
7A-jeh,http://wals.info/languoid/lect/wals_code_jeh,7A,7,Implosives only,Gradin-1966;Gradin-and-Gradin-1979;Cohen-1966,
7A-kek,http://wals.info/languoid/lect/wals_code_kek,7A,7,Ejectives and implosives,Freeze-1975;Haeseriju-1966,
7A-kul,http://wals.info/languoid/lect/wals_code_kul,7A,7,Ejectives and implosives,Allan-1976a,
7A-max,http://wals.info/languoid/lect/wals_code_max,7A,7,No glottalized consonants,Gudschinsky-et-al-1970,
7A-mtp,http://wals.info/languoid/lect/wals_code_mtp,7A,7,No glottalized consonants,Crawford-1963;Schoenhals-and-Schoenhals-1965,
7A-toa,http://wals.info/languoid/lect/wals_code_toa,7A,7,No glottalized consonants,Brown-1973,
7A-yey,http://wals.info/languoid/lect/wals_code_yey,7A,7,Ejectives only,Gowlett-1997,
7A-agh,http://wals.info/languoid/lect/wals_code_agh,7A,7,No glottalized consonants,Hyman-1979,
7A-aht,http://wals.info/languoid/lect/wals_code_aht,7A,7,Ejectives only,Kari-1990,
7A-eya,http://wals.info/languoid/lect/wals_code_eya,7A,7,Ejectives only,Krauss-1965,
7A-kly,http://wals.info/languoid/lect/wals_code_kly,7A,7,No glottalized consonants,Kennedy-1981;Wurm-1972a,
7A-kot,http://wals.info/languoid/lect/wals_code_kot,7A,7,No glottalized consonants,Emeneau-1944,
7A-lus,http://wals.info/languoid/lect/wals_code_lus,7A,7,"Ejectives, implosives, and glottalized resonants",Bates-et-al-1994,
7A-nob,http://wals.info/languoid/lect/wals_code_nob,7A,7,No glottalized consonants,Bell-1971;Werner-1987;Bell-1968,
7A-pac,http://wals.info/languoid/lect/wals_code_pac,7A,7,Implosives only,Watson-1964,
7A-qco,http://wals.info/languoid/lect/wals_code_qco,7A,7,Ejectives only,Lastra-1968,
7A-ror,http://wals.info/languoid/lect/wals_code_ror,7A,7,No glottalized consonants,Bluhme-1970;Davis-1974,
7A-soq,http://wals.info/languoid/lect/wals_code_soq,7A,7,Ejectives and glottalized resonants,Johnstone-1975;Leslau-1938,
7A-ant,http://wals.info/languoid/lect/wals_code_ant,7A,7,No glottalized consonants,Huisman-1973;Huisman-and-Lloyd-1981;Huisman-et-al-1981,
7A-bng,http://wals.info/languoid/lect/wals_code_bng,7A,7,No glottalized consonants,Parker-and-Parker-1974,
7A-cck,http://wals.info/languoid/lect/wals_code_cck,7A,7,No glottalized consonants,Gordon-et-al-2000;Munro-et-al-2002,
7A-cof,http://wals.info/languoid/lect/wals_code_cof,7A,7,No glottalized consonants,Borman-1962,
7A-dah,http://wals.info/languoid/lect/wals_code_dah,7A,7,Ejectives and implosives,Maddieson-et-al-1993;Nurse-1986;Tucker-et-al-1977,
7A-eja,http://wals.info/languoid/lect/wals_code_eja,7A,7,No glottalized consonants,Watters-1981,
7A-ghb,http://wals.info/languoid/lect/wals_code_ghb,7A,7,No glottalized consonants,Kondo-and-Kondo-1967,
7A-kal,http://wals.info/languoid/lect/wals_code_kal,7A,7,No glottalized consonants,Baart-1997,
7A-kkn,http://wals.info/languoid/lect/wals_code_kkn,7A,7,No glottalized consonants,Madtha-1984;Gajendragadkar-1970;Major-1979,
7A-kur,http://wals.info/languoid/lect/wals_code_kur,7A,7,No glottalized consonants,Pfeiffer-1972;Pinnow-1964,
7A-sha,http://wals.info/languoid/lect/wals_code_sha,7A,7,No glottalized consonants,Chao-1951;Cheng-1973b;Chan-1980,
7A-tsg,http://wals.info/languoid/lect/wals_code_tsg,7A,7,No glottalized consonants,Ashley-1963,
7A-try,http://wals.info/languoid/lect/wals_code_try,7A,7,No glottalized consonants,Schlegel-1971;Post-1966,
7A-uzn,http://wals.info/languoid/lect/wals_code_uzn,7A,7,No glottalized consonants,Sjoberg-1962;Sjoberg-1963,
7A-adz,http://wals.info/languoid/lect/wals_code_adz,7A,7,No glottalized consonants,Holzknecht-1973,
7A-amz,http://wals.info/languoid/lect/wals_code_amz,7A,7,No glottalized consonants,Bauernschmidt-1965;Longacre-1966,
7A-cil,http://wals.info/languoid/lect/wals_code_cil,7A,7,No glottalized consonants,de-Schryver-1999,
7A-gmb,http://wals.info/languoid/lect/wals_code_gmb,7A,7,No glottalized consonants,Branks-and-Branks-1973;Caudmont-1954,
7A-maz,http://wals.info/languoid/lect/wals_code_maz,7A,7,"Ejectives, implosives, and glottalized resonants",Spotts-1953,
7A-nax,http://wals.info/languoid/lect/wals_code_nax,7A,7,No glottalized consonants,Jiang-1985;Jiang-1980;Bradley-1975,
7A-pnr,http://wals.info/languoid/lect/wals_code_pnr,7A,7,No glottalized consonants,Payne-1990b;Cauty-1974b;Cauty-1978;Cauty-1974a,
7A-sdh,http://wals.info/languoid/lect/wals_code_sdh,7A,7,Implosives only,Nihalani-1999,
7A-tpa,http://wals.info/languoid/lect/wals_code_tpa,7A,7,No glottalized consonants,Aschmann-1946,
7A-bet,http://wals.info/languoid/lect/wals_code_bet,7A,7,Implosives only,Werle-and-Gbalehi-1976,
7A-mov,http://wals.info/languoid/lect/wals_code_mov,7A,7,Implosives only,Judy-and-Judy-1962b;Aikhenvald-and-Dixon-1999,
7A-nim,http://wals.info/languoid/lect/wals_code_nim,7A,7,No glottalized consonants,Anceaux-1965,
7A-teh,http://wals.info/languoid/lect/wals_code_teh,7A,7,Ejectives only,Fernandez-Garay-1998,
7A-yan,http://wals.info/languoid/lect/wals_code_yan,7A,7,Ejectives only,Sapir-and-Swadesh-1960,
7A-yaw,http://wals.info/languoid/lect/wals_code_yaw,7A,7,No glottalized consonants,Jones-1986b,
7A-khr,http://wals.info/languoid/lect/wals_code_khr,7A,7,No glottalized consonants,Biligiri-1965;Pinnow-1959,
7A-mla,http://wals.info/languoid/lect/wals_code_mla,7A,7,No glottalized consonants,Connell-2000;Perrin-and-Hill-1969,
7A-mbb,http://wals.info/languoid/lect/wals_code_mbb,7A,7,No glottalized consonants,Dixon-1966a;Dixon-1966b,
7A-arb,http://wals.info/languoid/lect/wals_code_arb,7A,7,No glottalized consonants,Rich-1963,
7A-awn,http://wals.info/languoid/lect/wals_code_awn,7A,7,No glottalized consonants,Hetzron-1969;Hetzron-1976,
7A-chl,http://wals.info/languoid/lect/wals_code_chl,7A,7,Ejectives only,Kinkade-1963,
7A-kla,http://wals.info/languoid/lect/wals_code_kla,7A,7,No glottalized consonants,Singler-1979,
7A-kun,http://wals.info/languoid/lect/wals_code_kun,7A,7,No glottalized consonants,Baptista-and-Wallin-1974;Sherzer-1983,
7A-oca,http://wals.info/languoid/lect/wals_code_oca,7A,7,No glottalized consonants,Aschmann-1993;Agnew-and-Pike-1957,
7A-sba,http://wals.info/languoid/lect/wals_code_sba,7A,7,No glottalized consonants,Benaissa-1979,
7A-irx,http://wals.info/languoid/lect/wals_code_irx,7A,7,No glottalized consonants,Meader-1967,
7A-kad,http://wals.info/languoid/lect/wals_code_kad,7A,7,Implosives only,Abdalla-1973;Matsushita-1984,
7A-sor,http://wals.info/languoid/lect/wals_code_sor,7A,7,No glottalized consonants,Ramamurti-1986,
7A-ycn,http://wals.info/languoid/lect/wals_code_ycn,7A,7,No glottalized consonants,Schauer-and-Schauer-1967,
7A-shs,http://wals.info/languoid/lect/wals_code_shs,7A,7,Ejectives only,Silver-1966;Silver-1964,
7A-tso,http://wals.info/languoid/lect/wals_code_tso,7A,7,Implosives only,Tung-1964;Wright-and-Ladefoged-1994,
7A-yct,http://wals.info/languoid/lect/wals_code_yct,7A,7,Ejectives and implosives,Straight-1976,
7A-der,http://wals.info/languoid/lect/wals_code_der,7A,7,No glottalized consonants,Voorhoeve-1971,
7A-gan,http://wals.info/languoid/lect/wals_code_gan,7A,7,No glottalized consonants,Yadav-nd,
7A-sdw,http://wals.info/languoid/lect/wals_code_sdw,7A,7,Ejectives only,Tucker-et-al-1977;Kagaya-1993;Maddieson-et-al-1999;Dempwolff-1916;Elderkin-1982,
7A-tug,http://wals.info/languoid/lect/wals_code_tug,7A,7,No glottalized consonants,Prasse-1972;Louali-Reynal-et-al-1997,
7A-abm,http://wals.info/languoid/lect/wals_code_abm,7A,7,No glottalized consonants,Rand-1968,
7A-cam,http://wals.info/languoid/lect/wals_code_cam,7A,7,No glottalized consonants,Howard-1967;Howard-1972;Mongui-Sanchez-1981,
7A-hmr,http://wals.info/languoid/lect/wals_code_hmr,7A,7,Ejectives and implosives,Lydall-1976,
7A-seb,http://wals.info/languoid/lect/wals_code_seb,7A,7,No glottalized consonants,Montgomery-1970,
7A-yay,http://wals.info/languoid/lect/wals_code_yay,7A,7,No glottalized consonants,Gedney-1965,
7A-bra,http://wals.info/languoid/lect/wals_code_bra,7A,7,Implosives only,Keller-1976,
7A-hak,http://wals.info/languoid/lect/wals_code_hak,7A,7,No glottalized consonants,Hashimoto-1973,
7A-mui,http://wals.info/languoid/lect/wals_code_mui,7A,7,No glottalized consonants,Aschmann-1993;Walton-and-Walton-1967,
7A-nai,http://wals.info/languoid/lect/wals_code_nai,7A,7,No glottalized consonants,Avrorin-1968,
7A-tma,http://wals.info/languoid/lect/wals_code_tma,7A,7,Implosives only,Tucker-and-Bryan-1966,
7A-tmn,http://wals.info/languoid/lect/wals_code_tmn,7A,7,No glottalized consonants,Tucker-and-Bryan-1966,
7A-yny,http://wals.info/languoid/lect/wals_code_yny,7A,7,No glottalized consonants,Kirton-1967;Kirton-and-Charlie-1978;Huttar-and-Kirton-1981,
7A-efi,http://wals.info/languoid/lect/wals_code_efi,7A,7,No glottalized consonants,Cook-1969a,
7A-ga,http://wals.info/languoid/lect/wals_code_ga,7A,7,No glottalized consonants,Berry-nd;Kropp-1987,
7A-ign,http://wals.info/languoid/lect/wals_code_ign,7A,7,No glottalized consonants,Ott-and-Ott-1967a,
7A-mog,http://wals.info/languoid/lect/wals_code_mog,7A,7,No glottalized consonants,Weiers-1971,
7A-mor,http://wals.info/languoid/lect/wals_code_mor,7A,7,No glottalized consonants,Laycock-1978,
7A-woi,http://wals.info/languoid/lect/wals_code_woi,7A,7,No glottalized consonants,Stokhof-1979,
7A-adk,http://wals.info/languoid/lect/wals_code_adk,7A,7,No glottalized consonants,Landaburu-1979,
7A-ful,http://wals.info/languoid/lect/wals_code_ful,7A,7,No glottalized consonants,Lapenda-1968,
7A-ito,http://wals.info/languoid/lect/wals_code_ito,7A,7,Ejectives only,Liccardi-and-Grimes-1968,
7A-jav,http://wals.info/languoid/lect/wals_code_jav,7A,7,No glottalized consonants,Fagan-1988;Herrfurth-1964;Horne-1961;Uhlenbeck-1963,
7A-koi,http://wals.info/languoid/lect/wals_code_koi,7A,7,No glottalized consonants,Dutton-1969;Dutton-1996,
7A-mzc,http://wals.info/languoid/lect/wals_code_mzc,7A,7,No glottalized consonants,Jamieson-1976a;Jamieson-1976b,
7A-mba,http://wals.info/languoid/lect/wals_code_mba,7A,7,Implosives only,Pasch-1986,
7A-nnc,http://wals.info/languoid/lect/wals_code_nnc,7A,7,No glottalized consonants,Radhakrishnan-1981;Das-1977,
7A-amo,http://wals.info/languoid/lect/wals_code_amo,7A,7,No glottalized consonants,Di-Luzio-1972;Anderson-1980,
7A-amu,http://wals.info/languoid/lect/wals_code_amu,7A,7,No glottalized consonants,Wise-1958;Fast-1953,
7A-bua,http://wals.info/languoid/lect/wals_code_bua,7A,7,No glottalized consonants,Glasgow-and-Glasgow-1967,
7A-chw,http://wals.info/languoid/lect/wals_code_chw,7A,7,Implosives only,Blood-1967;Edmondson-and-Gregerson-1993,
7A-fas,http://wals.info/languoid/lect/wals_code_fas,7A,7,No glottalized consonants,Loeweke-and-May-1964,
7A-nyi,http://wals.info/languoid/lect/wals_code_nyi,7A,7,No glottalized consonants,Tucker-and-Bryan-1966;Stevenson-1957,
7A-sin,http://wals.info/languoid/lect/wals_code_sin,7A,7,Ejectives only,Wheeler-and-Wheeler-1962,
7A-tul,http://wals.info/languoid/lect/wals_code_tul,7A,7,No glottalized consonants,Bhat-1967,
7A-baj,http://wals.info/languoid/lect/wals_code_baj,7A,7,No glottalized consonants,Verheijen-1986,
7A-gds,http://wals.info/languoid/lect/wals_code_gds,7A,7,No glottalized consonants,Frantz-and-Frantz-1966,
7A-igs,http://wals.info/languoid/lect/wals_code_igs,7A,7,No glottalized consonants,Tucker-and-Bryan-1966;Crewe-1975,
7A-kpe,http://wals.info/languoid/lect/wals_code_kpe,7A,7,Implosives only,Hyman-1973;Welmers-1973;Welmers-1962,
7A-mbm,http://wals.info/languoid/lect/wals_code_mbm,7A,7,Implosives only,Hagege-1970,
7A-tic,http://wals.info/languoid/lect/wals_code_tic,7A,7,No glottalized consonants,Anderson-1959;Anderson-1962,
7A-wry,http://wals.info/languoid/lect/wals_code_wry,7A,7,No glottalized consonants,Harvey-1986,
7A-wmu,http://wals.info/languoid/lect/wals_code_wmu,7A,7,No glottalized consonants,Sayers-and-Godfrey-1964;McConnel-1945,
7A-paw,http://wals.info/languoid/lect/wals_code_paw,7A,7,No glottalized consonants,MacDonald-1973;Trefry-1972,
7A-pec,http://wals.info/languoid/lect/wals_code_pec,7A,7,No glottalized consonants,Holt-1986;Holt-1999b,
7A-twn,http://wals.info/languoid/lect/wals_code_twn,7A,7,Ejectives only,Trager-1971;Hoijer-and-Dozier-1949,
7A-kom,http://wals.info/languoid/lect/wals_code_kom,7A,7,Ejectives and implosives,Tucker-and-Bryan-1966,
7A-kmp,http://wals.info/languoid/lect/wals_code_kmp,7A,7,No glottalized consonants,Pence-1966,
7A-llm,http://wals.info/languoid/lect/wals_code_llm,7A,7,No glottalized consonants,Hoftmann-1971,
7A-nis,http://wals.info/languoid/lect/wals_code_nis,7A,7,No glottalized consonants,Namkung-1996;Ray-1967,
7A-rut,http://wals.info/languoid/lect/wals_code_rut,7A,7,Ejectives only,Kodzasov-1990b;Dzhejranishvili-1967;Ibragimov-1978,
7A-yar,http://wals.info/languoid/lect/wals_code_yar,7A,7,No glottalized consonants,Weimer-and-Weimer-1972,
7A-yes,http://wals.info/languoid/lect/wals_code_yes,7A,7,No glottalized consonants,Foreman-and-Marten-1973,
7A-yus,http://wals.info/languoid/lect/wals_code_yus,7A,7,No glottalized consonants,Krauss-1975,
7A-cti,http://wals.info/languoid/lect/wals_code_cti,7A,7,Glottalized resonants only,Henderson-1965,
7A-xoo,http://wals.info/languoid/lect/wals_code_xoo,7A,7,Ejectives and glottalized resonants,Traill-1985;Traill-1994,
7A-yul,http://wals.info/languoid/lect/wals_code_yul,7A,7,Implosives only,Boyeldieu-1987,
7A-kng,http://wals.info/languoid/lect/wals_code_kng,7A,7,No glottalized consonants,Henry-1935;Wiesemann-1972;Kindell-1972,
7A-ndt,http://wals.info/languoid/lect/wals_code_ndt,7A,7,Implosives only,Gueye-1986,
7A-nga,http://wals.info/languoid/lect/wals_code_nga,7A,7,No glottalized consonants,Castren-1966;Tereshchenko-1966c;Tereshchenko-1979,
7A-ytu,http://wals.info/languoid/lect/wals_code_ytu,7A,7,No glottalized consonants,Krejnovich-1968c;Krejnovich-1958,
7A-amc,http://wals.info/languoid/lect/wals_code_amc,7A,7,No glottalized consonants,Osborn-1948,
7A-bai,http://wals.info/languoid/lect/wals_code_bai,7A,7,No glottalized consonants,Dell-1981,
7A-cay,http://wals.info/languoid/lect/wals_code_cay,7A,7,No glottalized consonants,Lindskoog-and-Brend-1962,
7A-chp,http://wals.info/languoid/lect/wals_code_chp,7A,7,Ejectives only,Li-1932;Li-1933;Li-1946,
7A-kry,http://wals.info/languoid/lect/wals_code_kry,7A,7,No glottalized consonants,Zhukova-1980,
7A-acm,http://wals.info/languoid/lect/wals_code_acm,7A,7,No glottalized consonants,Olmsted-1964;Olmsted-1966,
7A-anc,http://wals.info/languoid/lect/wals_code_anc,7A,7,Implosives only,Burquest-1971,
7A-api,http://wals.info/languoid/lect/wals_code_api,7A,7,No glottalized consonants,Burgess-and-Ham-1968,
7A-bod,http://wals.info/languoid/lect/wals_code_bod,7A,7,No glottalized consonants,Bhat-1968,
7A-chq,http://wals.info/languoid/lect/wals_code_chq,7A,7,Glottalized resonants only,Robbins-1961;Robbins-1968,
7A-dan,http://wals.info/languoid/lect/wals_code_dan,7A,7,Implosives only,Bearth-and-Zemp-1967,
7A-diz,http://wals.info/languoid/lect/wals_code_diz,7A,7,Ejectives only,Allan-1976b,
7A-irr,http://wals.info/languoid/lect/wals_code_irr,7A,7,No glottalized consonants,Voorhoeve-1989,
7A-koy,http://wals.info/languoid/lect/wals_code_koy,7A,7,No glottalized consonants,Tyler-1969,
7A-mie,http://wals.info/languoid/lect/wals_code_mie,7A,7,No glottalized consonants,Mao-et-al-1982;Purnell-1965,
7A-slp,http://wals.info/languoid/lect/wals_code_slp,7A,7,No glottalized consonants,McElhanon-1970c;McElhanon-1970b,
7A-shi,http://wals.info/languoid/lect/wals_code_shi,7A,7,No glottalized consonants,Migliazza-and-Grimes-1961,
7A-tol,http://wals.info/languoid/lect/wals_code_tol,7A,7,Ejectives only,Holt-1999a;Fleming-and-Dennis-1977,
7A-ani,http://wals.info/languoid/lect/wals_code_ani,7A,7,Ejectives only,Vossen-1986;Vossen-1997,
7A-ccp,http://wals.info/languoid/lect/wals_code_ccp,7A,7,No glottalized consonants,Crawford-1966[13],
7A-hum,http://wals.info/languoid/lect/wals_code_hum,7A,7,No glottalized consonants,Aschmann-1993;Petersen-de-Pineros-1994;Burtch-1983;Minor-et-al-1982,
7A-jiv,http://wals.info/languoid/lect/wals_code_jiv,7A,7,No glottalized consonants,Beasley-and-Pike-1957,
7A-kzy,http://wals.info/languoid/lect/wals_code_kzy,7A,7,No glottalized consonants,Lytkin-1966b;Bubrix-1949,
7A-nhn,http://wals.info/languoid/lect/wals_code_nhn,7A,7,No glottalized consonants,Brockway-1963,
7A-sre,http://wals.info/languoid/lect/wals_code_sre,7A,7,Implosives only,Manley-1972,
7A-gwa,http://wals.info/languoid/lect/wals_code_gwa,7A,7,Implosives only,Hyman-and-Magaji-1970,
7A-kws,http://wals.info/languoid/lect/wals_code_kws,7A,7,No glottalized consonants,Zigmond-et-al-1990-1991,
7A-kgz,http://wals.info/languoid/lect/wals_code_kgz,7A,7,No glottalized consonants,Herbert-and-Poppe-1963;Junusaliev-1966,
7A-kiw,http://wals.info/languoid/lect/wals_code_kiw,7A,7,No glottalized consonants,Wurm-1977,
7A-kwo,http://wals.info/languoid/lect/wals_code_kwo,7A,7,No glottalized consonants,Kooyers-et-al-1971,
7A-mnc,http://wals.info/languoid/lect/wals_code_mnc,7A,7,No glottalized consonants,Austin-1962,
7A-non,http://wals.info/languoid/lect/wals_code_non,7A,7,No glottalized consonants,Hyman-1981b,
7A-bco,http://wals.info/languoid/lect/wals_code_bco,7A,7,Ejectives only,Nater-1984;Newman-1947,
7A-ber,http://wals.info/languoid/lect/wals_code_ber,7A,7,Ejectives only,Triulzi-et-al-1976a,
7A-cso,http://wals.info/languoid/lect/wals_code_cso,7A,7,No glottalized consonants,Pride-1965,
7A-ewo,http://wals.info/languoid/lect/wals_code_ewo,7A,7,No glottalized consonants,Abega-1970;Nnomo-and-Mbezele-1982;Redden-1979,
7A-ksg,http://wals.info/languoid/lect/wals_code_ksg,7A,7,Implosives only,Jones-1961,
7A-kwk,http://wals.info/languoid/lect/wals_code_kwk,7A,7,Ejectives and glottalized resonants,Grubb-1977;Newman-1950;Boas-1911a;Boas-1947,
7A-ruk,http://wals.info/languoid/lect/wals_code_ruk,7A,7,No glottalized consonants,Li-1977b;Li-1973,
7A-wah,http://wals.info/languoid/lect/wals_code_wah,7A,7,No glottalized consonants,Phillips-1976;Ladefoged-et-al-1977,
7A-ata,http://wals.info/languoid/lect/wals_code_ata,7A,7,No glottalized consonants,Egerod-1966b,
7A-aze,http://wals.info/languoid/lect/wals_code_aze,7A,7,No glottalized consonants,Householder-and-Lofti-1965,
7A-ben,http://wals.info/languoid/lect/wals_code_ben,7A,7,No glottalized consonants,Ferguson-and-Chowdhury-1960;Klaiman-1990,
7A-iba,http://wals.info/languoid/lect/wals_code_iba,7A,7,No glottalized consonants,Omar-1981;Scott-1957,
7A-jeb,http://wals.info/languoid/lect/wals_code_jeb,7A,7,Ejectives and glottalized resonants,Bendor-Samuel-1961b,
7A-jng,http://wals.info/languoid/lect/wals_code_jng,7A,7,No glottalized consonants,Liu-1964,
7A-mme,http://wals.info/languoid/lect/wals_code_mme,7A,7,No glottalized consonants,Kovedjaeva-1966;Ristinen-1960,
7A-mpa,http://wals.info/languoid/lect/wals_code_mpa,7A,7,No glottalized consonants,Street-and-Mollinjin-1981,
7A-new,http://wals.info/languoid/lect/wals_code_new,7A,7,No glottalized consonants,Hale-and-Hale-1969;Manandhar-1986,
7A-kkv,http://wals.info/languoid/lect/wals_code_kkv,7A,7,No glottalized consonants,Counts-1969,
7A-kya,http://wals.info/languoid/lect/wals_code_kya,7A,7,No glottalized consonants,Oates-1964b;Wurm-1972a;Oates-and-Oates-1964,
7A-skp,http://wals.info/languoid/lect/wals_code_skp,7A,7,No glottalized consonants,Katz-1975b;Prokofjeva-1966,
7A-ttu,http://wals.info/languoid/lect/wals_code_ttu,7A,7,Ejectives only,Desheriev-1953,
7A-alw,http://wals.info/languoid/lect/wals_code_alw,7A,7,No glottalized consonants,Sharpe-1972,
7A-ao,http://wals.info/languoid/lect/wals_code_ao,7A,7,No glottalized consonants,Gowda-1972;Gowda-1975,
7A-fye,http://wals.info/languoid/lect/wals_code_fye,7A,7,Implosives only,Nettle-1998,
7A-grr,http://wals.info/languoid/lect/wals_code_grr,7A,7,No glottalized consonants,Furby-1974,
7A-kgu,http://wals.info/languoid/lect/wals_code_kgu,7A,7,No glottalized consonants,Blake-1979b,
7A-mro,http://wals.info/languoid/lect/wals_code_mro,7A,7,No glottalized consonants,Schadeberg-1981b;Black-and-Black-1971,
7A-nar,http://wals.info/languoid/lect/wals_code_nar,7A,7,No glottalized consonants,Bender-1968;Thompson-1976a,
7A-tam,http://wals.info/languoid/lect/wals_code_tam,7A,7,No glottalized consonants,Mazaudon-1973,
7A-tib,http://wals.info/languoid/lect/wals_code_tib,7A,7,No glottalized consonants,Denwood-1999,
7A-tlp,http://wals.info/languoid/lect/wals_code_tlp,7A,7,No glottalized consonants,Suarez-1983a,
7A-zan,http://wals.info/languoid/lect/wals_code_zan,7A,7,No glottalized consonants,Tucker-and-Hackett-1959,
7A-dgb,http://wals.info/languoid/lect/wals_code_dgb,7A,7,No glottalized consonants,Olawsky-1999;Wilson-and-Bendor-Samuel-1969,
7A-dum,http://wals.info/languoid/lect/wals_code_dum,7A,7,No glottalized consonants,Ross-1980,
7A-nuu,http://wals.info/languoid/lect/wals_code_nuu,7A,7,Ejectives and glottalized resonants,Stonham-1999;Carlson-et-al-2001,
7A-snh,http://wals.info/languoid/lect/wals_code_snh,7A,7,No glottalized consonants,Coates-and-da-Silva-1960,
7A-tas,http://wals.info/languoid/lect/wals_code_tas,7A,7,No glottalized consonants,Applegate-1958,
7A-yel,http://wals.info/languoid/lect/wals_code_yel,7A,7,No glottalized consonants,,
7A-bto,http://wals.info/languoid/lect/wals_code_bto,7A,7,No glottalized consonants,van-der-Tuuk-1971,
7A-bir,http://wals.info/languoid/lect/wals_code_bir,7A,7,No glottalized consonants,Bouquiaux-1970;Wolff-1959,
7A-din,http://wals.info/languoid/lect/wals_code_din,7A,7,No glottalized consonants,Andersen-1987;Malou-1988,
7A-evn,http://wals.info/languoid/lect/wals_code_evn,7A,7,No glottalized consonants,Novikova-1960;Novikova-1966,
7A-goa,http://wals.info/languoid/lect/wals_code_goa,7A,7,No glottalized consonants,Holmer-1949d;Mansen-1967,
7A-mgg,http://wals.info/languoid/lect/wals_code_mgg,7A,7,No glottalized consonants,Todaeva-1973,
7A-oji,http://wals.info/languoid/lect/wals_code_oji,7A,7,No glottalized consonants,Bloomfield-1957,
7A-res,http://wals.info/languoid/lect/wals_code_res,7A,7,No glottalized consonants,Allin-1976,
7A-snc,http://wals.info/languoid/lect/wals_code_snc,7A,7,No glottalized consonants,Chafe-1967,
7A-srn,http://wals.info/languoid/lect/wals_code_srn,7A,7,No glottalized consonants,Firestone-1965,
7A-che,http://wals.info/languoid/lect/wals_code_che,7A,7,No glottalized consonants,Bender-and-Harris-1946;Cook-1979;Walker-1975b,
7A-hup,http://wals.info/languoid/lect/wals_code_hup,7A,7,Ejectives only,Golla-1970;Gordon-1996;Woodward-1964,
7A-ite,http://wals.info/languoid/lect/wals_code_ite,7A,7,Ejectives only,Volodin-1976,
7A-kab,http://wals.info/languoid/lect/wals_code_kab,7A,7,Ejectives only,Kuipers-1960,
7A-knk,http://wals.info/languoid/lect/wals_code_knk,7A,7,Implosives only,Newman-1974,
7A-kwa,http://wals.info/languoid/lect/wals_code_kwa,7A,7,No glottalized consonants,Keesing-1985,
7A-shu,http://wals.info/languoid/lect/wals_code_shu,7A,7,Ejectives and glottalized resonants,Kuipers-1974,
7A-tne,http://wals.info/languoid/lect/wals_code_tne,7A,7,No glottalized consonants,Wilson-1961a;Dalby-1966,
7A-ctl,http://wals.info/languoid/lect/wals_code_ctl,7A,7,No glottalized consonants,Carbonell-and-Llisteri-1999,
7A-lui,http://wals.info/languoid/lect/wals_code_lui,7A,7,No glottalized consonants,Bright-1965a;Bright-1968;Hyde-1971;Kroeber-and-Grace-1960;Malecot-1963b,
7A-nmb,http://wals.info/languoid/lect/wals_code_nmb,7A,7,"Ejectives, implosives, and glottalized resonants",Kroeker-1972;Price-1976,
7A-nas,http://wals.info/languoid/lect/wals_code_nas,7A,7,No glottalized consonants,Hurd-and-Hurd-1966,
7A-hop,http://wals.info/languoid/lect/wals_code_hop,7A,7,No glottalized consonants,Kluckhohn-and-MacLeish-1955;Voegelin-1956;Whorf-1946a,
7A-mum,http://wals.info/languoid/lect/wals_code_mum,7A,7,Implosives only,Shimizu-1983,
7A-tac,http://wals.info/languoid/lect/wals_code_tac,7A,7,No glottalized consonants,Van-Wynen-and-Van-Wynen-1962;Key-1968,
7A-ter,http://wals.info/languoid/lect/wals_code_ter,7A,7,Implosives only,Newman-1970,
7A-wma,http://wals.info/languoid/lect/wals_code_wma,7A,7,No glottalized consonants,Watuseke-1976;Voorhoeve-1982,
7A-wiy,http://wals.info/languoid/lect/wals_code_wiy,7A,7,No glottalized consonants,Teeter-1964,
7A-brr,http://wals.info/languoid/lect/wals_code_brr,7A,7,No glottalized consonants,Crowell-1979,
7A-djp,http://wals.info/languoid/lect/wals_code_djp,7A,7,No glottalized consonants,Morphy-1983;Rose-et-al-1982,
7A-doy,http://wals.info/languoid/lect/wals_code_doy,7A,7,Implosives only,Wiering-1974,
7A-krd,http://wals.info/languoid/lect/wals_code_krd,7A,7,No glottalized consonants,Abdulla-and-McCarus-1967;McCarus-1958,
7A-len,http://wals.info/languoid/lect/wals_code_len,7A,7,No glottalized consonants,Lynch-1978,
7A-qaw,http://wals.info/languoid/lect/wals_code_qaw,7A,7,Ejectives only,Clairis-1985;Clairis-1977,
7A-ttn,http://wals.info/languoid/lect/wals_code_ttn,7A,7,No glottalized consonants,Morris-1984,
7A-ygr,http://wals.info/languoid/lect/wals_code_ygr,7A,7,Implosives only,Haiman-1980;Renck-1975;Renck-1967,
7A-cub,http://wals.info/languoid/lect/wals_code_cub,7A,7,No glottalized consonants,Morse-and-Maxwell-1999b;Salser-1971,
7A-dgr,http://wals.info/languoid/lect/wals_code_dgr,7A,7,No glottalized consonants,Bao-1982,
7A-htc,http://wals.info/languoid/lect/wals_code_htc,7A,7,Ejectives only,Larsen-and-Pike-1949;McQuown-1984;Peralta-1984,
7A-ik,http://wals.info/languoid/lect/wals_code_ik,7A,7,Ejectives and implosives,Heine-1975b;Tucker-1971,
7A-nun,http://wals.info/languoid/lect/wals_code_nun,7A,7,Implosives only,Li-1977a,
7A-pae,http://wals.info/languoid/lect/wals_code_pae,7A,7,No glottalized consonants,Jung-1989;Gerdel-1973;Gerdel-1985,
7A-sed,http://wals.info/languoid/lect/wals_code_sed,7A,7,Implosives and glottalized resonants,Smith-1968;Smith-1979,
7A-bsk,http://wals.info/languoid/lect/wals_code_bsk,7A,7,No glottalized consonants,Poppe-1964,
7A-mlk,http://wals.info/languoid/lect/wals_code_mlk,7A,7,No glottalized consonants,Birk-1975;Tryon-1974,
7A-arc,http://wals.info/languoid/lect/wals_code_arc,7A,7,Ejectives only,Kodzasov-1977,
7A-ava,http://wals.info/languoid/lect/wals_code_ava,7A,7,Ejectives only,Charachidze-1981;Zhirkov-1936,
7A-gbb,http://wals.info/languoid/lect/wals_code_gbb,7A,7,Implosives only,Monino-and-Roulon-1972;Samarin-1966,
7A-ngz,http://wals.info/languoid/lect/wals_code_ngz,7A,7,Implosives only,Schuh-1981,
7A-poh,http://wals.info/languoid/lect/wals_code_poh,7A,7,No glottalized consonants,Rehg-1981;Rehg-1984a;Rehg-1984b,
7A-hve,http://wals.info/languoid/lect/wals_code_hve,7A,7,No glottalized consonants,Stairs-Kreger-and-Scharfe-de-Stairs-1981;Suarez-1975,
7A-kty,http://wals.info/languoid/lect/wals_code_kty,7A,7,No glottalized consonants,Gulya-1966;Nikolaeva-1999,
7A-tel,http://wals.info/languoid/lect/wals_code_tel,7A,7,No glottalized consonants,Kostic-et-al-1977;Krishnamurti-1961;Sastry-1972;Lisker-1963;Kelley-1963,
7A-ykt,http://wals.info/languoid/lect/wals_code_ykt,7A,7,No glottalized consonants,Krueger-1962;Bohtlingk-1964;Ubrjatova-1966,
7A-klm,http://wals.info/languoid/lect/wals_code_klm,7A,7,Ejectives and glottalized resonants,Barker-1963a;Barker-1964,
7A-nep,http://wals.info/languoid/lect/wals_code_nep,7A,7,No glottalized consonants,Bandhu-et-al-1971,
7A-tgr,http://wals.info/languoid/lect/wals_code_tgr,7A,7,Ejectives only,Palmer-1962;Klingenheben-1966,
7A-tuv,http://wals.info/languoid/lect/wals_code_tuv,7A,7,No glottalized consonants,Anderson-and-Harrison-1999;Seglenmej-1979;Song-1982;Sat-1966,
7A-nor,http://wals.info/languoid/lect/wals_code_nor,7A,7,No glottalized consonants,Vanvik-1972,
7A-qui,http://wals.info/languoid/lect/wals_code_qui,7A,7,Ejectives only,Powell-1975;Hoard-1993,
7A-bre,http://wals.info/languoid/lect/wals_code_bre,7A,7,No glottalized consonants,Bothorel-1982;Ternes-1970,
7A-ijo,http://wals.info/languoid/lect/wals_code_ijo,7A,7,No glottalized consonants,Williamson-1965,
7A-luo,http://wals.info/languoid/lect/wals_code_luo,7A,7,No glottalized consonants,Gregersen-1961,
7A-psh,http://wals.info/languoid/lect/wals_code_psh,7A,7,No glottalized consonants,Grjunberg-1987;Penzl-1955;Shafeev-1964,
7A-sel,http://wals.info/languoid/lect/wals_code_sel,7A,7,Ejectives only,Najlis-1973,
7A-wao,http://wals.info/languoid/lect/wals_code_wao,7A,7,No glottalized consonants,Saint-and-Pike-1962,
7A-wap,http://wals.info/languoid/lect/wals_code_wap,7A,7,Ejectives and glottalized resonants,Sawyer-1965,
7A-win,http://wals.info/languoid/lect/wals_code_win,7A,7,Ejectives only,Schlichter-1981;Pitkin-1984,
7A-akn,http://wals.info/languoid/lect/wals_code_akn,7A,7,No glottalized consonants,Ladefoged-1964;Dolphyne-1988;Schachter-and-Fromkin-1968;Stewart-1967;Welmers-1946,
7A-bri,http://wals.info/languoid/lect/wals_code_bri,7A,7,No glottalized consonants,Arroyo-1972,
7A-cax,http://wals.info/languoid/lect/wals_code_cax,7A,7,No glottalized consonants,Dirks-1953;Payne-1981,
7A-lug,http://wals.info/languoid/lect/wals_code_lug,7A,7,Implosives and glottalized resonants,Tucker-and-Bryan-1966;Crazzolara-1960;Anderson-1986,
7A-maa,http://wals.info/languoid/lect/wals_code_maa,7A,7,Implosives only,Tucker-and-Bryan-1966;Tucker-and-Mpaayei-1955,
7A-yap,http://wals.info/languoid/lect/wals_code_yap,7A,7,Ejectives and glottalized resonants,Hsu-1969;Jensen-et-al-1977a,
7A-iaa,http://wals.info/languoid/lect/wals_code_iaa,7A,7,No glottalized consonants,Haudricourt-1971;Maddieson-and-Anderson-1995;Ozanne-Rivierre-1976,
7A-jaq,http://wals.info/languoid/lect/wals_code_jaq,7A,7,Ejectives only,Hardman-2000,
7A-tgk,http://wals.info/languoid/lect/wals_code_tgk,7A,7,No glottalized consonants,Beaumont-1979,
7A-ton,http://wals.info/languoid/lect/wals_code_ton,7A,7,No glottalized consonants,Hoijer-1949;Hoijer-1946b;Hoijer-1972,
7A-amp,http://wals.info/languoid/lect/wals_code_amp,7A,7,No glottalized consonants,Henderson-1994,
7A-die,http://wals.info/languoid/lect/wals_code_die,7A,7,No glottalized consonants,Langdon-1970,
7A-diy,http://wals.info/languoid/lect/wals_code_diy,7A,7,No glottalized consonants,Austin-1981,
7A-lak,http://wals.info/languoid/lect/wals_code_lak,7A,7,Ejectives only,Zhirkov-1955;Khajdakov-1966b;Murkelinskij-1967,
7A-mne,http://wals.info/languoid/lect/wals_code_mne,7A,7,Ejectives and implosives,Shipley-1956;Shipley-1964,
7A-eka,http://wals.info/languoid/lect/wals_code_eka,7A,7,No glottalized consonants,Doble-1987;Steltenpool-1969,
7A-ham,http://wals.info/languoid/lect/wals_code_ham,7A,7,No glottalized consonants,Oates-and-Oates-1968;Healey-1981,
7A-mrg,http://wals.info/languoid/lect/wals_code_mrg,7A,7,Implosives only,Hoffmann-1963;Maddieson-1987,
7A-nan,http://wals.info/languoid/lect/wals_code_nan,7A,7,No glottalized consonants,Creider-and-Creider-1989,
7A-mrd,http://wals.info/languoid/lect/wals_code_mrd,7A,7,No glottalized consonants,Drabbe-1955,
7A-abi,http://wals.info/languoid/lect/wals_code_abi,7A,7,No glottalized consonants,Najlis-1966,
7A-mab,http://wals.info/languoid/lect/wals_code_mab,7A,7,No glottalized consonants,Tucker-and-Bryan-1966,
7A-wlf,http://wals.info/languoid/lect/wals_code_wlf,7A,7,No glottalized consonants,Ka-1994;Sauvageot-1965;Ward-1963;Manessy-and-Sauvageot-1963,
7A-chv,http://wals.info/languoid/lect/wals_code_chv,7A,7,No glottalized consonants,Andreev-1966;Krueger-1961,
7A-kas,http://wals.info/languoid/lect/wals_code_kas,7A,7,No glottalized consonants,Bhat-1987;Kelkar-and-Trisal-1964;Zakharin-1974;Zakharin-and-Edelman-1971,
7A-pur,http://wals.info/languoid/lect/wals_code_pur,7A,7,No glottalized consonants,Chamereau-2000;Foster-1969;de-Paul-1989,
7A-una,http://wals.info/languoid/lect/wals_code_una,7A,7,No glottalized consonants,Louwerse-1988,
7A-dyi,http://wals.info/languoid/lect/wals_code_dyi,7A,7,No glottalized consonants,Dixon-1972,
7A-haw,http://wals.info/languoid/lect/wals_code_haw,7A,7,No glottalized consonants,Elbert-and-Pukui-1979;Pukui-and-Elbert-1965;Schutz-1981,
7A-kch,http://wals.info/languoid/lect/wals_code_kch,7A,7,No glottalized consonants,Heath-1999b,
7A-lit,http://wals.info/languoid/lect/wals_code_lit,7A,7,No glottalized consonants,Ambrazas-et-al-1966;Senn-1966;Augustitis-1964,
7A-ood,http://wals.info/languoid/lect/wals_code_ood,7A,7,No glottalized consonants,Saxton-1963;Saxton-and-Saxton-1969;Hale-1959,
7A-rom,http://wals.info/languoid/lect/wals_code_rom,7A,7,No glottalized consonants,Agard-1958;Tataru-1978;Ruhlen-1973,
7A-bul,http://wals.info/languoid/lect/wals_code_bul,7A,7,No glottalized consonants,Aronson-1968;Bidwell-1968;Scatton-1984;Klagstad-1958;Ternes-and-Vladimirova-Buhtz-1999,
7A-lah,http://wals.info/languoid/lect/wals_code_lah,7A,7,No glottalized consonants,Matisoff-1973;Matisoff-1988,
7A-yuc,http://wals.info/languoid/lect/wals_code_yuc,7A,7,Ejectives and glottalized resonants,Crawford-1973;Ballard-1975,
7A-pso,http://wals.info/languoid/lect/wals_code_pso,7A,7,Ejectives only,Moshinsky-1974,
7A-zun,http://wals.info/languoid/lect/wals_code_zun,7A,7,Ejectives only,Walker-1972;Newman-1965,
7A-snt,http://wals.info/languoid/lect/wals_code_snt,7A,7,No glottalized consonants,Cowan-1965,
7A-krb,http://wals.info/languoid/lect/wals_code_krb,7A,7,No glottalized consonants,Groves-et-al-1985,
7A-som,http://wals.info/languoid/lect/wals_code_som,7A,7,No glottalized consonants,Cardona-1981;Armstrong-1964;Andrzejewsky-1956;Andrzejewsky-1955;Farnetani-1981;Hyman-1981a,
7A-cnt,http://wals.info/languoid/lect/wals_code_cnt,7A,7,No glottalized consonants,Zee-1999,
7A-fur,http://wals.info/languoid/lect/wals_code_fur,7A,7,No glottalized consonants,Tucker-and-Bryan-1966;Jakobi-1990;Beaton-1968,
7A-pol,http://wals.info/languoid/lect/wals_code_pol,7A,7,No glottalized consonants,,
7A-ker,http://wals.info/languoid/lect/wals_code_ker,7A,7,Implosives only,Ebert-1976;Ebert-1979,
7A-lad,http://wals.info/languoid/lect/wals_code_lad,7A,7,No glottalized consonants,Koshal-1979,
7A-lep,http://wals.info/languoid/lect/wals_code_lep,7A,7,No glottalized consonants,Mainwaring-1898;Ju-1996;Mainwaring-1876,
7A-tli,http://wals.info/languoid/lect/wals_code_tli,7A,7,Ejectives only,Maddieson-et-al-2001,
7A-wam,http://wals.info/languoid/lect/wals_code_wam,7A,7,No glottalized consonants,Nordlinger-1998,
7A-alb,http://wals.info/languoid/lect/wals_code_alb,7A,7,No glottalized consonants,Newmark-1957,
7A-bam,http://wals.info/languoid/lect/wals_code_bam,7A,7,No glottalized consonants,Bird-et-al-1977,
7A-kyl,http://wals.info/languoid/lect/wals_code_kyl,7A,7,No glottalized consonants,Solnit-1997,
7A-nti,http://wals.info/languoid/lect/wals_code_nti,7A,7,Implosives only,Kutsch-Lojenga-1994,
7A-car,http://wals.info/languoid/lect/wals_code_car,7A,7,No glottalized consonants,Peasgood-1972;Hoff-1968,
7A-mak,http://wals.info/languoid/lect/wals_code_mak,7A,7,Ejectives only,Jacobsen-1999,
7A-tsi,http://wals.info/languoid/lect/wals_code_tsi,7A,7,Ejectives and glottalized resonants,Mulder-1988;Dunn-1970;Dunn-1979;Dunn-1995;Hoard-1978,
7A-tun,http://wals.info/languoid/lect/wals_code_tun,7A,7,No glottalized consonants,Haas-1940,
7A-sue,http://wals.info/languoid/lect/wals_code_sue,7A,7,No glottalized consonants,Wilson-1969;Wilson-1974,
7A-mku,http://wals.info/languoid/lect/wals_code_mku,7A,7,No glottalized consonants,Tryon-1970b,
7A-mrl,http://wals.info/languoid/lect/wals_code_mrl,7A,7,Implosives only,Arensen-1982;Yigezu-2001,
7A-psm,http://wals.info/languoid/lect/wals_code_psm,7A,7,No glottalized consonants,Sherwood-1986;LeSourd-1993;Leavitt-1996,
7A-pit,http://wals.info/languoid/lect/wals_code_pit,7A,7,No glottalized consonants,Eckert-and-Hudson-1988;Glass-and-Hackett-1970,
7A-amh,http://wals.info/languoid/lect/wals_code_amh,7A,7,Ejectives only,Hayward-and-Hayward-1999,
7A-ana,http://wals.info/languoid/lect/wals_code_ana,7A,7,No glottalized consonants,de-Pitman-1981,
7A-cyv,http://wals.info/languoid/lect/wals_code_cyv,7A,7,No glottalized consonants,Key-1967;Key-1961,
7A-dio,http://wals.info/languoid/lect/wals_code_dio,7A,7,No glottalized consonants,Sapir-1965,
7A-arm,http://wals.info/languoid/lect/wals_code_arm,7A,7,Ejectives only,Allen-1950,
7A-aym,http://wals.info/languoid/lect/wals_code_aym,7A,7,Ejectives only,Martin-1969,
7A-baw,http://wals.info/languoid/lect/wals_code_baw,7A,7,No glottalized consonants,Reichle-1981,
7A-wrd,http://wals.info/languoid/lect/wals_code_wrd,7A,7,No glottalized consonants,Merlan-1994,
7A-hai,http://wals.info/languoid/lect/wals_code_hai,7A,7,Ejectives and glottalized resonants,Sapir-1923,
7A-kmu,http://wals.info/languoid/lect/wals_code_kmu,7A,7,Implosives and glottalized resonants,Svantesson-1983,
7A-usa,http://wals.info/languoid/lect/wals_code_usa,7A,7,No glottalized consonants,Reesink-1987,
7A-pai,http://wals.info/languoid/lect/wals_code_pai,7A,7,No glottalized consonants,Ferrel-1982;Ho-1977,
7A-ung,http://wals.info/languoid/lect/wals_code_ung,7A,7,No glottalized consonants,Coate-and-Elkin-1974;Rumsey-1982;Coate-and-Oates-1970,
7A-bej,http://wals.info/languoid/lect/wals_code_bej,7A,7,No glottalized consonants,Hudson-1974;Hudson-1976b,
7A-dre,http://wals.info/languoid/lect/wals_code_dre,7A,7,No glottalized consonants,Moyse-Faurie-1983,
7A-gar,http://wals.info/languoid/lect/wals_code_gar,7A,7,No glottalized consonants,Burling-1961,
7A-pms,http://wals.info/languoid/lect/wals_code_pms,7A,7,No glottalized consonants,Crowley-1982,
7A-mss,http://wals.info/languoid/lect/wals_code_mss,7A,7,No glottalized consonants,Freeland-1951;Broadbent-1964,
7A-sml,http://wals.info/languoid/lect/wals_code_sml,7A,7,Glottalized resonants only,Kruspe-1999,
7A-yur,http://wals.info/languoid/lect/wals_code_yur,7A,7,Ejectives and glottalized resonants,Robins-1958,
7A-dag,http://wals.info/languoid/lect/wals_code_dag,7A,7,No glottalized consonants,Murane-1974,
7A-otm,http://wals.info/languoid/lect/wals_code_otm,7A,7,No glottalized consonants,Wallis-1968;Hess-1968;Sinclair-and-Pike-1948,
7A-igb,http://wals.info/languoid/lect/wals_code_igb,7A,7,No glottalized consonants,Ikekeonwu-1999,
7A-nez,http://wals.info/languoid/lect/wals_code_nez,7A,7,Ejectives and glottalized resonants,Aoki-1994,
7A-brh,http://wals.info/languoid/lect/wals_code_brh,7A,7,No glottalized consonants,De-Armond-1975;Emeneau-1937;Emeneau-1962,
7A-cah,http://wals.info/languoid/lect/wals_code_cah,7A,7,No glottalized consonants,Bright-1965b;Seiler-1977;Sauvel-and-Munro-1981,
7A-cle,http://wals.info/languoid/lect/wals_code_cle,7A,7,No glottalized consonants,Rupp-1989;Rupp-1990,
7A-knm,http://wals.info/languoid/lect/wals_code_knm,7A,7,No glottalized consonants,Bender-1996,
7A-nav,http://wals.info/languoid/lect/wals_code_nav,7A,7,Ejectives only,Sapir-and-Hoijer-1967;Young-and-Morgan-1972,
7A-zqc,http://wals.info/languoid/lect/wals_code_zqc,7A,7,No glottalized consonants,Wonderly-1951a,
7A-bkr,http://wals.info/languoid/lect/wals_code_bkr,7A,7,No glottalized consonants,Woollams-1996,
7A-cmn,http://wals.info/languoid/lect/wals_code_cmn,7A,7,No glottalized consonants,Charney-1993;Wistrand-Robinson-and-Armagost-1990,
7A-nko,http://wals.info/languoid/lect/wals_code_nko,7A,7,No glottalized consonants,Taylor-1985,
7A-squ,http://wals.info/languoid/lect/wals_code_squ,7A,7,Ejectives and glottalized resonants,Kuipers-1967,
7A-tru,http://wals.info/languoid/lect/wals_code_tru,7A,7,Ejectives only,Guirardello-1992;Monod-Becquelin-1975;Guirardello-1999b,
7A-dni,http://wals.info/languoid/lect/wals_code_dni,7A,7,No glottalized consonants,Bromley-1961;van-der-Stap-1966,
7A-nen,http://wals.info/languoid/lect/wals_code_nen,7A,7,No glottalized consonants,Ristinen-1965;Tereshchenko-1966a;Hajdu-1963;Ristinen-1968;Decsy-1966;Katz-1975a,
7A-urk,http://wals.info/languoid/lect/wals_code_urk,7A,7,No glottalized consonants,Kakumasu-1986,
7A-coo,http://wals.info/languoid/lect/wals_code_coo,7A,7,Ejectives only,Zenk-1990,
7A-cre,http://wals.info/languoid/lect/wals_code_cre,7A,7,No glottalized consonants,Dahlstrom-1991;Vinay-1992,
7A-nht,http://wals.info/languoid/lect/wals_code_nht,7A,7,No glottalized consonants,Tuggy-1979,
7A-yim,http://wals.info/languoid/lect/wals_code_yim,7A,7,No glottalized consonants,Foley-1991,
7A-ika,http://wals.info/languoid/lect/wals_code_ika,7A,7,No glottalized consonants,Frank-1990;Tracy-and-Tracy-1973,
7A-kse,http://wals.info/languoid/lect/wals_code_kse,7A,7,No glottalized consonants,Williamson-1967;Prost-1956,
7A-mun,http://wals.info/languoid/lect/wals_code_mun,7A,7,No glottalized consonants,Sinha-1975;Pinnow-1959;Gumperz-and-Bilibiri-1957,
7A-yid,http://wals.info/languoid/lect/wals_code_yid,7A,7,No glottalized consonants,Dixon-1977a,
7A-krk,http://wals.info/languoid/lect/wals_code_krk,7A,7,No glottalized consonants,Bright-1957,
7A-tab,http://wals.info/languoid/lect/wals_code_tab,7A,7,No glottalized consonants,Bowden-and-Hajek-1999;Bowden-1997a,
7A-aco,http://wals.info/languoid/lect/wals_code_aco,7A,7,Ejectives and glottalized resonants,Miller-1966,
7A-pau,http://wals.info/languoid/lect/wals_code_pau,7A,7,Implosives only,Chapman-and-Derbyshire-1991;Chapman-1981,
7A-arp,http://wals.info/languoid/lect/wals_code_arp,7A,7,No glottalized consonants,Conrad-and-Wogiga-1991,
7A-ond,http://wals.info/languoid/lect/wals_code_ond,7A,7,No glottalized consonants,Abbott-2000;Michelson-1988,
7A-asm,http://wals.info/languoid/lect/wals_code_asm,7A,7,No glottalized consonants,Voorhoeve-1965,
7A-ewe,http://wals.info/languoid/lect/wals_code_ewe,7A,7,No glottalized consonants,Pasch-1995,
7A-grb,http://wals.info/languoid/lect/wals_code_grb,7A,7,No glottalized consonants,Innes-1966,
7A-hmo,http://wals.info/languoid/lect/wals_code_hmo,7A,7,No glottalized consonants,Harriehausen-1990;Lyman-1974;Purnell-1972;Smalley-1976;Wang-1983;Wang-1985,
7A-khs,http://wals.info/languoid/lect/wals_code_khs,7A,7,No glottalized consonants,Rabel-1961,
7A-khm,http://wals.info/languoid/lect/wals_code_khm,7A,7,Implosives only,Ehrman-1972b;Huffman-1970a;Huffman-1970b;Jacob-1968,
7A-kio,http://wals.info/languoid/lect/wals_code_kio,7A,7,Ejectives only,Sivertsen-1956;Watkins-1984,
7A-wic,http://wals.info/languoid/lect/wals_code_wic,7A,7,Ejectives and glottalized resonants,Rood-1976,
7A-juh,http://wals.info/languoid/lect/wals_code_juh,7A,7,Ejectives only,Dickens-1994;Snyman-1970;Snyman-1975,
7A-klv,http://wals.info/languoid/lect/wals_code_klv,7A,7,No glottalized consonants,Senft-1986,
7A-nug,http://wals.info/languoid/lect/wals_code_nug,7A,7,No glottalized consonants,Hughes-and-Leeding-1971;Heath-1984,
7A-irq,http://wals.info/languoid/lect/wals_code_irq,7A,7,Ejectives and implosives,Maghway-1995;Mous-1993;Nordbustad-1988;Whiteley-1958,
7A-kew,http://wals.info/languoid/lect/wals_code_kew,7A,7,No glottalized consonants,Franklin-and-Franklin-1962,
7A-snm,http://wals.info/languoid/lect/wals_code_snm,7A,7,No glottalized consonants,Aikhenvald-and-Dixon-1999;Borgman-1990,
7A-shk,http://wals.info/languoid/lect/wals_code_shk,7A,7,No glottalized consonants,Loriot-et-al-1993;Valenzuela-et-al-2001,
7A-epe,http://wals.info/languoid/lect/wals_code_epe,7A,7,No glottalized consonants,Harms-1984;Harms-1985;Harms-1994,
7A-ket,http://wals.info/languoid/lect/wals_code_ket,7A,7,No glottalized consonants,Dulzon-1968;Feev-1998;Krejnovich-1968a;Vajda-2000,
7A-koa,http://wals.info/languoid/lect/wals_code_koa,7A,7,No glottalized consonants,Haas-1944;Rising-1992,
7A-luv,http://wals.info/languoid/lect/wals_code_luv,7A,7,No glottalized consonants,Horton-1949,
7A-san,http://wals.info/languoid/lect/wals_code_san,7A,7,Implosives only,Samarin-1967a;Samarin-1967b,
7A-bag,http://wals.info/languoid/lect/wals_code_bag,7A,7,Implosives only,Stevenson-1969,
7A-hzb,http://wals.info/languoid/lect/wals_code_hzb,7A,7,Ejectives only,van-den-Berg-1995,
7A-ing,http://wals.info/languoid/lect/wals_code_ing,7A,7,Ejectives only,Nichols-1994b,
7A-mau,http://wals.info/languoid/lect/wals_code_mau,7A,7,No glottalized consonants,Capell-and-Hinch-1970,
7A-kfe,http://wals.info/languoid/lect/wals_code_kfe,7A,7,No glottalized consonants,Rennison-1997,
7A-ram,http://wals.info/languoid/lect/wals_code_ram,7A,7,No glottalized consonants,Grinevald-1988,
7A-wch,http://wals.info/languoid/lect/wals_code_wch,7A,7,Ejectives and glottalized resonants,Hunt-1940;Tovar-1981;Vinas-Urquiza-1974,
7A-yag,http://wals.info/languoid/lect/wals_code_yag,7A,7,No glottalized consonants,Payne-1985,
7A-niv,http://wals.info/languoid/lect/wals_code_niv,7A,7,No glottalized consonants,Krejnovich-1937;Gruzdeva-1998,
7A-apu,http://wals.info/languoid/lect/wals_code_apu,7A,7,No glottalized consonants,Facundes-2000,
7A-bma,http://wals.info/languoid/lect/wals_code_bma,7A,7,No glottalized consonants,Penchoen-1973b;Abdel-Massih-1971,
7A-wra,http://wals.info/languoid/lect/wals_code_wra,7A,7,No glottalized consonants,Vaquero-1965;de-Goeje-1930;Osborn-1966;Romero-Figueroa-1997,
7A-imo,http://wals.info/languoid/lect/wals_code_imo,7A,7,No glottalized consonants,Seiler-1985,
7A-awp,http://wals.info/languoid/lect/wals_code_awp,7A,7,No glottalized consonants,Curnow-1997,
7A-kob,http://wals.info/languoid/lect/wals_code_kob,7A,7,No glottalized consonants,Davies-1981b;Davies-1980,
7A-lat,http://wals.info/languoid/lect/wals_code_lat,7A,7,No glottalized consonants,Mathiassen-1997,
7A-mar,http://wals.info/languoid/lect/wals_code_mar,7A,7,No glottalized consonants,Gordon-1986,
7A-ala,http://wals.info/languoid/lect/wals_code_ala,7A,7,No glottalized consonants,Bruce-1984,
7A-goo,http://wals.info/languoid/lect/wals_code_goo,7A,7,No glottalized consonants,McGregor-1990,
7A-kut,http://wals.info/languoid/lect/wals_code_kut,7A,7,Ejectives and glottalized resonants,Garvin-1948a;Morgan-1991,
7A-mxc,http://wals.info/languoid/lect/wals_code_mxc,7A,7,No glottalized consonants,Macaulay-1996,
7A-lav,http://wals.info/languoid/lect/wals_code_lav,7A,7,No glottalized consonants,Terrill-1999,
7A-rap,http://wals.info/languoid/lect/wals_code_rap,7A,7,No glottalized consonants,Du-Feu-1996,
7A-ain,http://wals.info/languoid/lect/wals_code_ain,7A,7,No glottalized consonants,Simeon-1969;Patrie-1982,
7A-jak,http://wals.info/languoid/lect/wals_code_jak,7A,7,Ejectives only,Craig-1977;Day-1973,
7A-lkt,http://wals.info/languoid/lect/wals_code_lkt,7A,7,Ejectives only,Carter-1974,
7A-mrt,http://wals.info/languoid/lect/wals_code_mrt,7A,7,No glottalized consonants,Dench-1995,
7A-prh,http://wals.info/languoid/lect/wals_code_prh,7A,7,No glottalized consonants,Everett-1986,
7A-war,http://wals.info/languoid/lect/wals_code_war,7A,7,Glottalized resonants only,MacEachern-et-al-1997;Everett-and-Kern-1997,
7A-gua,http://wals.info/languoid/lect/wals_code_gua,7A,7,No glottalized consonants,Uldall-1956;Gregores-and-Suarez-1967;Lunt-1973,
7A-kho,http://wals.info/languoid/lect/wals_code_kho,7A,7,No glottalized consonants,Vossen-1997;Hagman-1977;Ladefoged-and-Traill-1984,
7A-mei,http://wals.info/languoid/lect/wals_code_mei,7A,7,No glottalized consonants,Bhat-and-Ningomba-1997;Chelliah-1997,
7A-ngi,http://wals.info/languoid/lect/wals_code_ngi,7A,7,No glottalized consonants,Donaldson-1980,
7A-brm,http://wals.info/languoid/lect/wals_code_brm,7A,7,No glottalized consonants,Okell-1969;Watkins-2001,
7A-kro,http://wals.info/languoid/lect/wals_code_kro,7A,7,Implosives only,Reh-1985,
7A-myi,http://wals.info/languoid/lect/wals_code_myi,7A,7,No glottalized consonants,Merlan-1982,
7A-tiw,http://wals.info/languoid/lect/wals_code_tiw,7A,7,No glottalized consonants,Lee-1983;Lee-1984;Osborne-1974;Anderson-and-Maddieson-1994,
7A-knr,http://wals.info/languoid/lect/wals_code_knr,7A,7,No glottalized consonants,Hutchison-1981;Awobuluyi-1971;Lukas-1937,
7A-kay,http://wals.info/languoid/lect/wals_code_kay,7A,7,No glottalized consonants,Evans-1995,
7A-map,http://wals.info/languoid/lect/wals_code_map,7A,7,No glottalized consonants,Smeets-1989,
7A-yor,http://wals.info/languoid/lect/wals_code_yor,7A,7,No glottalized consonants,Bamgbose-1966,
7A-yko,http://wals.info/languoid/lect/wals_code_yko,7A,7,No glottalized consonants,Maslova-1999,
7A-may,http://wals.info/languoid/lect/wals_code_may,7A,7,No glottalized consonants,Dol-1999,
7A-tuk,http://wals.info/languoid/lect/wals_code_tuk,7A,7,Implosives only,Donohue-1999c;Donohue-1999a,
7A-bur,http://wals.info/languoid/lect/wals_code_bur,7A,7,No glottalized consonants,Morgenstierne-1945;Anderson-1997b,
7A-cha,http://wals.info/languoid/lect/wals_code_cha,7A,7,No glottalized consonants,Seiden-1960;Topping-1973,
7A-chk,http://wals.info/languoid/lect/wals_code_chk,7A,7,No glottalized consonants,Krause-1980;Skorik-1961;Skorik-1968,
7A-fij,http://wals.info/languoid/lect/wals_code_fij,7A,7,No glottalized consonants,Dixon-1988,
7A-lan,http://wals.info/languoid/lect/wals_code_lan,7A,7,No glottalized consonants,Okello-1975,
7A-orh,http://wals.info/languoid/lect/wals_code_orh,7A,7,Ejectives and implosives,Owens-1985,
7A-tha,http://wals.info/languoid/lect/wals_code_tha,7A,7,No glottalized consonants,Kruatrachue-1960;Kalaya-and-Abramson-1999;Abramson-1962;Noss-1954;Noss-1964;Haas-1964,
7A-yaq,http://wals.info/languoid/lect/wals_code_yaq,7A,7,No glottalized consonants,Kurath-and-Spicer-1947;Dedrick-and-Casad-1999,
7A-zul,http://wals.info/languoid/lect/wals_code_zul,7A,7,Ejectives and implosives,Canonici-1989;Doke-1926;Doke-1961;Poulos-and-Bosch-1997;Ziervogel-et-al-1981;Poulos-and-Msimang-1998,
7A-sla,http://wals.info/languoid/lect/wals_code_sla,7A,7,Ejectives and glottalized resonants,Rice-1989;Rice-1978;Rice-1976,
7A-aeg,http://wals.info/languoid/lect/wals_code_aeg,7A,7,No glottalized consonants,Tomiche-1964;Mitchell-1962;Kennedy-1960,
7A-grw,http://wals.info/languoid/lect/wals_code_grw,7A,7,No glottalized consonants,Rischel-1974,
7A-hix,http://wals.info/languoid/lect/wals_code_hix,7A,7,No glottalized consonants,Derbyshire-1985,
7A-swa,http://wals.info/languoid/lect/wals_code_swa,7A,7,No glottalized consonants,Polome-nd,
7A-vie,http://wals.info/languoid/lect/wals_code_vie,7A,7,Implosives only,Emeneau-1951;Thompson-1965;Nguyen-1990;Nguyen-1974a,
7A-hin,http://wals.info/languoid/lect/wals_code_hin,7A,7,No glottalized consonants,Kelkar-1968;Ohala-1983;Ohala-1999,
7A-ckr,http://wals.info/languoid/lect/wals_code_ckr,7A,7,No glottalized consonants,Popjes-and-Popjes-1986,
7A-tag,http://wals.info/languoid/lect/wals_code_tag,7A,7,No glottalized consonants,Bloomfield-1917;Schachter-and-Otanes-1972,
7A-geo,http://wals.info/languoid/lect/wals_code_geo,7A,7,Ejectives only,Vogt-1938;Vogt-1958;Selmer-1935;Neisser-1953;Hewitt-1995;Robins-and-Waterson-1952;Tschenkeli-1958;Vogt-1971,
7A-knd,http://wals.info/languoid/lect/wals_code_knd,7A,7,No glottalized consonants,Upadhyaya-1972;Sridhar-1990;Steever-1998b,
7A-kha,http://wals.info/languoid/lect/wals_code_kha,7A,7,No glottalized consonants,Street-1963;Hangin-1968;Svantesson-1985;Luvsanvandan-1964,
7A-mal,http://wals.info/languoid/lect/wals_code_mal,7A,7,No glottalized consonants,Dahl-1952;Dyen-1971b,
7A-sup,http://wals.info/languoid/lect/wals_code_sup,7A,7,No glottalized consonants,Carlson-1994,
7A-hau,http://wals.info/languoid/lect/wals_code_hau,7A,7,Ejectives and implosives,Newman-2000;Schuh-and-Bagari-1999,
7A-mao,http://wals.info/languoid/lect/wals_code_mao,7A,7,No glottalized consonants,Bauer-1993,
7A-bsq,http://wals.info/languoid/lect/wals_code_bsq,7A,7,No glottalized consonants,Saltarelli-et-al-1988,
7A-abk,http://wals.info/languoid/lect/wals_code_abk,7A,7,Ejectives only,Hewitt-1979,
7A-eve,http://wals.info/languoid/lect/wals_code_eve,7A,7,No glottalized consonants,Bulatova-and-Grenoble-1999;Nedjalkov-1997,
7A-kor,http://wals.info/languoid/lect/wals_code_kor,7A,7,Ejectives only,Martin-1954;Martin-1951;Lee-1999;Cho-1967;Martin-and-Lee-1969;Kim-1972;Kim-1986,
7A-prs,http://wals.info/languoid/lect/wals_code_prs,7A,7,No glottalized consonants,Majidi-and-Ternes-1999;Obolensky-et-al-1963,
7A-ame,http://wals.info/languoid/lect/wals_code_ame,7A,7,No glottalized consonants,Roberts-1987,
7A-ger,http://wals.info/languoid/lect/wals_code_ger,7A,7,No glottalized consonants,Kohler-1999;Moulton-1962;Wangler-1972,
7A-grk,http://wals.info/languoid/lect/wals_code_grk,7A,7,No glottalized consonants,Householder-et-al-1964,
7A-lez,http://wals.info/languoid/lect/wals_code_lez,7A,7,Ejectives only,Kodzasov-1990a;Haspelmath-1993,
7A-jpn,http://wals.info/languoid/lect/wals_code_jpn,7A,7,No glottalized consonants,Bloch-1950;Jorden-1963;Martin-1952;Shibatani-1990,
7A-mnd,http://wals.info/languoid/lect/wals_code_mnd,7A,7,No glottalized consonants,Hanyu-1960;Dow-1972;Cheng-1973a;Chao-1968,
7A-hun,http://wals.info/languoid/lect/wals_code_hun,7A,7,No glottalized consonants,Banhidi-et-al-1965;Szende-1999;Hall-1944,
7A-ind,http://wals.info/languoid/lect/wals_code_ind,7A,7,No glottalized consonants,Alwi-et-al-1998,
7A-fin,http://wals.info/languoid/lect/wals_code_fin,7A,7,No glottalized consonants,Lehtinen-1970;Wiik-1965;Harms-1964,
7A-rus,http://wals.info/languoid/lect/wals_code_rus,7A,7,No glottalized consonants,Jones-and-Ward-1969;Halle-1959,
7A-spa,http://wals.info/languoid/lect/wals_code_spa,7A,7,No glottalized consonants,Harris-1969a;Saporta-and-Contreras-1962;Navarro-1961,
7A-tur,http://wals.info/languoid/lect/wals_code_tur,7A,7,No glottalized consonants,Zimmer-and-Orgun-1999,
7A-fre,http://wals.info/languoid/lect/wals_code_fre,7A,7,No glottalized consonants,Fougeron-and-Smith-1999;Sten-1963,
7A-eng,http://wals.info/languoid/lect/wals_code_eng,7A,7,No glottalized consonants,Gimson-1970,
7A-ndy,http://wals.info/languoid/lect/wals_code_ndy,7A,7,No glottalized consonants,Huttar-and-Huttar-1994;Huttar-and-Huttar-1972,
