ID,Language_ID,Parameter_ID,Contribution_ID,Value,Source,Comment
104A-klk,http://wals.info/languoid/lect/wals_code_klk,104A,104,A and P do not or do not both occur on the verb,Glidden-1985[231-33],
104A-bro,http://wals.info/languoid/lect/wals_code_bro,104A,104,A and P do not or do not both occur on the verb,Shnukal-1988[41-52],
104A-kna,http://wals.info/languoid/lect/wals_code_kna,104A,104,A and P do not or do not both occur on the verb,Storto-1999[157],
104A-zsq,http://wals.info/languoid/lect/wals_code_zsq,104A,104,A precedes P,"Munro-and-Lopez-1999[15, 19]",
104A-jur,http://wals.info/languoid/lect/wals_code_jur,104A,104,A and P do not or do not both occur on the verb,Hang-et-al-1989[59-60],
104A-mcr,http://wals.info/languoid/lect/wals_code_mcr,104A,104,A and P do not or do not both occur on the verb,Baker-1972[98-102],
104A-cri,http://wals.info/languoid/lect/wals_code_cri,104A,104,A and P do not or do not both occur on the verb,Jankowski-1992[196-220],
104A-hmu,http://wals.info/languoid/lect/wals_code_hmu,104A,104,A and P do not or do not both occur on the verb,"Minor-et-al-1982[56, 19]",
104A-kjo,http://wals.info/languoid/lect/wals_code_kjo,104A,104,A precedes P,Friberg-1996[141],
104A-kuk,http://wals.info/languoid/lect/wals_code_kuk,104A,104,A and P do not or do not both occur on the verb,Cohen-2000[54-94],
104A-lrk,http://wals.info/languoid/lect/wals_code_lrk,104A,104,A precedes P,Laidig-1993[321],
104A-srm,http://wals.info/languoid/lect/wals_code_srm,104A,104,A and P do not or do not both occur on the verb,Byrne-1987[44],
104A-tap,http://wals.info/languoid/lect/wals_code_tap,104A,104,P precedes A,"Kulick-and-Stroud-1992[9-10, 13]",
104A-kwz,http://wals.info/languoid/lect/wals_code_kwz,104A,104,P precedes A,van-der-Voort-2000[161],
104A-psj,http://wals.info/languoid/lect/wals_code_psj,104A,104,A precedes P,Kalstrom-Dolson-et-al-1995[367],
104A-uma,http://wals.info/languoid/lect/wals_code_uma,104A,104,A precedes P,"Martens-1988b[169-70, 200]",
104A-cap,http://wals.info/languoid/lect/wals_code_cap,104A,104,A and P do not or do not both occur on the verb,"Lous-1969[42, 98]",
104A-xok,http://wals.info/languoid/lect/wals_code_xok,104A,104,A and P do not or do not both occur on the verb,Urban-1985[167],
104A-mle,http://wals.info/languoid/lect/wals_code_mle,104A,104,A and P do not or do not both occur on the verb,Amha-2001[113],
104A-cmx,http://wals.info/languoid/lect/wals_code_cmx,104A,104,P precedes A,Harris-1981b[58],
104A-adz,http://wals.info/languoid/lect/wals_code_adz,104A,104,A and P do not or do not both occur on the verb,Holzknecht-1986[95],
104A-cav,http://wals.info/languoid/lect/wals_code_cav,104A,104,A and P do not or do not both occur on the verb,Camp-1985[40],
104A-nad,http://wals.info/languoid/lect/wals_code_nad,104A,104,A and P do not or do not both occur on the verb,"Martins-and-Martins-1999[260, 263]",
104A-yaw,http://wals.info/languoid/lect/wals_code_yaw,104A,104,A and P do not or do not both occur on the verb,Jones-1986a[40],
104A-cku,http://wals.info/languoid/lect/wals_code_cku,104A,104,A precedes P,Silverstein-1976;Boas-1911b[581],
104A-saw,http://wals.info/languoid/lect/wals_code_saw,104A,104,A and P do not or do not both occur on the verb,Walker-1982[23],
104A-mlm,http://wals.info/languoid/lect/wals_code_mlm,104A,104,A and P do not or do not both occur on the verb,Rischel-1995[99],
104A-ura,http://wals.info/languoid/lect/wals_code_ura,104A,104,A precedes P,Crowley-1999[174],
104A-ktl,http://wals.info/languoid/lect/wals_code_ktl,104A,104,A precedes P,Tucker-and-Bryan-1956[266-67],
104A-tso,http://wals.info/languoid/lect/wals_code_tso,104A,104,A and P do not or do not both occur on the verb,Szakos-1994[130],
104A-moa,http://wals.info/languoid/lect/wals_code_moa,104A,104,A precedes P,Fagan-1986[79],
104A-hmr,http://wals.info/languoid/lect/wals_code_hmr,104A,104,A and P do not or do not both occur on the verb,Lydall-1976[416],
104A-atk,http://wals.info/languoid/lect/wals_code_atk,104A,104,P precedes A,Swanton-1929[125],
104A-cpn,http://wals.info/languoid/lect/wals_code_cpn,104A,104,A and P do not or do not both occur on the verb,Caughley-1982[53],
104A-tir,http://wals.info/languoid/lect/wals_code_tir,104A,104,A and P do not or do not both occur on the verb,Meira-1999[243],
104A-ane,http://wals.info/languoid/lect/wals_code_ane,104A,104,A precedes P,Thurston-1982[41-2],
104A-abn,http://wals.info/languoid/lect/wals_code_abn,104A,104,A and P do not or do not both occur on the verb,"Hercus-1994[130, 264]",
104A-bnj,http://wals.info/languoid/lect/wals_code_bnj,104A,104,A and P do not or do not both occur on the verb,Crowley-1978[82-104],
104A-dga,http://wals.info/languoid/lect/wals_code_dga,104A,104,A and P do not or do not both occur on the verb,Bodomo-1997[92],
104A-kpm,http://wals.info/languoid/lect/wals_code_kpm,104A,104,A precedes P,Mithun-1994[63],
104A-nyu,http://wals.info/languoid/lect/wals_code_nyu,104A,104,A precedes P,"McGregor-1996[40, 47]",
104A-fua,http://wals.info/languoid/lect/wals_code_fua,104A,104,P precedes A,Arnott-1970[212],
104A-iqu,http://wals.info/languoid/lect/wals_code_iqu,104A,104,A and P do not or do not both occur on the verb,"Eastman-and-Eastman-1963[186, 159]",
104A-msn,http://wals.info/languoid/lect/wals_code_msn,104A,104,A precedes P,Ross-1984[57],
104A-pny,http://wals.info/languoid/lect/wals_code_pny,104A,104,A and P do not or do not both occur on the verb,Dench-1991[159],
104A-amu,http://wals.info/languoid/lect/wals_code_amu,104A,104,A precedes P,Wise-1986[572],
104A-bln,http://wals.info/languoid/lect/wals_code_bln,104A,104,A precedes P,Hetzron-1976[23],
104A-ngk,http://wals.info/languoid/lect/wals_code_ngk,104A,104,A precedes P,Hoddinott-and-Kofod-1988[88-95],
104A-cba,http://wals.info/languoid/lect/wals_code_cba,104A,104,A precedes P,Wash-2001[42-3],
104A-don,http://wals.info/languoid/lect/wals_code_don,104A,104,A and P do not or do not both occur on the verb,Long-and-Zheng-1998[17],
104A-god,http://wals.info/languoid/lect/wals_code_god,104A,104,A and P do not or do not both occur on the verb,Kibrik-1996[45-46],
104A-sem,http://wals.info/languoid/lect/wals_code_sem,104A,104,A and P do not or do not both occur on the verb,"Sreedhar-1980[109, 130]",
104A-au,http://wals.info/languoid/lect/wals_code_au,104A,104,A precedes P,Scorza-1985[223],
104A-nup,http://wals.info/languoid/lect/wals_code_nup,104A,104,A and P do not or do not both occur on the verb,Smith-1967a[22],
104A-pec,http://wals.info/languoid/lect/wals_code_pec,104A,104,P precedes A,"Holt-1999b[49, 41]",
104A-tmr,http://wals.info/languoid/lect/wals_code_tmr,104A,104,A and P do not or do not both occur on the verb,Benjamin-1976[158],
104A-tot,http://wals.info/languoid/lect/wals_code_tot,104A,104,Both orders of A and P occur,MacKay-1991[192],
104A-wik,http://wals.info/languoid/lect/wals_code_wik,104A,104,A and P do not or do not both occur on the verb,Gamble-1978[47],
104A-kom,http://wals.info/languoid/lect/wals_code_kom,104A,104,A precedes P,Tucker-and-Bryan-1956[360],
104A-ndo,http://wals.info/languoid/lect/wals_code_ndo,104A,104,A precedes P,Fivaz-1986[142],
104A-par,http://wals.info/languoid/lect/wals_code_par,104A,104,P precedes A,Andersen-1988[297],
104A-yes,http://wals.info/languoid/lect/wals_code_yes,104A,104,A and P do not or do not both occur on the verb,"Foreman-1974[34, 41]",
104A-baa,http://wals.info/languoid/lect/wals_code_baa,104A,104,P precedes A,Olson-1975[509-10],
104A-cor,http://wals.info/languoid/lect/wals_code_cor,104A,104,A precedes P,Casad-1984[329],
104A-nak,http://wals.info/languoid/lect/wals_code_nak,104A,104,A and P do not or do not both occur on the verb,Johnston-1980[27-28],
104A-plk,http://wals.info/languoid/lect/wals_code_plk,104A,104,A and P do not or do not both occur on the verb,Green-and-Green-1972[6],
104A-tri,http://wals.info/languoid/lect/wals_code_tri,104A,104,A and P do not or do not both occur on the verb,Hollenbach-1992[349],
104A-anj,http://wals.info/languoid/lect/wals_code_anj,104A,104,A and P do not or do not both occur on the verb,"Lynch-1982a[110, 116]",
104A-brn,http://wals.info/languoid/lect/wals_code_brn,104A,104,A and P do not or do not both occur on the verb,"Kiessling-1994[87, 124]",
104A-gmw,http://wals.info/languoid/lect/wals_code_gmw,104A,104,A precedes P,Olson-1992[298],
104A-wbn,http://wals.info/languoid/lect/wals_code_wbn,104A,104,A and P do not or do not both occur on the verb,de-Vries-1989[22],
104A-bya,http://wals.info/languoid/lect/wals_code_bya,104A,104,A and P do not or do not both occur on the verb,Trivedi-1991[81-96],
104A-moh,http://wals.info/languoid/lect/wals_code_moh,104A,104,Both orders of A and P occur,Bonvillain-1973[117],
104A-acm,http://wals.info/languoid/lect/wals_code_acm,104A,104,A and P are fused,de-Angulo-and-Freeland-1931[91],
104A-diz,http://wals.info/languoid/lect/wals_code_diz,104A,104,A and P do not or do not both occur on the verb,Allan-1976b[384],
104A-gud,http://wals.info/languoid/lect/wals_code_gud,104A,104,A and P do not or do not both occur on the verb,Hoskison-1983[83-93],
104A-rem,http://wals.info/languoid/lect/wals_code_rem,104A,104,A and P do not or do not both occur on the verb,Fernandez-1967[123],
104A-slp,http://wals.info/languoid/lect/wals_code_slp,104A,104,P precedes A,"McElhanon-1972[70, 38]",
104A-tol,http://wals.info/languoid/lect/wals_code_tol,104A,104,P precedes A,"Holt-1999a[24, 28]",
104A-ani,http://wals.info/languoid/lect/wals_code_ani,104A,104,A and P do not or do not both occur on the verb,Heine-1999a[27],
104A-msl,http://wals.info/languoid/lect/wals_code_msl,104A,104,P precedes A,"Edgar-1989[62, 73]",
104A-syu,http://wals.info/languoid/lect/wals_code_syu,104A,104,A and P do not or do not both occur on the verb,Irwin-1974[15],
104A-kws,http://wals.info/languoid/lect/wals_code_kws,104A,104,Both orders of A and P occur,Zigmond-et-al-1990-1991[87],
104A-mde,http://wals.info/languoid/lect/wals_code_mde,104A,104,A and P do not or do not both occur on the verb,Innes-1971[149-50],
104A-nbr,http://wals.info/languoid/lect/wals_code_nbr,104A,104,A and P do not or do not both occur on the verb,Alphonse-1956[24-37],
104A-noo,http://wals.info/languoid/lect/wals_code_noo,104A,104,A and P do not or do not both occur on the verb,Soukka-2000[117],
104A-sal,http://wals.info/languoid/lect/wals_code_sal,104A,104,P precedes A,Turner-1987[139],
104A-cbo,http://wals.info/languoid/lect/wals_code_cbo,104A,104,A precedes P,Prost-1962[117],
104A-taw,http://wals.info/languoid/lect/wals_code_taw,104A,104,A precedes P,"Ezard-1997[74, 95, 112]",
104A-ber,http://wals.info/languoid/lect/wals_code_ber,104A,104,A precedes P,"Triulzi-et-al-1976a[522, 525]",
104A-miz,http://wals.info/languoid/lect/wals_code_miz,104A,104,A precedes P,Murthy-and-Subbarao-2000[785],
104A-wrk,http://wals.info/languoid/lect/wals_code_wrk,104A,104,A precedes P,Aikhenvald-1998[357],
104A-ata,http://wals.info/languoid/lect/wals_code_ata,104A,104,A and P do not or do not both occur on the verb,"Rau-1992[35, 125-6, 146-7]",
104A-bar,http://wals.info/languoid/lect/wals_code_bar,104A,104,A and P do not or do not both occur on the verb,Spagnolo-1933[98-189],
104A-err,http://wals.info/languoid/lect/wals_code_err,104A,104,A precedes P,"Crowley-1998a[87, 120]",
104A-hua,http://wals.info/languoid/lect/wals_code_hua,104A,104,P precedes A,Haiman-1980[363],
104A-mby,http://wals.info/languoid/lect/wals_code_mby,104A,104,A precedes P,Keegan-1997[24-25],
104A-was,http://wals.info/languoid/lect/wals_code_was,104A,104,P precedes A,Jacobsen-1964[450-64],
104A-yuk,http://wals.info/languoid/lect/wals_code_yuk,104A,104,Both orders of A and P occur,Keen-1983[218-19],
104A-kkv,http://wals.info/languoid/lect/wals_code_kkv,104A,104,A precedes P,Counts-1969[69],
104A-sah,http://wals.info/languoid/lect/wals_code_sah,104A,104,A precedes P,Visser-and-Voorhoeve-1987[27],
104A-wsk,http://wals.info/languoid/lect/wals_code_wsk,104A,104,A and P do not or do not both occur on the verb,Ross-and-Paol-1978[67-8],
104A-kgu,http://wals.info/languoid/lect/wals_code_kgu,104A,104,A and P do not or do not both occur on the verb,"Blake-1969[39, 62]",
104A-tpn,http://wals.info/languoid/lect/wals_code_tpn,104A,104,P precedes A,Bascom-1982[274],
104A-udh,http://wals.info/languoid/lect/wals_code_udh,104A,104,A and P do not or do not both occur on the verb,Nikolaeva-and-Tolskaya-2001[21],
104A-zan,http://wals.info/languoid/lect/wals_code_zan,104A,104,A precedes P,Tucker-and-Bryan-1956[147],
104A-cop,http://wals.info/languoid/lect/wals_code_cop,104A,104,A and P do not or do not both occur on the verb,Layton-2000[65-68],
104A-dum,http://wals.info/languoid/lect/wals_code_dum,104A,104,A and P do not or do not both occur on the verb,Ross-1980[93-95],
104A-kos,http://wals.info/languoid/lect/wals_code_kos,104A,104,A precedes P,Lee-1975[101-03],
104A-nuu,http://wals.info/languoid/lect/wals_code_nuu,104A,104,A and P do not or do not both occur on the verb,Nahayama-1997[30],
104A-oss,http://wals.info/languoid/lect/wals_code_oss,104A,104,A precedes P,Abaev-1964[23],
104A-trb,http://wals.info/languoid/lect/wals_code_trb,104A,104,A and P do not or do not both occur on the verb,Quesada-2000[83-84],
104A-tja,http://wals.info/languoid/lect/wals_code_tja,104A,104,A and P are fused,Miller-2001[140],
104A-tla,http://wals.info/languoid/lect/wals_code_tla,104A,104,A and P do not or do not both occur on the verb,Mosel-1984[93],
104A-yel,http://wals.info/languoid/lect/wals_code_yel,104A,104,P precedes A,Henderson-1995[14],
104A-ara,http://wals.info/languoid/lect/wals_code_ara,104A,104,A precedes P,Pet-1987[24],
104A-tkl,http://wals.info/languoid/lect/wals_code_tkl,104A,104,P precedes A,Sapir-1922b[170],
104A-uhi,http://wals.info/languoid/lect/wals_code_uhi,104A,104,A and P do not or do not both occur on the verb,"Crowley-1983[363, 368]",
104A-lel,http://wals.info/languoid/lect/wals_code_lel,104A,104,Both orders of A and P occur,Frajzyngier-2001[111-12],
104A-so,http://wals.info/languoid/lect/wals_code_so,104A,104,A and P do not or do not both occur on the verb,"Carlin-1993[79, 83]",
104A-nmb,http://wals.info/languoid/lect/wals_code_nmb,104A,104,P precedes A,Lowe-1999[283],
104A-nas,http://wals.info/languoid/lect/wals_code_nas,104A,104,P precedes A,Hurd-and-Hurd-1970[47],
104A-siu,http://wals.info/languoid/lect/wals_code_siu,104A,104,Both orders of A and P occur,"Frachtenberg-1922b[474, 480]",
104A-sun,http://wals.info/languoid/lect/wals_code_sun,104A,104,A and P do not or do not both occur on the verb,Hardjadibrata-1985[48-54],
104A-chr,http://wals.info/languoid/lect/wals_code_chr,104A,104,A and P do not or do not both occur on the verb,Thomas-1971[67-73],
104A-guu,http://wals.info/languoid/lect/wals_code_guu,104A,104,A and P do not or do not both occur on the verb,"Haviland-1979[27, 78-100]",
104A-mis,http://wals.info/languoid/lect/wals_code_mis,104A,104,A and P do not or do not both occur on the verb,Adam-1891[28-32],
104A-mum,http://wals.info/languoid/lect/wals_code_mum,104A,104,A and P do not or do not both occur on the verb,Shimizu-1983[121-23],
104A-wma,http://wals.info/languoid/lect/wals_code_wma,104A,104,A and P do not or do not both occur on the verb,"Voorhoeve-1982[12-13, 12]",
104A-abu,http://wals.info/languoid/lect/wals_code_abu,104A,104,A and P do not or do not both occur on the verb,Berry-and-Berry-1999[48],
104A-bab,http://wals.info/languoid/lect/wals_code_bab,104A,104,A and P do not or do not both occur on the verb,Schaub-1985[232],
104A-brr,http://wals.info/languoid/lect/wals_code_brr,104A,104,A precedes P,Crowell-1979[206],
104A-doy,http://wals.info/languoid/lect/wals_code_doy,104A,104,A precedes P,"Wiering-1994[216, 74]",
104A-krd,http://wals.info/languoid/lect/wals_code_krd,104A,104,A precedes P,Fattah-1997[302],
104A-qaw,http://wals.info/languoid/lect/wals_code_qaw,104A,104,A and P do not or do not both occur on the verb,Clairis-1985[455-6],
104A-tid,http://wals.info/languoid/lect/wals_code_tid,104A,104,A and P do not or do not both occur on the verb,van-Staden-2000[79-89],
104A-cub,http://wals.info/languoid/lect/wals_code_cub,104A,104,A and P do not or do not both occur on the verb,"Morse-and-Maxwell-1999b[20, 39-40]",
104A-dgr,http://wals.info/languoid/lect/wals_code_dgr,104A,104,A and P do not or do not both occur on the verb,Wu-1996[27],
104A-mlk,http://wals.info/languoid/lect/wals_code_mlk,104A,104,A precedes P,"Birk-1976[66, 31]",
104A-mna,http://wals.info/languoid/lect/wals_code_mna,104A,104,A precedes P,"van-den-Berg-1989b[49, 53, 64]",
104A-mup,http://wals.info/languoid/lect/wals_code_mup,104A,104,A and P do not or do not both occur on the verb,"Frajzyngier-1993[87, 177, 181]",
104A-ngl,http://wals.info/languoid/lect/wals_code_ngl,104A,104,Both orders of A and P occur,Merlan-1983[84-88],
104A-tin,http://wals.info/languoid/lect/wals_code_tin,104A,104,A and P do not or do not both occur on the verb,Osumi-1995[40],
104A-lim,http://wals.info/languoid/lect/wals_code_lim,104A,104,Both orders of A and P occur,van-Driem-1987[75],
104A-tna,http://wals.info/languoid/lect/wals_code_tna,104A,104,P precedes A,"Dimmendaal-1983a[120, 122]",
104A-awt,http://wals.info/languoid/lect/wals_code_awt,104A,104,A and P do not or do not both occur on the verb,Feldman-1986[53],
104A-hat,http://wals.info/languoid/lect/wals_code_hat,104A,104,A and P do not or do not both occur on the verb,Reesink-1999[40-41],
104A-qui,http://wals.info/languoid/lect/wals_code_qui,104A,104,P precedes A,Andrade-1933[234],
104A-ret,http://wals.info/languoid/lect/wals_code_ret,104A,104,P precedes A,Strom-1992[69],
104A-tau,http://wals.info/languoid/lect/wals_code_tau,104A,104,P precedes A,"MacDonald-1990[206, 216]",
104A-ijo,http://wals.info/languoid/lect/wals_code_ijo,104A,104,A and P do not or do not both occur on the verb,"Williamson-1965[88, 114]",
104A-pal,http://wals.info/languoid/lect/wals_code_pal,104A,104,A precedes P,Georgopoulos-1991[24-30],
104A-sam,http://wals.info/languoid/lect/wals_code_sam,104A,104,A and P do not or do not both occur on the verb,"Mosel-and-Hovdhaugen-1992[330, 374, 687-700]",
104A-sel,http://wals.info/languoid/lect/wals_code_sel,104A,104,A and P do not or do not both occur on the verb,Najlis-1973[11],
104A-wao,http://wals.info/languoid/lect/wals_code_wao,104A,104,A and P do not or do not both occur on the verb,"Peeke-1973[40, 128]",
104A-wap,http://wals.info/languoid/lect/wals_code_wap,104A,104,A and P do not or do not both occur on the verb,Radin-1929[134],
104A-win,http://wals.info/languoid/lect/wals_code_win,104A,104,A and P do not or do not both occur on the verb,Pitkin-1984[154],
104A-bri,http://wals.info/languoid/lect/wals_code_bri,104A,104,A and P do not or do not both occur on the verb,Constenla-Umana-et-al-1979[34-38],
104A-kis,http://wals.info/languoid/lect/wals_code_kis,104A,104,A and P do not or do not both occur on the verb,Childs-1995[71-114],
104A-cax,http://wals.info/languoid/lect/wals_code_cax,104A,104,A precedes P,Payne-1981[14],
104A-kon,http://wals.info/languoid/lect/wals_code_kon,104A,104,A precedes P,Carter-1973[55],
104A-wel,http://wals.info/languoid/lect/wals_code_wel,104A,104,A and P do not or do not both occur on the verb,King-1993a[180],
104A-yap,http://wals.info/languoid/lect/wals_code_yap,104A,104,A and P do not or do not both occur on the verb,"Jensen-et-al-1977a[140, 199]",
104A-jaq,http://wals.info/languoid/lect/wals_code_jaq,104A,104,A and P are fused,Hardman-2000[55-58],
104A-tgk,http://wals.info/languoid/lect/wals_code_tgk,104A,104,A and P do not or do not both occur on the verb,Beaumont-1979[73-75],
104A-ton,http://wals.info/languoid/lect/wals_code_ton,104A,104,P precedes A,Hoijer-1933-1938[68],
104A-pip,http://wals.info/languoid/lect/wals_code_pip,104A,104,A precedes P,Campbell-1985[65],
104A-tzu,http://wals.info/languoid/lect/wals_code_tzu,104A,104,P precedes A,Dayley-1985[68],
104A-lak,http://wals.info/languoid/lect/wals_code_lak,104A,104,A and P do not or do not both occur on the verb,Zhirkov-1955[94],
104A-mne,http://wals.info/languoid/lect/wals_code_mne,104A,104,A and P do not or do not both occur on the verb,Shipley-1964[45],
104A-eka,http://wals.info/languoid/lect/wals_code_eka,104A,104,A precedes P,"Doble-1987[89, 94, 82]",
104A-ham,http://wals.info/languoid/lect/wals_code_ham,104A,104,A precedes P,"Oates-and-Oates-1968[27, 45]",
104A-nan,http://wals.info/languoid/lect/wals_code_nan,104A,104,A precedes P,Creider-1989[97-98],
104A-mac,http://wals.info/languoid/lect/wals_code_mac,104A,104,P precedes A,"Abbott-1991[24, 101]",
104A-mrd,http://wals.info/languoid/lect/wals_code_mrd,104A,104,A precedes P,Drabbe-1955[28-31],
104A-abi,http://wals.info/languoid/lect/wals_code_abi,104A,104,A precedes P,"Najlis-1966[28-42, 86]",
104A-mab,http://wals.info/languoid/lect/wals_code_mab,104A,104,A and P are fused,Tucker-and-Bryan-1966[201],
104A-ace,http://wals.info/languoid/lect/wals_code_ace,104A,104,A precedes P,Durie-1985[202-3],
104A-dut,http://wals.info/languoid/lect/wals_code_dut,104A,104,A and P do not or do not both occur on the verb,Donaldson-1997b[132-134],
104A-kas,http://wals.info/languoid/lect/wals_code_kas,104A,104,A precedes P,"Wali-and-Koul-1997[196, 250]",
104A-pur,http://wals.info/languoid/lect/wals_code_pur,104A,104,P precedes A,Foster-1969[43-48],
104A-una,http://wals.info/languoid/lect/wals_code_una,104A,104,P precedes A,Louwerse-1988[60],
104A-ita,http://wals.info/languoid/lect/wals_code_ita,104A,104,A and P do not or do not both occur on the verb,Lepschy-and-Lepschy-1988[133-39],
104A-kch,http://wals.info/languoid/lect/wals_code_kch,104A,104,A and P do not or do not both occur on the verb,Heath-1999b[11],
104A-lah,http://wals.info/languoid/lect/wals_code_lah,104A,104,A and P do not or do not both occur on the verb,Matisoff-1973[passim],
104A-yuc,http://wals.info/languoid/lect/wals_code_yuc,104A,104,Both orders of A and P occur,"Wagner-1933-1938[125, 126]",
104A-pso,http://wals.info/languoid/lect/wals_code_pso,104A,104,A and P do not or do not both occur on the verb,"Moshinsky-1974[42, 43]",
104A-zun,http://wals.info/languoid/lect/wals_code_zun,104A,104,A and P do not or do not both occur on the verb,"Bunzel-1933-1938[450, 455]",
104A-snt,http://wals.info/languoid/lect/wals_code_snt,104A,104,A precedes P,Cowan-1965[30],
104A-krb,http://wals.info/languoid/lect/wals_code_krb,104A,104,A precedes P,Groves-et-al-1985[57],
104A-ypk,http://wals.info/languoid/lect/wals_code_ypk,104A,104,A and P are fused,Jacobson-1995[113],
104A-fur,http://wals.info/languoid/lect/wals_code_fur,104A,104,A and P do not or do not both occur on the verb,Jakobi-1990[92],
104A-pol,http://wals.info/languoid/lect/wals_code_pol,104A,104,A and P do not or do not both occur on the verb,Szober-1957[272-283],
104A-ker,http://wals.info/languoid/lect/wals_code_ker,104A,104,A and P do not or do not both occur on the verb,Ebert-1979[130],
104A-lad,http://wals.info/languoid/lect/wals_code_lad,104A,104,A and P do not or do not both occur on the verb,Koshal-1979[179],
104A-lep,http://wals.info/languoid/lect/wals_code_lep,104A,104,A and P do not or do not both occur on the verb,Mainwaring-1876[44-48],
104A-tli,http://wals.info/languoid/lect/wals_code_tli,104A,104,P precedes A,Leer-1991b[58],
104A-wam,http://wals.info/languoid/lect/wals_code_wam,104A,104,A precedes P,Nordlinger-1998[137],
104A-alb,http://wals.info/languoid/lect/wals_code_alb,104A,104,P precedes A,"Camaj-1984[180, 188, 94-95]",
104A-bam,http://wals.info/languoid/lect/wals_code_bam,104A,104,A and P do not or do not both occur on the verb,Bird-and-Kante-1976[141-150],
104A-kyl,http://wals.info/languoid/lect/wals_code_kyl,104A,104,A and P do not or do not both occur on the verb,Solnit-1997[8],
104A-nti,http://wals.info/languoid/lect/wals_code_nti,104A,104,P precedes A,Kutsch-Lojenga-1994[192],
104A-car,http://wals.info/languoid/lect/wals_code_car,104A,104,A and P are fused,Hoff-1968[113-15],
104A-mak,http://wals.info/languoid/lect/wals_code_mak,104A,104,A and P are fused,,
104A-tsi,http://wals.info/languoid/lect/wals_code_tsi,104A,104,P precedes A,Boas-1911c[66],
104A-tun,http://wals.info/languoid/lect/wals_code_tun,104A,104,P precedes A,Swanton-1921[6-7],
104A-sue,http://wals.info/languoid/lect/wals_code_sue,104A,104,A and P do not or do not both occur on the verb,Wilson-1974[59],
104A-mku,http://wals.info/languoid/lect/wals_code_mku,104A,104,A precedes P,"Tryon-1970b[18-42, 48]",
104A-mrl,http://wals.info/languoid/lect/wals_code_mrl,104A,104,A precedes P,"Arensen-1982[73, 91]",
104A-psm,http://wals.info/languoid/lect/wals_code_psm,104A,104,Both orders of A and P occur,Leavitt-1996[6-11],
104A-pit,http://wals.info/languoid/lect/wals_code_pit,104A,104,Both orders of A and P occur,Eckert-and-Hudson-1988[145-148],
104A-amh,http://wals.info/languoid/lect/wals_code_amh,104A,104,A precedes P,"Hudson-1997[470-3, 461-2]",
104A-ana,http://wals.info/languoid/lect/wals_code_ana,104A,104,A and P do not or do not both occur on the verb,Pitman-1980[43-44],
104A-cyv,http://wals.info/languoid/lect/wals_code_cyv,104A,104,A precedes P,"Key-1967[28-9, 32]",
104A-dio,http://wals.info/languoid/lect/wals_code_dio,104A,104,A precedes P,"Sapir-1965[90, 91]",
104A-arm,http://wals.info/languoid/lect/wals_code_arm,104A,104,A and P do not or do not both occur on the verb,"Kozintseva-1999[21, 24, 36]",
104A-aym,http://wals.info/languoid/lect/wals_code_aym,104A,104,A and P are fused,Hardman-de-Bautista-et-al-1988[384],
104A-baw,http://wals.info/languoid/lect/wals_code_baw,104A,104,A precedes P,Reichle-1981[145-47],
104A-nbd,http://wals.info/languoid/lect/wals_code_nbd,104A,104,A and P do not or do not both occur on the verb,Armbruster-1960[195-7],
104A-wrd,http://wals.info/languoid/lect/wals_code_wrd,104A,104,A and P are fused,"Merlan-1994[125, 126]",
104A-hai,http://wals.info/languoid/lect/wals_code_hai,104A,104,A and P do not or do not both occur on the verb,Swanton-1911b[218-256],
104A-kmu,http://wals.info/languoid/lect/wals_code_kmu,104A,104,A and P do not or do not both occur on the verb,Premsrirat-1987[39-45],
104A-usa,http://wals.info/languoid/lect/wals_code_usa,104A,104,P precedes A,"Reesink-1987[83-87, 94]",
104A-pai,http://wals.info/languoid/lect/wals_code_pai,104A,104,A and P do not or do not both occur on the verb,Egli-1990[60],
104A-ung,http://wals.info/languoid/lect/wals_code_ung,104A,104,P precedes A,Rumsey-1982[75],
104A-bej,http://wals.info/languoid/lect/wals_code_bej,104A,104,A precedes P,"Hudson-1976b[115, 120]",
104A-dre,http://wals.info/languoid/lect/wals_code_dre,104A,104,A and P do not or do not both occur on the verb,Tryon-1967a[37],
104A-gar,http://wals.info/languoid/lect/wals_code_gar,104A,104,A and P do not or do not both occur on the verb,"Burling-1961[10, 25]",
104A-pms,http://wals.info/languoid/lect/wals_code_pms,104A,104,A precedes P,Crowley-1982[129],
104A-mss,http://wals.info/languoid/lect/wals_code_mss,104A,104,Both orders of A and P occur,Broadbent-1964[44],
104A-sml,http://wals.info/languoid/lect/wals_code_sml,104A,104,A and P do not or do not both occur on the verb,"Kruspe-2004[253-254, 410]",
104A-yur,http://wals.info/languoid/lect/wals_code_yur,104A,104,A and P are fused,Robins-1958[70-71],
104A-dag,http://wals.info/languoid/lect/wals_code_dag,104A,104,P precedes A,Murane-1974[44],
104A-otm,http://wals.info/languoid/lect/wals_code_otm,104A,104,A precedes P,"Hess-1968[33-41, 41]",
104A-igb,http://wals.info/languoid/lect/wals_code_igb,104A,104,A and P do not or do not both occur on the verb,Carrell-1970[4],
104A-nez,http://wals.info/languoid/lect/wals_code_nez,104A,104,A precedes P,Rude-1982[466],
104A-brh,http://wals.info/languoid/lect/wals_code_brh,104A,104,A and P do not or do not both occur on the verb,Andronov-1980[57-77],
104A-cah,http://wals.info/languoid/lect/wals_code_cah,104A,104,P precedes A,Seiler-1977[126],
104A-cle,http://wals.info/languoid/lect/wals_code_cle,104A,104,A and P do not or do not both occur on the verb,"Rupp-1989[6-7, 21, 21]",
104A-knm,http://wals.info/languoid/lect/wals_code_knm,104A,104,A and P are fused,Bender-1996[19-21],
104A-nav,http://wals.info/languoid/lect/wals_code_nav,104A,104,P precedes A,Young-and-Morgan-1987[39],
104A-zqc,http://wals.info/languoid/lect/wals_code_zqc,104A,104,A and P are fused,Harrison-et-al-1981[425-30],
104A-bkr,http://wals.info/languoid/lect/wals_code_bkr,104A,104,A and P do not or do not both occur on the verb,Woollams-1996[108],
104A-cmn,http://wals.info/languoid/lect/wals_code_cmn,104A,104,P precedes A,Wistrand-Robinson-and-Armagost-1990[250],
104A-iri,http://wals.info/languoid/lect/wals_code_iri,104A,104,A and P do not or do not both occur on the verb,MacEoin-1993[127],
104A-nko,http://wals.info/languoid/lect/wals_code_nko,104A,104,A precedes P,Taylor-1985[170],
104A-squ,http://wals.info/languoid/lect/wals_code_squ,104A,104,P precedes A,Kuipers-1967[84],
104A-tru,http://wals.info/languoid/lect/wals_code_tru,104A,104,A and P do not or do not both occur on the verb,"Guirardello-1999a[87, 98]",
104A-dni,http://wals.info/languoid/lect/wals_code_dni,104A,104,P precedes A,"Bromley-1981[27, 191-2, 26]",
104A-nen,http://wals.info/languoid/lect/wals_code_nen,104A,104,A and P do not or do not both occur on the verb,"Collinder-1957[354, 534]",
104A-urk,http://wals.info/languoid/lect/wals_code_urk,104A,104,A and P do not or do not both occur on the verb,Kakumasu-1986[392],
104A-coo,http://wals.info/languoid/lect/wals_code_coo,104A,104,A and P are fused,Frachtenberg-1922a[351],
104A-cre,http://wals.info/languoid/lect/wals_code_cre,104A,104,P precedes A,Wolfart-1973[16],
104A-nht,http://wals.info/languoid/lect/wals_code_nht,104A,104,A precedes P,Tuggy-1979[93],
104A-yim,http://wals.info/languoid/lect/wals_code_yim,104A,104,Both orders of A and P occur,Foley-1991[200],
104A-ika,http://wals.info/languoid/lect/wals_code_ika,104A,104,A precedes P,Frank-1990[50-52],
104A-kse,http://wals.info/languoid/lect/wals_code_kse,104A,104,A and P do not or do not both occur on the verb,Heath-1999a[157-63],
104A-mun,http://wals.info/languoid/lect/wals_code_mun,104A,104,P precedes A,Cook-1965[168],
104A-yid,http://wals.info/languoid/lect/wals_code_yid,104A,104,A and P do not or do not both occur on the verb,Dixon-1977a[204],
104A-krk,http://wals.info/languoid/lect/wals_code_krk,104A,104,A and P are fused,Mithun-1999[184],
104A-brs,http://wals.info/languoid/lect/wals_code_brs,104A,104,A and P do not or do not both occur on the verb,Jones-and-Jones-1991[73-4],
104A-tab,http://wals.info/languoid/lect/wals_code_tab,104A,104,A and P do not or do not both occur on the verb,Bowden-1997a[216],
104A-aco,http://wals.info/languoid/lect/wals_code_aco,104A,104,A and P are fused,Miller-1965[100],
104A-pau,http://wals.info/languoid/lect/wals_code_pau,104A,104,A and P do not or do not both occur on the verb,Chapman-and-Derbyshire-1991[287],
104A-arp,http://wals.info/languoid/lect/wals_code_arp,104A,104,A precedes P,Conrad-and-Wogiga-1991[25],
104A-ond,http://wals.info/languoid/lect/wals_code_ond,104A,104,A precedes P,Lounsbury-1953[59],
104A-asm,http://wals.info/languoid/lect/wals_code_asm,104A,104,P precedes A,Voorhoeve-1965[85],
104A-ewe,http://wals.info/languoid/lect/wals_code_ewe,104A,104,A precedes P,Westermann-1907[68],
104A-grb,http://wals.info/languoid/lect/wals_code_grb,104A,104,A and P do not or do not both occur on the verb,Innes-1966[54-80],
104A-hmo,http://wals.info/languoid/lect/wals_code_hmo,104A,104,A and P do not or do not both occur on the verb,Harriehausen-1990[143-150],
104A-khs,http://wals.info/languoid/lect/wals_code_khs,104A,104,A and P do not or do not both occur on the verb,"Rabel-1961[58, 66]",
104A-khm,http://wals.info/languoid/lect/wals_code_khm,104A,104,A and P do not or do not both occur on the verb,"Jacob-1968[66-8, 74]",
104A-kio,http://wals.info/languoid/lect/wals_code_kio,104A,104,A and P do not or do not both occur on the verb,Watkins-1984[115],
104A-wic,http://wals.info/languoid/lect/wals_code_wic,104A,104,A precedes P,"Rood-1976[19, 184-88]",
104A-juh,http://wals.info/languoid/lect/wals_code_juh,104A,104,A and P do not or do not both occur on the verb,Snyman-1970[124],
104A-klv,http://wals.info/languoid/lect/wals_code_klv,104A,104,A precedes P,"Senft-1986[31, 36]",
104A-nug,http://wals.info/languoid/lect/wals_code_nug,104A,104,A and P are fused,"Heath-1984[362, 374]",
104A-irq,http://wals.info/languoid/lect/wals_code_irq,104A,104,A and P do not or do not both occur on the verb,Nordbustad-1988[52],
104A-kew,http://wals.info/languoid/lect/wals_code_kew,104A,104,A and P do not or do not both occur on the verb,"Franklin-1971[39, 58, 39]",
104A-snm,http://wals.info/languoid/lect/wals_code_snm,104A,104,A and P do not or do not both occur on the verb,Borgman-1990[197],
104A-shk,http://wals.info/languoid/lect/wals_code_shk,104A,104,A and P do not or do not both occur on the verb,Valenzuela-1997[15],
104A-epe,http://wals.info/languoid/lect/wals_code_epe,104A,104,A and P do not or do not both occur on the verb,Harms-1994[9],
104A-ket,http://wals.info/languoid/lect/wals_code_ket,104A,104,A precedes P,Werner-1997a[183-202],
104A-koa,http://wals.info/languoid/lect/wals_code_koa,104A,104,P precedes A,Kimball-1991[113],
104A-luv,http://wals.info/languoid/lect/wals_code_luv,104A,104,A precedes P,Horton-1949[115-16],
104A-san,http://wals.info/languoid/lect/wals_code_san,104A,104,A and P do not or do not both occur on the verb,Samarin-1967b[140],
104A-bag,http://wals.info/languoid/lect/wals_code_bag,104A,104,A precedes P,"Stevenson-1969[36-38, 33]",
104A-hzb,http://wals.info/languoid/lect/wals_code_hzb,104A,104,A and P do not or do not both occur on the verb,"van-den-Berg-1995[17, 83, 87]",
104A-ing,http://wals.info/languoid/lect/wals_code_ing,104A,104,A and P do not or do not both occur on the verb,Nichols-1994b[103],
104A-mau,http://wals.info/languoid/lect/wals_code_mau,104A,104,Both orders of A and P occur,Capell-and-Hinch-1970[76],
104A-kfe,http://wals.info/languoid/lect/wals_code_kfe,104A,104,A precedes P,"Rennison-1997[284, 312]",
104A-qim,http://wals.info/languoid/lect/wals_code_qim,104A,104,P precedes A,"Cole-1982[129, 159]",
104A-ram,http://wals.info/languoid/lect/wals_code_ram,104A,104,A and P do not or do not both occur on the verb,Grinevald-nd[34<ch.3>],
104A-wch,http://wals.info/languoid/lect/wals_code_wch,104A,104,A precedes P,Tovar-1981[21],
104A-yag,http://wals.info/languoid/lect/wals_code_yag,104A,104,A precedes P,"Payne-1990a[28, 29]",
104A-niv,http://wals.info/languoid/lect/wals_code_niv,104A,104,A and P do not or do not both occur on the verb,Gruzdeva-1998[34],
104A-apu,http://wals.info/languoid/lect/wals_code_apu,104A,104,A precedes P,Facundes-2000[352],
104A-bma,http://wals.info/languoid/lect/wals_code_bma,104A,104,A precedes P,"Penchoen-1973b[25, 56]",
104A-wra,http://wals.info/languoid/lect/wals_code_wra,104A,104,A and P do not or do not both occur on the verb,"Romero-Figueroa-1997[65-67, 93]",
104A-imo,http://wals.info/languoid/lect/wals_code_imo,104A,104,A and P do not or do not both occur on the verb,"Seiler-1985[77, 138]",
104A-awp,http://wals.info/languoid/lect/wals_code_awp,104A,104,A and P do not or do not both occur on the verb,"Curnow-1997[193, 200]",
104A-kob,http://wals.info/languoid/lect/wals_code_kob,104A,104,A and P do not or do not both occur on the verb,Davies-1981b[166-168],
104A-lat,http://wals.info/languoid/lect/wals_code_lat,104A,104,A and P do not or do not both occur on the verb,Nau-1998[29],
104A-mar,http://wals.info/languoid/lect/wals_code_mar,104A,104,A and P are fused,Gordon-1986[20],
104A-ala,http://wals.info/languoid/lect/wals_code_ala,104A,104,A precedes P,Bruce-1984[149],
104A-goo,http://wals.info/languoid/lect/wals_code_goo,104A,104,A and P are fused,McGregor-1990[203-15],
104A-kut,http://wals.info/languoid/lect/wals_code_kut,104A,104,A precedes P,Garvin-1948c[180],
104A-mxc,http://wals.info/languoid/lect/wals_code_mxc,104A,104,A and P do not or do not both occur on the verb,Macaulay-1996[139],
104A-lav,http://wals.info/languoid/lect/wals_code_lav,104A,104,P precedes A,Terrill-1999[225],
104A-rap,http://wals.info/languoid/lect/wals_code_rap,104A,104,A and P do not or do not both occur on the verb,"Du-Feu-1996[111, 150-168]",
104A-ain,http://wals.info/languoid/lect/wals_code_ain,104A,104,A precedes P,Shibatani-1990[29],
104A-jak,http://wals.info/languoid/lect/wals_code_jak,104A,104,P precedes A,"Craig-1977[109, 106]",
104A-lkt,http://wals.info/languoid/lect/wals_code_lkt,104A,104,Both orders of A and P occur,Buechel-1939[40],
104A-mrt,http://wals.info/languoid/lect/wals_code_mrt,104A,104,A and P do not or do not both occur on the verb,Dench-1995[136-140],
104A-prh,http://wals.info/languoid/lect/wals_code_prh,104A,104,A precedes P,"Everett-1986[281, 297]",
104A-war,http://wals.info/languoid/lect/wals_code_war,104A,104,A precedes P,Everett-and-Kern-1997[334],
104A-gua,http://wals.info/languoid/lect/wals_code_gua,104A,104,A and P are fused,Gregores-and-Suarez-1967[151],
104A-kho,http://wals.info/languoid/lect/wals_code_kho,104A,104,A and P do not or do not both occur on the verb,"Hagman-1977[154, 204]",
104A-mei,http://wals.info/languoid/lect/wals_code_mei,104A,104,A and P do not or do not both occur on the verb,Bhat-and-Ningomba-1997[219],
104A-ngi,http://wals.info/languoid/lect/wals_code_ngi,104A,104,Both orders of A and P occur,"Donaldson-1980[124-29, 131]",
104A-brm,http://wals.info/languoid/lect/wals_code_brm,104A,104,A and P do not or do not both occur on the verb,Okell-1969[169-172],
104A-kro,http://wals.info/languoid/lect/wals_code_kro,104A,104,A and P do not or do not both occur on the verb,Reh-1985[167],
104A-myi,http://wals.info/languoid/lect/wals_code_myi,104A,104,Both orders of A and P occur,Merlan-1982[161-63],
104A-tiw,http://wals.info/languoid/lect/wals_code_tiw,104A,104,Both orders of A and P occur,Osborne-1974[37],
104A-knr,http://wals.info/languoid/lect/wals_code_knr,104A,104,Both orders of A and P occur,Hutchison-1976[92-7],
104A-kay,http://wals.info/languoid/lect/wals_code_kay,104A,104,A and P do not or do not both occur on the verb,Evans-1995[201],
104A-map,http://wals.info/languoid/lect/wals_code_map,104A,104,A precedes P,Smeets-1989[190-94],
104A-yor,http://wals.info/languoid/lect/wals_code_yor,104A,104,A and P do not or do not both occur on the verb,Bamgbose-1966[67-69],
104A-yko,http://wals.info/languoid/lect/wals_code_yko,104A,104,A and P do not or do not both occur on the verb,Maslova-1999[171],
104A-may,http://wals.info/languoid/lect/wals_code_may,104A,104,A and P do not or do not both occur on the verb,Dol-1999[68],
104A-tuk,http://wals.info/languoid/lect/wals_code_tuk,104A,104,A precedes P,Donohue-1999a[113],
104A-bur,http://wals.info/languoid/lect/wals_code_bur,104A,104,P precedes A,"Tiffou-and-Pesot-1989[39, 42]",
104A-cha,http://wals.info/languoid/lect/wals_code_cha,104A,104,A and P do not or do not both occur on the verb,"Topping-1973[106, 107]",
104A-chk,http://wals.info/languoid/lect/wals_code_chk,104A,104,A precedes P,"Dunn-1999[180, 180-184]",
104A-fij,http://wals.info/languoid/lect/wals_code_fij,104A,104,A precedes P,Dixon-1988[54-5],
104A-heb,http://wals.info/languoid/lect/wals_code_heb,104A,104,A and P do not or do not both occur on the verb,Glinert-1989[468],
104A-lan,http://wals.info/languoid/lect/wals_code_lan,104A,104,A precedes P,"Noonan-1992[91, 96]",
104A-orh,http://wals.info/languoid/lect/wals_code_orh,104A,104,A and P do not or do not both occur on the verb,"Owens-1985[67, 66]",
104A-tha,http://wals.info/languoid/lect/wals_code_tha,104A,104,A and P do not or do not both occur on the verb,Noss-1964[123],
104A-yaq,http://wals.info/languoid/lect/wals_code_yaq,104A,104,A and P do not or do not both occur on the verb,Lindenfeld-1973[21],
104A-zul,http://wals.info/languoid/lect/wals_code_zul,104A,104,A precedes P,Ziervogel-et-al-1967[22],
104A-sla,http://wals.info/languoid/lect/wals_code_sla,104A,104,P precedes A,Rice-1989[1005],
104A-aeg,http://wals.info/languoid/lect/wals_code_aeg,104A,104,A precedes P,Gary-and-Gamal-Eldin-1982[100-01],
104A-grw,http://wals.info/languoid/lect/wals_code_grw,104A,104,A precedes P,Fortescue-1984[289],
104A-hix,http://wals.info/languoid/lect/wals_code_hix,104A,104,A precedes P,Derbyshire-1979[146],
104A-swa,http://wals.info/languoid/lect/wals_code_swa,104A,104,A precedes P,Ashton-1947[42],
104A-vie,http://wals.info/languoid/lect/wals_code_vie,104A,104,A and P do not or do not both occur on the verb,Thompson-1965[217-220],
104A-hin,http://wals.info/languoid/lect/wals_code_hin,104A,104,A and P do not or do not both occur on the verb,McGregor-1977[16],
104A-ckr,http://wals.info/languoid/lect/wals_code_ckr,104A,104,A and P do not or do not both occur on the verb,Popjes-and-Popjes-1986[175],
104A-tag,http://wals.info/languoid/lect/wals_code_tag,104A,104,A and P do not or do not both occur on the verb,Schachter-and-Otanes-1972[283],
104A-geo,http://wals.info/languoid/lect/wals_code_geo,104A,104,P precedes A,Hewitt-1995[128],
104A-knd,http://wals.info/languoid/lect/wals_code_knd,104A,104,A and P do not or do not both occur on the verb,Sridhar-1990[221],
104A-kha,http://wals.info/languoid/lect/wals_code_kha,104A,104,A and P do not or do not both occur on the verb,Poppe-1970[156],
104A-mal,http://wals.info/languoid/lect/wals_code_mal,104A,104,A and P do not or do not both occur on the verb,Domenichini-Ramiaramanana-1977[88-9],
104A-sup,http://wals.info/languoid/lect/wals_code_sup,104A,104,A and P do not or do not both occur on the verb,Carlson-1994[127],
104A-hau,http://wals.info/languoid/lect/wals_code_hau,104A,104,A and P do not or do not both occur on the verb,Robinson-1942[485],
104A-mao,http://wals.info/languoid/lect/wals_code_mao,104A,104,A and P do not or do not both occur on the verb,Bauer-1993[470],
104A-bsq,http://wals.info/languoid/lect/wals_code_bsq,104A,104,P precedes A,"Saltarelli-et-al-1988[240, 238]",
104A-abk,http://wals.info/languoid/lect/wals_code_abk,104A,104,P precedes A,Hewitt-1979[103],
104A-eve,http://wals.info/languoid/lect/wals_code_eve,104A,104,A and P do not or do not both occur on the verb,Nedjalkov-1997[259-65],
104A-kor,http://wals.info/languoid/lect/wals_code_kor,104A,104,A and P do not or do not both occur on the verb,Sohn-1994[358],
104A-prs,http://wals.info/languoid/lect/wals_code_prs,104A,104,A precedes P,Mahootian-1997[254],
104A-ame,http://wals.info/languoid/lect/wals_code_ame,104A,104,P precedes A,Roberts-1987[279],
104A-ger,http://wals.info/languoid/lect/wals_code_ger,104A,104,A and P do not or do not both occur on the verb,"Borgert-and-Nyhan-1975[367, 370]",
104A-grk,http://wals.info/languoid/lect/wals_code_grk,104A,104,P precedes A,"Mackridge-1985[172-182, 145]",
104A-lez,http://wals.info/languoid/lect/wals_code_lez,104A,104,A and P do not or do not both occur on the verb,Haspelmath-1993[4],
104A-jpn,http://wals.info/languoid/lect/wals_code_jpn,104A,104,A and P do not or do not both occur on the verb,Hinds-1986[323],
104A-mnd,http://wals.info/languoid/lect/wals_code_mnd,104A,104,A and P do not or do not both occur on the verb,Norman-1988[161-167],
104A-hun,http://wals.info/languoid/lect/wals_code_hun,104A,104,A and P are fused,Kenesei-et-al-1998[321-28],
104A-ind,http://wals.info/languoid/lect/wals_code_ind,104A,104,A and P do not or do not both occur on the verb,Sneddon-1996b[72],
104A-fin,http://wals.info/languoid/lect/wals_code_fin,104A,104,A and P do not or do not both occur on the verb,Sulkala-and-Karjalainen-1992[321],
104A-rus,http://wals.info/languoid/lect/wals_code_rus,104A,104,A and P do not or do not both occur on the verb,Wade-1992[852-3],
104A-spa,http://wals.info/languoid/lect/wals_code_spa,104A,104,P precedes A,"Green-1988[98, 107-109]",
104A-tur,http://wals.info/languoid/lect/wals_code_tur,104A,104,A and P do not or do not both occur on the verb,Lewis-1967[106-132],
104A-fre,http://wals.info/languoid/lect/wals_code_fre,104A,104,A and P do not or do not both occur on the verb,Harris-1988[223-4],
104A-eng,http://wals.info/languoid/lect/wals_code_eng,104A,104,A and P do not or do not both occur on the verb,Quirk-et-al-1972[71-73],
104A-hlu,http://wals.info/languoid/lect/wals_code_hlu,104A,104,P precedes A,Galloway-1993[176],
104A-tms,http://wals.info/languoid/lect/wals_code_tms,104A,104,A and P do not or do not both occur on the verb,Plungian-1995[30],
104A-ndy,http://wals.info/languoid/lect/wals_code_ndy,104A,104,A and P do not or do not both occur on the verb,Huttar-and-Huttar-1994[477-489],
