ID,Language_ID,Parameter_ID,Contribution_ID,Value,Source,Comment
3A-cve,http://wals.info/languoid/lect/wals_code_cve,3A,3,Moderately low,Thurman-1970,
3A-nbk,http://wals.info/languoid/lect/wals_code_nbk,3A,3,Average,Wurm-1972b,
3A-ach,http://wals.info/languoid/lect/wals_code_ach,3A,3,Moderately low,Susnik-1974,
3A-aiz,http://wals.info/languoid/lect/wals_code_aiz,3A,3,Moderately low,Herault-1971,
3A-brb,http://wals.info/languoid/lect/wals_code_brb,3A,3,Moderately low,Welmers-1952a,
3A-koh,http://wals.info/languoid/lect/wals_code_koh,3A,3,Average,Cook-1969b,
3A-mrn,http://wals.info/languoid/lect/wals_code_mrn,3A,3,Average,McKaughan-1958;McKaughan-and-Macaraya-1967,
3A-mxm,http://wals.info/languoid/lect/wals_code_mxm,3A,3,Average,Hunter-and-Pike-1969,
3A-sab,http://wals.info/languoid/lect/wals_code_sab,3A,3,Moderately low,Clayre-1973,
3A-tks,http://wals.info/languoid/lect/wals_code_tks,3A,3,Average,Paulian-1975,
3A-wdo,http://wals.info/languoid/lect/wals_code_wdo,3A,3,Moderately high,Douglas-1955;Douglas-1964,
3A-wuc,http://wals.info/languoid/lect/wals_code_wuc,3A,3,Average,Chao-1970,
3A-ald,http://wals.info/languoid/lect/wals_code_ald,3A,3,Average,Dumestre-and-Duponchel-1971;Duponchel-1971,
3A-bki,http://wals.info/languoid/lect/wals_code_bki,3A,3,Moderately low,Wheatley-1969;Wheatley-1973,
3A-brd,http://wals.info/languoid/lect/wals_code_brd,3A,3,Average,Metcalfe-1971,
3A-bee,http://wals.info/languoid/lect/wals_code_bee,3A,3,Average,Jacquot-1962;Jacquot-1981,
3A-bbf,http://wals.info/languoid/lect/wals_code_bbf,3A,3,Average,Morse-1976;Bris-and-Prost-1981,
3A-brw,http://wals.info/languoid/lect/wals_code_brw,3A,3,Low,Thongkum-1979,
3A-cad,http://wals.info/languoid/lect/wals_code_cad,3A,3,High,Chafe-1979;Chafe-1976,
3A-dad,http://wals.info/languoid/lect/wals_code_dad,3A,3,Moderately low,MacDonald-1973,
3A-ddf,http://wals.info/languoid/lect/wals_code_ddf,3A,3,Average,Thelwall-1981;Tucker-and-Bryan-1966,
3A-dnw,http://wals.info/languoid/lect/wals_code_dnw,3A,3,Average,Fedry-1977,
3A-dar,http://wals.info/languoid/lect/wals_code_dar,3A,3,Moderately high,Kotapish-and-Kotapish-1973;Kotapish-and-Kotapish-1975,
3A-det,http://wals.info/languoid/lect/wals_code_det,3A,3,High,Vossen-1997,
3A-dts,http://wals.info/languoid/lect/wals_code_dts,3A,3,Moderately low,Bendor-Samuel-et-al-1989;Plungian-1995,
3A-fuz,http://wals.info/languoid/lect/wals_code_fuz,3A,3,Moderately low,Chan-1985;Chen-and-Norman-1965;Hanyu-1960;Norman-1988,
3A-gla,http://wals.info/languoid/lect/wals_code_gla,3A,3,Average,He-1981;He-1983,
3A-had,http://wals.info/languoid/lect/wals_code_had,3A,3,High,Sands-et-al-1996;Tucker-et-al-1977,
3A-hba,http://wals.info/languoid/lect/wals_code_hba,3A,3,Average,Bolozky-1978;Bolozky-1997,
3A-ird,http://wals.info/languoid/lect/wals_code_ird,3A,3,Moderately high,Ni-Chasaide-1999;O-Dochartaigh-1992,
3A-iso,http://wals.info/languoid/lect/wals_code_iso,3A,3,Average,Donwa-1982,
3A-ivs,http://wals.info/languoid/lect/wals_code_ivs,3A,3,Moderately high,Cottle-and-Cottle-1958;Heye-and-Hidalgo-1967;Hidalgo-and-Hidalgo-1971,
3A-jpr,http://wals.info/languoid/lect/wals_code_jpr,3A,3,Low,Durbin-and-Seijas-1972,
3A-jom,http://wals.info/languoid/lect/wals_code_jom,3A,3,Low,Schadeberg-1981a,
3A-kzh,http://wals.info/languoid/lect/wals_code_kzh,3A,3,Average,Zheng-and-Quan-1988,
3A-ked,http://wals.info/languoid/lect/wals_code_ked,3A,3,Moderately low,Korner-1985;Samely-1991,
3A-kss,http://wals.info/languoid/lect/wals_code_kss,3A,3,Moderately low,Childs-1995,
3A-kpa,http://wals.info/languoid/lect/wals_code_kpa,3A,3,Moderately high,Shimizu-1971,
3A-lkk,http://wals.info/languoid/lect/wals_code_lkk,3A,3,Moderately high,Haudricourt-1967;Solnit-1988,
3A-lam,http://wals.info/languoid/lect/wals_code_lam,3A,3,Moderately high,Sachnine-1982,
3A-lua,http://wals.info/languoid/lect/wals_code_lua,3A,3,Average,Boyeldieu-1985,
3A-mya,http://wals.info/languoid/lect/wals_code_mya,3A,3,Average,van-der-Leeden-1993;Remijsen-2001,
3A-nkt,http://wals.info/languoid/lect/wals_code_nkt,3A,3,Average,Diffloth-1984;Thongkum-1984;Thongkum-1982,
3A-nyg,http://wals.info/languoid/lect/wals_code_nyg,3A,3,Low,Heine-1975a,
3A-ogb,http://wals.info/languoid/lect/wals_code_ogb,3A,3,Moderately low,Williamson-1972;Williamson-1970,
3A-puk,http://wals.info/languoid/lect/wals_code_puk,3A,3,Average,Qiu-et-al-1980;Diffloth-1980;Maddieson-and-Ladefoged-1985,
3A-phl,http://wals.info/languoid/lect/wals_code_phl,3A,3,Average,Cooke-et-al-1976,
3A-poa,http://wals.info/languoid/lect/wals_code_poa,3A,3,Low,,
3A-rsc,http://wals.info/languoid/lect/wals_code_rsc,3A,3,Moderately high,Soler-and-Ebneter-1988,
3A-rtk,http://wals.info/languoid/lect/wals_code_rtk,3A,3,Low,Firchow-et-al-1973;Firchow-and-Firchow-1969,
3A-scs,http://wals.info/languoid/lect/wals_code_scs,3A,3,High,Kert-1971;Hasselbrink-1965,
3A-svs,http://wals.info/languoid/lect/wals_code_svs,3A,3,Average,Todd-1975,
3A-sui,http://wals.info/languoid/lect/wals_code_sui,3A,3,High,Li-1948,
3A-tmp,http://wals.info/languoid/lect/wals_code_tmp,3A,3,Moderately low,Bergman-et-al-1969,
3A-tok,http://wals.info/languoid/lect/wals_code_tok,3A,3,Average,Robinson-1976,
3A-tza,http://wals.info/languoid/lect/wals_code_tza,3A,3,Moderately high,Kaufman-1971,
3A-umb,http://wals.info/languoid/lect/wals_code_umb,3A,3,Average,Schadeberg-1990;Schadeberg-1982,
3A-wnt,http://wals.info/languoid/lect/wals_code_wnt,3A,3,Moderately low,Davis-1969,
3A-wps,http://wals.info/languoid/lect/wals_code_wps,3A,3,Average,Tracy-1972,
3A-xia,http://wals.info/languoid/lect/wals_code_xia,3A,3,Average,Hanyu-1960;Ramsey-1987;Norman-1988,
3A-aik,http://wals.info/languoid/lect/wals_code_aik,3A,3,Average,Hanke-1956;Aikhenvald-and-Dixon-1999[362-363],
3A-akw,http://wals.info/languoid/lect/wals_code_akw,3A,3,Low,Edwards-1978,
3A-aea,http://wals.info/languoid/lect/wals_code_aea,3A,3,High,Cho-et-al-1997;Jacobson-1944;Menovshchikov-1968;Rozelle-1997;Bergsland-1994;Bergsland-1956;Bergsland-1959,
3A-chu,http://wals.info/languoid/lect/wals_code_chu,3A,3,Moderately high,Stell-1972,
3A-fef,http://wals.info/languoid/lect/wals_code_fef,3A,3,Moderately low,Hyman-1972,
3A-kef,http://wals.info/languoid/lect/wals_code_kef,3A,3,Average,Fleming-1976,
3A-ktk,http://wals.info/languoid/lect/wals_code_ktk,3A,3,Average,Bouny-1977,
3A-lu,http://wals.info/languoid/lect/wals_code_lu,3A,3,Moderately low,Li-1964;Morev-1978,
3A-nap,http://wals.info/languoid/lect/wals_code_nap,3A,3,Moderately high,Garbell-1965,
3A-orm,http://wals.info/languoid/lect/wals_code_orm,3A,3,Average,Efimov-1986,
3A-snd,http://wals.info/languoid/lect/wals_code_snd,3A,3,Average,Welmers-1950,
3A-wrs,http://wals.info/languoid/lect/wals_code_wrs,3A,3,Low,Brown-1988b,
3A-byu,http://wals.info/languoid/lect/wals_code_byu,3A,3,Average,Cunningham-1969,
3A-bno,http://wals.info/languoid/lect/wals_code_bno,3A,3,Low,Stolte-and-Stolte-1971,
3A-bis,http://wals.info/languoid/lect/wals_code_bis,3A,3,Average,Naden-1973,
3A-cac,http://wals.info/languoid/lect/wals_code_cac,3A,3,Moderately low,Cathcart-1979;Anderton-1989,
3A-iwm,http://wals.info/languoid/lect/wals_code_iwm,3A,3,Low,Laycock-1965b,
3A-jeh,http://wals.info/languoid/lect/wals_code_jeh,3A,3,Average,Gradin-1966;Gradin-and-Gradin-1979;Cohen-1966,
3A-kek,http://wals.info/languoid/lect/wals_code_kek,3A,3,Average,Freeze-1975;Haeseriju-1966,
3A-kul,http://wals.info/languoid/lect/wals_code_kul,3A,3,Moderately high,Allan-1976a,
3A-max,http://wals.info/languoid/lect/wals_code_max,3A,3,Low,Gudschinsky-et-al-1970,
3A-mtp,http://wals.info/languoid/lect/wals_code_mtp,3A,3,Low,Crawford-1963;Schoenhals-and-Schoenhals-1965,
3A-toa,http://wals.info/languoid/lect/wals_code_toa,3A,3,Low,Brown-1973,
3A-yey,http://wals.info/languoid/lect/wals_code_yey,3A,3,High,Gowlett-1997,
3A-agh,http://wals.info/languoid/lect/wals_code_agh,3A,3,Moderately low,Hyman-1979,
3A-aht,http://wals.info/languoid/lect/wals_code_aht,3A,3,Moderately high,Kari-1990,
3A-eya,http://wals.info/languoid/lect/wals_code_eya,3A,3,High,Krauss-1965,
3A-kly,http://wals.info/languoid/lect/wals_code_kly,3A,3,Average,Kennedy-1981;Wurm-1972a,
3A-kot,http://wals.info/languoid/lect/wals_code_kot,3A,3,Moderately high,Emeneau-1944,
3A-lus,http://wals.info/languoid/lect/wals_code_lus,3A,3,High,Bates-et-al-1994,
3A-nob,http://wals.info/languoid/lect/wals_code_nob,3A,3,Average,Werner-1987;Bell-1971;Bell-1968,
3A-pac,http://wals.info/languoid/lect/wals_code_pac,3A,3,Low,Watson-1964,
3A-qco,http://wals.info/languoid/lect/wals_code_qco,3A,3,Moderately high,Lastra-1968,
3A-ror,http://wals.info/languoid/lect/wals_code_ror,3A,3,Low,Davis-1974;Bluhme-1970,
3A-soq,http://wals.info/languoid/lect/wals_code_soq,3A,3,Moderately high,Johnstone-1975;Leslau-1938,
3A-ant,http://wals.info/languoid/lect/wals_code_ant,3A,3,Low,Huisman-1973;Huisman-and-Lloyd-1981;Huisman-et-al-1981,
3A-bng,http://wals.info/languoid/lect/wals_code_bng,3A,3,Average,Parker-and-Parker-1974,
3A-cck,http://wals.info/languoid/lect/wals_code_cck,3A,3,Moderately high,Gordon-et-al-2000;Munro-et-al-2002,
3A-cof,http://wals.info/languoid/lect/wals_code_cof,3A,3,Moderately high,Borman-1962,
3A-dah,http://wals.info/languoid/lect/wals_code_dah,3A,3,High,Maddieson-et-al-1993;Nurse-1986;Tucker-et-al-1977,
3A-eja,http://wals.info/languoid/lect/wals_code_eja,3A,3,Average,Watters-1981,
3A-ghb,http://wals.info/languoid/lect/wals_code_ghb,3A,3,Average,Kondo-and-Kondo-1967,
3A-kal,http://wals.info/languoid/lect/wals_code_kal,3A,3,Moderately high,Baart-1997,
3A-kkn,http://wals.info/languoid/lect/wals_code_kkn,3A,3,Moderately low,Gajendragadkar-1970;Madtha-1984;Major-1979,
3A-kur,http://wals.info/languoid/lect/wals_code_kur,3A,3,Average,Pfeiffer-1972;Pinnow-1964,
3A-sha,http://wals.info/languoid/lect/wals_code_sha,3A,3,Average,Chao-1951;Cheng-1973b;Chan-1980,
3A-tsg,http://wals.info/languoid/lect/wals_code_tsg,3A,3,Moderately high,Ashley-1963,
3A-try,http://wals.info/languoid/lect/wals_code_try,3A,3,Moderately low,Schlegel-1971;Post-1966,
3A-uzn,http://wals.info/languoid/lect/wals_code_uzn,3A,3,Average,Sjoberg-1963;Sjoberg-1962,
3A-adz,http://wals.info/languoid/lect/wals_code_adz,3A,3,Moderately high,Holzknecht-1973,
3A-amz,http://wals.info/languoid/lect/wals_code_amz,3A,3,Average,Bauernschmidt-1965;Longacre-1966,
3A-cil,http://wals.info/languoid/lect/wals_code_cil,3A,3,Average,de-Schryver-1999,
3A-gmb,http://wals.info/languoid/lect/wals_code_gmb,3A,3,Average,Branks-and-Branks-1973;Caudmont-1954,
3A-maz,http://wals.info/languoid/lect/wals_code_maz,3A,3,High,Spotts-1953,
3A-nax,http://wals.info/languoid/lect/wals_code_nax,3A,3,Average,Jiang-1985;Jiang-1980;Bradley-1975,
3A-pnr,http://wals.info/languoid/lect/wals_code_pnr,3A,3,Low,Cauty-1978;Payne-1990b;Cauty-1974b;Cauty-1974a,
3A-sdh,http://wals.info/languoid/lect/wals_code_sdh,3A,3,Moderately high,Nihalani-1999,
3A-tpa,http://wals.info/languoid/lect/wals_code_tpa,3A,3,Moderately high,Aschmann-1946,
3A-bet,http://wals.info/languoid/lect/wals_code_bet,3A,3,Low,Werle-and-Gbalehi-1976,
3A-mov,http://wals.info/languoid/lect/wals_code_mov,3A,3,Average,Judy-and-Judy-1962b;Aikhenvald-and-Dixon-1999,
3A-nim,http://wals.info/languoid/lect/wals_code_nim,3A,3,Low,Anceaux-1965,
3A-teh,http://wals.info/languoid/lect/wals_code_teh,3A,3,High,Fernandez-Garay-1998,
3A-yan,http://wals.info/languoid/lect/wals_code_yan,3A,3,Average,Sapir-and-Swadesh-1960,
3A-yaw,http://wals.info/languoid/lect/wals_code_yaw,3A,3,Average,Jones-1986b,
3A-khr,http://wals.info/languoid/lect/wals_code_khr,3A,3,Moderately high,Biligiri-1965;Pinnow-1959,
3A-mla,http://wals.info/languoid/lect/wals_code_mla,3A,3,Moderately low,Connell-2000;Perrin-and-Hill-1969,
3A-mbb,http://wals.info/languoid/lect/wals_code_mbb,3A,3,Moderately high,Dixon-1966a;Dixon-1966b,
3A-arb,http://wals.info/languoid/lect/wals_code_arb,3A,3,Moderately low,Rich-1963,
3A-awn,http://wals.info/languoid/lect/wals_code_awn,3A,3,Average,Hetzron-1969;Hetzron-1976,
3A-chl,http://wals.info/languoid/lect/wals_code_chl,3A,3,High,Kinkade-1963,
3A-kla,http://wals.info/languoid/lect/wals_code_kla,3A,3,Low,Singler-1979,
3A-kun,http://wals.info/languoid/lect/wals_code_kun,3A,3,Moderately low,Baptista-and-Wallin-1974;Sherzer-1983,
3A-oca,http://wals.info/languoid/lect/wals_code_oca,3A,3,Moderately high,Agnew-and-Pike-1957;Aschmann-1993,
3A-sba,http://wals.info/languoid/lect/wals_code_sba,3A,3,Average,Benaissa-1979,
3A-irx,http://wals.info/languoid/lect/wals_code_irx,3A,3,Average,Meader-1967,
3A-kad,http://wals.info/languoid/lect/wals_code_kad,3A,3,Average,Abdalla-1973;Matsushita-1984,
3A-sor,http://wals.info/languoid/lect/wals_code_sor,3A,3,Average,Ramamurti-1986,
3A-ycn,http://wals.info/languoid/lect/wals_code_ycn,3A,3,Average,Schauer-and-Schauer-1967,
3A-shs,http://wals.info/languoid/lect/wals_code_shs,3A,3,Average,Silver-1966;Silver-1964,
3A-tso,http://wals.info/languoid/lect/wals_code_tso,3A,3,Average,Tung-1964;Wright-and-Ladefoged-1994,
3A-yct,http://wals.info/languoid/lect/wals_code_yct,3A,3,Average,Straight-1976,
3A-der,http://wals.info/languoid/lect/wals_code_der,3A,3,Moderately low,Voorhoeve-1971,
3A-gan,http://wals.info/languoid/lect/wals_code_gan,3A,3,Average,Yadav-nd,
3A-sdw,http://wals.info/languoid/lect/wals_code_sdw,3A,3,High,Maddieson-et-al-1999;Kagaya-1993;Dempwolff-1916;Elderkin-1982;Tucker-et-al-1977,
3A-tug,http://wals.info/languoid/lect/wals_code_tug,3A,3,Average,Louali-Reynal-et-al-1997;Prasse-1972,
3A-abm,http://wals.info/languoid/lect/wals_code_abm,3A,3,Moderately high,Rand-1968,
3A-cam,http://wals.info/languoid/lect/wals_code_cam,3A,3,Average,Howard-1967;Howard-1972;Mongui-Sanchez-1981,
3A-hmr,http://wals.info/languoid/lect/wals_code_hmr,3A,3,Moderately high,Lydall-1976,
3A-seb,http://wals.info/languoid/lect/wals_code_seb,3A,3,Moderately low,Montgomery-1970,
3A-yay,http://wals.info/languoid/lect/wals_code_yay,3A,3,Average,Gedney-1965,
3A-bra,http://wals.info/languoid/lect/wals_code_bra,3A,3,Average,Keller-1976,
3A-hak,http://wals.info/languoid/lect/wals_code_hak,3A,3,Average,Hashimoto-1973,
3A-mui,http://wals.info/languoid/lect/wals_code_mui,3A,3,Average,Aschmann-1993;Walton-and-Walton-1967,
3A-nai,http://wals.info/languoid/lect/wals_code_nai,3A,3,Average,Avrorin-1968,
3A-tma,http://wals.info/languoid/lect/wals_code_tma,3A,3,Moderately low,Tucker-and-Bryan-1966,
3A-tmn,http://wals.info/languoid/lect/wals_code_tmn,3A,3,Moderately low,Tucker-and-Bryan-1966,
3A-yny,http://wals.info/languoid/lect/wals_code_yny,3A,3,High,Huttar-and-Kirton-1981;Kirton-1967;Kirton-and-Charlie-1978,
3A-efi,http://wals.info/languoid/lect/wals_code_efi,3A,3,Low,Cook-1969a,
3A-ga,http://wals.info/languoid/lect/wals_code_ga,3A,3,Average,Berry-nd;Kropp-1987,
3A-ign,http://wals.info/languoid/lect/wals_code_ign,3A,3,Moderately high,Ott-and-Ott-1967a,
3A-mog,http://wals.info/languoid/lect/wals_code_mog,3A,3,Moderately high,Weiers-1971,
3A-mor,http://wals.info/languoid/lect/wals_code_mor,3A,3,Average,Laycock-1978,
3A-woi,http://wals.info/languoid/lect/wals_code_woi,3A,3,Low,Stokhof-1979,
3A-adk,http://wals.info/languoid/lect/wals_code_adk,3A,3,Low,Landaburu-1979,
3A-ful,http://wals.info/languoid/lect/wals_code_ful,3A,3,Average,Lapenda-1968,
3A-ito,http://wals.info/languoid/lect/wals_code_ito,3A,3,Average,Liccardi-and-Grimes-1968,
3A-jav,http://wals.info/languoid/lect/wals_code_jav,3A,3,Moderately low,Fagan-1988;Herrfurth-1964;Horne-1961;Uhlenbeck-1963,
3A-koi,http://wals.info/languoid/lect/wals_code_koi,3A,3,Moderately low,Dutton-1996;Dutton-1969,
3A-mzc,http://wals.info/languoid/lect/wals_code_mzc,3A,3,Average,Jamieson-1976b;Jamieson-1976a,
3A-mba,http://wals.info/languoid/lect/wals_code_mba,3A,3,Average,Pasch-1986,
3A-nnc,http://wals.info/languoid/lect/wals_code_nnc,3A,3,Moderately low,Radhakrishnan-1981;Das-1977,
3A-amo,http://wals.info/languoid/lect/wals_code_amo,3A,3,Moderately low,Di-Luzio-1972;Anderson-1980,
3A-amu,http://wals.info/languoid/lect/wals_code_amu,3A,3,High,Wise-1958;Fast-1953,
3A-bua,http://wals.info/languoid/lect/wals_code_bua,3A,3,Average,Glasgow-and-Glasgow-1967,
3A-chw,http://wals.info/languoid/lect/wals_code_chw,3A,3,Moderately low,Blood-1967;Edmondson-and-Gregerson-1993,
3A-fas,http://wals.info/languoid/lect/wals_code_fas,3A,3,Moderately low,Loeweke-and-May-1964,
3A-nyi,http://wals.info/languoid/lect/wals_code_nyi,3A,3,Moderately low,Stevenson-1957;Tucker-and-Bryan-1966,
3A-sin,http://wals.info/languoid/lect/wals_code_sin,3A,3,Average,Wheeler-and-Wheeler-1962,
3A-tul,http://wals.info/languoid/lect/wals_code_tul,3A,3,Average,Bhat-1967,
3A-baj,http://wals.info/languoid/lect/wals_code_baj,3A,3,Average,Verheijen-1986,
3A-gds,http://wals.info/languoid/lect/wals_code_gds,3A,3,Average,Frantz-and-Frantz-1966,
3A-igs,http://wals.info/languoid/lect/wals_code_igs,3A,3,Average,Crewe-1975;Tucker-and-Bryan-1966,
3A-kpe,http://wals.info/languoid/lect/wals_code_kpe,3A,3,Average,Hyman-1973;Welmers-1962;Welmers-1973,
3A-tic,http://wals.info/languoid/lect/wals_code_tic,3A,3,Average,Anderson-1962;Anderson-1959,
3A-wry,http://wals.info/languoid/lect/wals_code_wry,3A,3,Average,Harvey-1986,
3A-wmu,http://wals.info/languoid/lect/wals_code_wmu,3A,3,Moderately low,McConnel-1945;Sayers-and-Godfrey-1964,
3A-paw,http://wals.info/languoid/lect/wals_code_paw,3A,3,Moderately low,Trefry-1972;MacDonald-1973,
3A-pec,http://wals.info/languoid/lect/wals_code_pec,3A,3,Average,Holt-1986;Holt-1999b,
3A-twn,http://wals.info/languoid/lect/wals_code_twn,3A,3,Average,Hoijer-and-Dozier-1949;Trager-1971,
3A-kom,http://wals.info/languoid/lect/wals_code_kom,3A,3,Average,Tucker-and-Bryan-1966,
3A-kmp,http://wals.info/languoid/lect/wals_code_kmp,3A,3,Average,Pence-1966,
3A-llm,http://wals.info/languoid/lect/wals_code_llm,3A,3,Average,Hoftmann-1971,
3A-nis,http://wals.info/languoid/lect/wals_code_nis,3A,3,Moderately low,Namkung-1996;Ray-1967,
3A-rut,http://wals.info/languoid/lect/wals_code_rut,3A,3,High,Ibragimov-1978;Dzhejranishvili-1967;Kodzasov-1990b,
3A-yar,http://wals.info/languoid/lect/wals_code_yar,3A,3,Moderately low,Weimer-and-Weimer-1972,
3A-yes,http://wals.info/languoid/lect/wals_code_yes,3A,3,Average,Foreman-and-Marten-1973,
3A-yus,http://wals.info/languoid/lect/wals_code_yus,3A,3,High,Krauss-1975,
3A-cti,http://wals.info/languoid/lect/wals_code_cti,3A,3,Average,Henderson-1965,
3A-xoo,http://wals.info/languoid/lect/wals_code_xoo,3A,3,High,Traill-1985;Traill-1994,
3A-yul,http://wals.info/languoid/lect/wals_code_yul,3A,3,Moderately high,Boyeldieu-1987,
3A-kng,http://wals.info/languoid/lect/wals_code_kng,3A,3,Low,Henry-1935;Wiesemann-1972;Kindell-1972,
3A-ndt,http://wals.info/languoid/lect/wals_code_ndt,3A,3,Average,Gueye-1986,
3A-nga,http://wals.info/languoid/lect/wals_code_nga,3A,3,Moderately low,Tereshchenko-1979;Castren-1966;Tereshchenko-1966c,
3A-ytu,http://wals.info/languoid/lect/wals_code_ytu,3A,3,Average,Krejnovich-1958;Krejnovich-1968c,
3A-amc,http://wals.info/languoid/lect/wals_code_amc,3A,3,Average,Osborn-1948,
3A-bai,http://wals.info/languoid/lect/wals_code_bai,3A,3,Low,Dell-1981,
3A-cay,http://wals.info/languoid/lect/wals_code_cay,3A,3,Moderately high,Lindskoog-and-Brend-1962,
3A-chp,http://wals.info/languoid/lect/wals_code_chp,3A,3,High,Li-1932;Li-1933;Li-1946,
3A-kry,http://wals.info/languoid/lect/wals_code_kry,3A,3,Average,Zhukova-1980,
3A-acm,http://wals.info/languoid/lect/wals_code_acm,3A,3,Average,Olmsted-1964;Olmsted-1966,
3A-anc,http://wals.info/languoid/lect/wals_code_anc,3A,3,Moderately high,Burquest-1971,
3A-api,http://wals.info/languoid/lect/wals_code_api,3A,3,Low,Burgess-and-Ham-1968,
3A-bod,http://wals.info/languoid/lect/wals_code_bod,3A,3,Moderately low,Bhat-1968,
3A-chq,http://wals.info/languoid/lect/wals_code_chq,3A,3,Average,Robbins-1961;Robbins-1968,
3A-dan,http://wals.info/languoid/lect/wals_code_dan,3A,3,Low,Bearth-and-Zemp-1967,
3A-diz,http://wals.info/languoid/lect/wals_code_diz,3A,3,Average,Allan-1976b,
3A-irr,http://wals.info/languoid/lect/wals_code_irr,3A,3,Low,Voorhoeve-1989,
3A-koy,http://wals.info/languoid/lect/wals_code_koy,3A,3,Average,Tyler-1969,
3A-mie,http://wals.info/languoid/lect/wals_code_mie,3A,3,Moderately high,Purnell-1965;Mao-et-al-1982,
3A-slp,http://wals.info/languoid/lect/wals_code_slp,3A,3,Moderately low,McElhanon-1970b;McElhanon-1970c,
3A-shi,http://wals.info/languoid/lect/wals_code_shi,3A,3,Moderately low,Migliazza-and-Grimes-1961,
3A-tol,http://wals.info/languoid/lect/wals_code_tol,3A,3,Average,Fleming-and-Dennis-1977;Holt-1999a,
3A-ani,http://wals.info/languoid/lect/wals_code_ani,3A,3,High,Vossen-1986;Vossen-1997,
3A-ccp,http://wals.info/languoid/lect/wals_code_ccp,3A,3,Moderately high,Crawford-1966[13],
3A-hum,http://wals.info/languoid/lect/wals_code_hum,3A,3,Moderately low,Burtch-1983;Aschmann-1993;Petersen-de-Pineros-1994;Minor-et-al-1982,
3A-jiv,http://wals.info/languoid/lect/wals_code_jiv,3A,3,Average,Beasley-and-Pike-1957,
3A-kzy,http://wals.info/languoid/lect/wals_code_kzy,3A,3,Average,Lytkin-1966b;Bubrix-1949,
3A-nhn,http://wals.info/languoid/lect/wals_code_nhn,3A,3,Average,Brockway-1963,
3A-sre,http://wals.info/languoid/lect/wals_code_sre,3A,3,Average,Manley-1972,
3A-gwa,http://wals.info/languoid/lect/wals_code_gwa,3A,3,Average,Hyman-and-Magaji-1970,
3A-kws,http://wals.info/languoid/lect/wals_code_kws,3A,3,Average,Zigmond-et-al-1990-1991,
3A-kgz,http://wals.info/languoid/lect/wals_code_kgz,3A,3,Average,Herbert-and-Poppe-1963;Junusaliev-1966,
3A-kiw,http://wals.info/languoid/lect/wals_code_kiw,3A,3,Moderately low,Wurm-1977,
3A-kwo,http://wals.info/languoid/lect/wals_code_kwo,3A,3,Average,Kooyers-et-al-1971,
3A-mnc,http://wals.info/languoid/lect/wals_code_mnc,3A,3,Average,Austin-1962,
3A-non,http://wals.info/languoid/lect/wals_code_non,3A,3,Moderately low,Hyman-1981b,
3A-bco,http://wals.info/languoid/lect/wals_code_bco,3A,3,High,Nater-1984;Newman-1947,
3A-ber,http://wals.info/languoid/lect/wals_code_ber,3A,3,Moderately high,Triulzi-et-al-1976a,
3A-cso,http://wals.info/languoid/lect/wals_code_cso,3A,3,Average,Pride-1965,
3A-ewo,http://wals.info/languoid/lect/wals_code_ewo,3A,3,Average,Abega-1970;Nnomo-and-Mbezele-1982;Redden-1979,
3A-ksg,http://wals.info/languoid/lect/wals_code_ksg,3A,3,Average,Jones-1961,
3A-kwk,http://wals.info/languoid/lect/wals_code_kwk,3A,3,High,Newman-1950;Boas-1911a;Boas-1947;Grubb-1977,
3A-ruk,http://wals.info/languoid/lect/wals_code_ruk,3A,3,Moderately high,Li-1977b;Li-1973,
3A-wah,http://wals.info/languoid/lect/wals_code_wah,3A,3,Average,Phillips-1976;Ladefoged-et-al-1977,
3A-ata,http://wals.info/languoid/lect/wals_code_ata,3A,3,Average,Egerod-1966b,
3A-aze,http://wals.info/languoid/lect/wals_code_aze,3A,3,Moderately low,Householder-and-Lofti-1965,
3A-ben,http://wals.info/languoid/lect/wals_code_ben,3A,3,Average,Ferguson-and-Chowdhury-1960;Klaiman-1990,
3A-iba,http://wals.info/languoid/lect/wals_code_iba,3A,3,Average,Omar-1981;Scott-1957,
3A-jeb,http://wals.info/languoid/lect/wals_code_jeb,3A,3,Moderately high,Bendor-Samuel-1961b,
3A-jng,http://wals.info/languoid/lect/wals_code_jng,3A,3,Moderately high,Liu-1964,
3A-mme,http://wals.info/languoid/lect/wals_code_mme,3A,3,Average,Kovedjaeva-1966;Ristinen-1960,
3A-mpa,http://wals.info/languoid/lect/wals_code_mpa,3A,3,Moderately high,Street-and-Mollinjin-1981,
3A-new,http://wals.info/languoid/lect/wals_code_new,3A,3,Moderately high,Manandhar-1986;Hale-and-Hale-1969,
3A-kkv,http://wals.info/languoid/lect/wals_code_kkv,3A,3,Average,Counts-1969,
3A-kya,http://wals.info/languoid/lect/wals_code_kya,3A,3,Average,Oates-1964b;Wurm-1972a;Oates-and-Oates-1964,
3A-skp,http://wals.info/languoid/lect/wals_code_skp,3A,3,Low,Prokofjeva-1966;Katz-1975b,
3A-ttu,http://wals.info/languoid/lect/wals_code_ttu,3A,3,High,Desheriev-1953,
3A-alw,http://wals.info/languoid/lect/wals_code_alw,3A,3,Moderately high,Sharpe-1972,
3A-ao,http://wals.info/languoid/lect/wals_code_ao,3A,3,Moderately low,Gowda-1972;Gowda-1975,
3A-fye,http://wals.info/languoid/lect/wals_code_fye,3A,3,High,Nettle-1998,
3A-grr,http://wals.info/languoid/lect/wals_code_grr,3A,3,Moderately high,Furby-1974,
3A-kgu,http://wals.info/languoid/lect/wals_code_kgu,3A,3,High,Blake-1979b,
3A-mro,http://wals.info/languoid/lect/wals_code_mro,3A,3,Average,Schadeberg-1981b;Black-and-Black-1971,
3A-nar,http://wals.info/languoid/lect/wals_code_nar,3A,3,Average,Thompson-1976a;Bender-1968,
3A-tam,http://wals.info/languoid/lect/wals_code_tam,3A,3,Average,Mazaudon-1973,
3A-tib,http://wals.info/languoid/lect/wals_code_tib,3A,3,Average,Denwood-1999,
3A-zan,http://wals.info/languoid/lect/wals_code_zan,3A,3,Average,Tucker-and-Hackett-1959,
3A-dgb,http://wals.info/languoid/lect/wals_code_dgb,3A,3,Moderately high,Olawsky-1999;Wilson-and-Bendor-Samuel-1969,
3A-dum,http://wals.info/languoid/lect/wals_code_dum,3A,3,Low,Ross-1980,
3A-nuu,http://wals.info/languoid/lect/wals_code_nuu,3A,3,High,Carlson-et-al-2001;Stonham-1999,
3A-snh,http://wals.info/languoid/lect/wals_code_snh,3A,3,Average,Coates-and-da-Silva-1960,
3A-tas,http://wals.info/languoid/lect/wals_code_tas,3A,3,High,Applegate-1958,
3A-yel,http://wals.info/languoid/lect/wals_code_yel,3A,3,Moderately high,,
3A-bto,http://wals.info/languoid/lect/wals_code_bto,3A,3,Average,van-der-Tuuk-1971,
3A-bir,http://wals.info/languoid/lect/wals_code_bir,3A,3,Average,Bouquiaux-1970;Wolff-1959,
3A-din,http://wals.info/languoid/lect/wals_code_din,3A,3,Average,Andersen-1987;Malou-1988,
3A-evn,http://wals.info/languoid/lect/wals_code_evn,3A,3,Average,Novikova-1960;Novikova-1966,
3A-goa,http://wals.info/languoid/lect/wals_code_goa,3A,3,Average,Holmer-1949d;Mansen-1967,
3A-mgg,http://wals.info/languoid/lect/wals_code_mgg,3A,3,Moderately high,Todaeva-1973,
3A-oji,http://wals.info/languoid/lect/wals_code_oji,3A,3,Average,Bloomfield-1957,
3A-res,http://wals.info/languoid/lect/wals_code_res,3A,3,Moderately high,Allin-1976,
3A-snc,http://wals.info/languoid/lect/wals_code_snc,3A,3,Low,Chafe-1967,
3A-srn,http://wals.info/languoid/lect/wals_code_srn,3A,3,Moderately low,Firestone-1965,
3A-che,http://wals.info/languoid/lect/wals_code_che,3A,3,Low,Bender-and-Harris-1946;Cook-1979;Walker-1975b,
3A-hup,http://wals.info/languoid/lect/wals_code_hup,3A,3,High,Golla-1970;Gordon-1996;Woodward-1964,
3A-ite,http://wals.info/languoid/lect/wals_code_ite,3A,3,Moderately high,Volodin-1976,
3A-kab,http://wals.info/languoid/lect/wals_code_kab,3A,3,High,Kuipers-1960,
3A-knk,http://wals.info/languoid/lect/wals_code_knk,3A,3,Average,Newman-1974,
3A-kwa,http://wals.info/languoid/lect/wals_code_kwa,3A,3,Average,Keesing-1985,
3A-shu,http://wals.info/languoid/lect/wals_code_shu,3A,3,Moderately high,Kuipers-1974,
3A-tne,http://wals.info/languoid/lect/wals_code_tne,3A,3,Moderately low,Wilson-1961a;Dalby-1966,
3A-ctl,http://wals.info/languoid/lect/wals_code_ctl,3A,3,Average,Carbonell-and-Llisteri-1999,
3A-lui,http://wals.info/languoid/lect/wals_code_lui,3A,3,Average,Bright-1965a;Bright-1968;Hyde-1971;Kroeber-and-Grace-1960;Malecot-1963b,
3A-nmb,http://wals.info/languoid/lect/wals_code_nmb,3A,3,Moderately high,Kroeker-1972;Price-1976,
3A-nas,http://wals.info/languoid/lect/wals_code_nas,3A,3,Low,Hurd-and-Hurd-1966,
3A-hop,http://wals.info/languoid/lect/wals_code_hop,3A,3,Average,Kluckhohn-and-MacLeish-1955;Voegelin-1956;Whorf-1946a,
3A-mum,http://wals.info/languoid/lect/wals_code_mum,3A,3,Average,Shimizu-1983,
3A-tac,http://wals.info/languoid/lect/wals_code_tac,3A,3,Moderately high,Van-Wynen-and-Van-Wynen-1962;Key-1968,
3A-ter,http://wals.info/languoid/lect/wals_code_ter,3A,3,High,Newman-1970,
3A-wma,http://wals.info/languoid/lect/wals_code_wma,3A,3,Average,Watuseke-1976;Voorhoeve-1982,
3A-wiy,http://wals.info/languoid/lect/wals_code_wiy,3A,3,Moderately high,Teeter-1964,
3A-brr,http://wals.info/languoid/lect/wals_code_brr,3A,3,Low,Crowell-1979,
3A-djp,http://wals.info/languoid/lect/wals_code_djp,3A,3,High,Morphy-1983;Rose-et-al-1982,
3A-doy,http://wals.info/languoid/lect/wals_code_doy,3A,3,Average,Wiering-1974,
3A-krd,http://wals.info/languoid/lect/wals_code_krd,3A,3,Average,Abdulla-and-McCarus-1967;McCarus-1958,
3A-len,http://wals.info/languoid/lect/wals_code_len,3A,3,Moderately low,Lynch-1978,
3A-qaw,http://wals.info/languoid/lect/wals_code_qaw,3A,3,High,Clairis-1985;Clairis-1977,
3A-ttn,http://wals.info/languoid/lect/wals_code_ttn,3A,3,Moderately low,Morris-1984,
3A-ygr,http://wals.info/languoid/lect/wals_code_ygr,3A,3,Average,Renck-1975;Haiman-1980;Renck-1967,
3A-cub,http://wals.info/languoid/lect/wals_code_cub,3A,3,Low,Morse-and-Maxwell-1999b;Salser-1971,
3A-dgr,http://wals.info/languoid/lect/wals_code_dgr,3A,3,Average,Bao-1982,
3A-htc,http://wals.info/languoid/lect/wals_code_htc,3A,3,Average,Larsen-and-Pike-1949;McQuown-1984;Peralta-1984,
3A-ik,http://wals.info/languoid/lect/wals_code_ik,3A,3,Average,Heine-1975b;Tucker-1971,
3A-nun,http://wals.info/languoid/lect/wals_code_nun,3A,3,Average,Li-1977a,
3A-pae,http://wals.info/languoid/lect/wals_code_pae,3A,3,High,Gerdel-1973;Jung-1989;Gerdel-1985,
3A-sed,http://wals.info/languoid/lect/wals_code_sed,3A,3,Moderately high,Smith-1979;Smith-1968,
3A-bsk,http://wals.info/languoid/lect/wals_code_bsk,3A,3,Average,Poppe-1964,
3A-mlk,http://wals.info/languoid/lect/wals_code_mlk,3A,3,Average,Tryon-1974;Birk-1975,
3A-arc,http://wals.info/languoid/lect/wals_code_arc,3A,3,High,Kodzasov-1977,
3A-ava,http://wals.info/languoid/lect/wals_code_ava,3A,3,High,Charachidze-1981;Zhirkov-1936,
3A-gbb,http://wals.info/languoid/lect/wals_code_gbb,3A,3,Average,Monino-and-Roulon-1972;Samarin-1966,
3A-ngz,http://wals.info/languoid/lect/wals_code_ngz,3A,3,High,Schuh-1981,
3A-poh,http://wals.info/languoid/lect/wals_code_poh,3A,3,Low,Rehg-1984b;Rehg-1984a;Rehg-1981,
3A-hve,http://wals.info/languoid/lect/wals_code_hve,3A,3,Average,Stairs-Kreger-and-Scharfe-de-Stairs-1981;Suarez-1975,
3A-kty,http://wals.info/languoid/lect/wals_code_kty,3A,3,Average,Gulya-1966;Nikolaeva-1999,
3A-tel,http://wals.info/languoid/lect/wals_code_tel,3A,3,Moderately high,Lisker-1963;Kelley-1963;Kostic-et-al-1977;Krishnamurti-1961;Sastry-1972,
3A-ykt,http://wals.info/languoid/lect/wals_code_ykt,3A,3,Moderately low,Bohtlingk-1964;Ubrjatova-1966;Krueger-1962,
3A-klm,http://wals.info/languoid/lect/wals_code_klm,3A,3,High,Barker-1963a;Barker-1964,
3A-nep,http://wals.info/languoid/lect/wals_code_nep,3A,3,Moderately high,Bandhu-et-al-1971,
3A-tgr,http://wals.info/languoid/lect/wals_code_tgr,3A,3,Moderately high,Palmer-1962;Klingenheben-1966,
3A-tuv,http://wals.info/languoid/lect/wals_code_tuv,3A,3,Moderately low,Anderson-and-Harrison-1999;Seglenmej-1979;Song-1982;Sat-1966,
3A-nor,http://wals.info/languoid/lect/wals_code_nor,3A,3,Moderately low,Vanvik-1972,
3A-qui,http://wals.info/languoid/lect/wals_code_qui,3A,3,High,Hoard-1993;Powell-1975,
3A-bre,http://wals.info/languoid/lect/wals_code_bre,3A,3,Average,Bothorel-1982;Ternes-1970,
3A-ijo,http://wals.info/languoid/lect/wals_code_ijo,3A,3,Moderately low,Williamson-1965,
3A-luo,http://wals.info/languoid/lect/wals_code_luo,3A,3,Average,Gregersen-1961,
3A-psh,http://wals.info/languoid/lect/wals_code_psh,3A,3,Moderately high,Grjunberg-1987;Penzl-1955;Shafeev-1964,
3A-sel,http://wals.info/languoid/lect/wals_code_sel,3A,3,High,Najlis-1973,
3A-wao,http://wals.info/languoid/lect/wals_code_wao,3A,3,Moderately low,Saint-and-Pike-1962,
3A-wap,http://wals.info/languoid/lect/wals_code_wap,3A,3,Moderately high,Sawyer-1965,
3A-win,http://wals.info/languoid/lect/wals_code_win,3A,3,Moderately high,Pitkin-1984;Schlichter-1981,
3A-akn,http://wals.info/languoid/lect/wals_code_akn,3A,3,Moderately low,Ladefoged-1964;Dolphyne-1988;Schachter-and-Fromkin-1968;Stewart-1967;Welmers-1946,
3A-bri,http://wals.info/languoid/lect/wals_code_bri,3A,3,Average,Arroyo-1972,
3A-cax,http://wals.info/languoid/lect/wals_code_cax,3A,3,Moderately high,Dirks-1953;Payne-1981,
3A-lug,http://wals.info/languoid/lect/wals_code_lug,3A,3,Average,Anderson-1986;Tucker-and-Bryan-1966;Crazzolara-1960,
3A-maa,http://wals.info/languoid/lect/wals_code_maa,3A,3,Moderately low,Tucker-and-Bryan-1966;Tucker-and-Mpaayei-1955,
3A-yap,http://wals.info/languoid/lect/wals_code_yap,3A,3,Average,Jensen-et-al-1977a;Hsu-1969,
3A-iaa,http://wals.info/languoid/lect/wals_code_iaa,3A,3,Average,Haudricourt-1971;Maddieson-and-Anderson-1995;Ozanne-Rivierre-1976,
3A-jaq,http://wals.info/languoid/lect/wals_code_jaq,3A,3,High,Hardman-2000,
3A-tgk,http://wals.info/languoid/lect/wals_code_tgk,3A,3,Moderately low,Beaumont-1979,
3A-ton,http://wals.info/languoid/lect/wals_code_ton,3A,3,Average,Hoijer-1946b;Hoijer-1949;Hoijer-1972,
3A-amp,http://wals.info/languoid/lect/wals_code_amp,3A,3,High,Henderson-1994,
3A-die,http://wals.info/languoid/lect/wals_code_die,3A,3,Moderately high,Langdon-1970,
3A-diy,http://wals.info/languoid/lect/wals_code_diy,3A,3,High,Austin-1981,
3A-lak,http://wals.info/languoid/lect/wals_code_lak,3A,3,High,Khajdakov-1966b;Murkelinskij-1967;Zhirkov-1955,
3A-mne,http://wals.info/languoid/lect/wals_code_mne,3A,3,Average,Shipley-1956;Shipley-1964,
3A-eka,http://wals.info/languoid/lect/wals_code_eka,3A,3,Low,Doble-1987;Steltenpool-1969,
3A-ham,http://wals.info/languoid/lect/wals_code_ham,3A,3,Low,Healey-1981;Oates-and-Oates-1968,
3A-mrg,http://wals.info/languoid/lect/wals_code_mrg,3A,3,High,Maddieson-1987;Hoffmann-1963,
3A-nan,http://wals.info/languoid/lect/wals_code_nan,3A,3,Low,Creider-and-Creider-1989,
3A-mrd,http://wals.info/languoid/lect/wals_code_mrd,3A,3,Average,Drabbe-1955,
3A-abi,http://wals.info/languoid/lect/wals_code_abi,3A,3,Average,Najlis-1966,
3A-mab,http://wals.info/languoid/lect/wals_code_mab,3A,3,Average,Tucker-and-Bryan-1966,
3A-wlf,http://wals.info/languoid/lect/wals_code_wlf,3A,3,Average,Sauvageot-1965;Manessy-and-Sauvageot-1963;Ka-1994;Ward-1963,
3A-chv,http://wals.info/languoid/lect/wals_code_chv,3A,3,Moderately low,Andreev-1966;Krueger-1961,
3A-kas,http://wals.info/languoid/lect/wals_code_kas,3A,3,Average,Bhat-1987;Kelkar-and-Trisal-1964;Zakharin-1974;Zakharin-and-Edelman-1971,
3A-pur,http://wals.info/languoid/lect/wals_code_pur,3A,3,Moderately high,Chamereau-2000;Foster-1969;de-Paul-1989,
3A-una,http://wals.info/languoid/lect/wals_code_una,3A,3,Moderately low,Louwerse-1988,
3A-dyi,http://wals.info/languoid/lect/wals_code_dyi,3A,3,Average,Dixon-1972,
3A-haw,http://wals.info/languoid/lect/wals_code_haw,3A,3,Low,Pukui-and-Elbert-1965;Schutz-1981;Elbert-and-Pukui-1979,
3A-kch,http://wals.info/languoid/lect/wals_code_kch,3A,3,Average,Heath-1999b,
3A-lit,http://wals.info/languoid/lect/wals_code_lit,3A,3,Moderately high,Ambrazas-et-al-1966;Augustitis-1964;Senn-1966,
3A-ood,http://wals.info/languoid/lect/wals_code_ood,3A,3,Average,Saxton-1963;Saxton-and-Saxton-1969;Hale-1959,
3A-rom,http://wals.info/languoid/lect/wals_code_rom,3A,3,Average,Ruhlen-1973;Tataru-1978;Agard-1958,
3A-bul,http://wals.info/languoid/lect/wals_code_bul,3A,3,Average,Bidwell-1968;Klagstad-1958;Aronson-1968;Scatton-1984;Ternes-and-Vladimirova-Buhtz-1999,
3A-lah,http://wals.info/languoid/lect/wals_code_lah,3A,3,Average,Matisoff-1988;Matisoff-1973,
3A-yuc,http://wals.info/languoid/lect/wals_code_yuc,3A,3,Moderately high,Crawford-1973;Ballard-1975,
3A-pso,http://wals.info/languoid/lect/wals_code_pso,3A,3,Moderately high,Moshinsky-1974,
3A-zun,http://wals.info/languoid/lect/wals_code_zun,3A,3,Average,Walker-1972;Newman-1965,
3A-snt,http://wals.info/languoid/lect/wals_code_snt,3A,3,Low,Cowan-1965,
3A-krb,http://wals.info/languoid/lect/wals_code_krb,3A,3,Low,Groves-et-al-1985,
3A-som,http://wals.info/languoid/lect/wals_code_som,3A,3,Moderately low,Hyman-1981a;Andrzejewsky-1955;Farnetani-1981;Armstrong-1964;Andrzejewsky-1956;Cardona-1981,
3A-cnt,http://wals.info/languoid/lect/wals_code_cnt,3A,3,Moderately low,Zee-1999,
3A-fur,http://wals.info/languoid/lect/wals_code_fur,3A,3,Moderately low,Tucker-and-Bryan-1966;Jakobi-1990;Beaton-1968,
3A-pol,http://wals.info/languoid/lect/wals_code_pol,3A,3,Moderately high,,
3A-ker,http://wals.info/languoid/lect/wals_code_ker,3A,3,Average,Ebert-1976;Ebert-1979,
3A-lad,http://wals.info/languoid/lect/wals_code_lad,3A,3,High,Koshal-1979,
3A-lep,http://wals.info/languoid/lect/wals_code_lep,3A,3,Average,Mainwaring-1876;Ju-1996;Mainwaring-1898,
3A-tli,http://wals.info/languoid/lect/wals_code_tli,3A,3,High,Maddieson-et-al-2001,
3A-wam,http://wals.info/languoid/lect/wals_code_wam,3A,3,Moderately high,Nordlinger-1998,
3A-alb,http://wals.info/languoid/lect/wals_code_alb,3A,3,Average,Newmark-1957,
3A-bam,http://wals.info/languoid/lect/wals_code_bam,3A,3,Average,Bird-et-al-1977,
3A-kyl,http://wals.info/languoid/lect/wals_code_kyl,3A,3,Low,Solnit-1997,
3A-nti,http://wals.info/languoid/lect/wals_code_nti,3A,3,Moderately high,Kutsch-Lojenga-1994,
3A-car,http://wals.info/languoid/lect/wals_code_car,3A,3,Moderately low,Peasgood-1972;Hoff-1968,
3A-mak,http://wals.info/languoid/lect/wals_code_mak,3A,3,High,Jacobsen-1999,
3A-tsi,http://wals.info/languoid/lect/wals_code_tsi,3A,3,High,Dunn-1970;Dunn-1979;Dunn-1995;Hoard-1978;Mulder-1988,
3A-tun,http://wals.info/languoid/lect/wals_code_tun,3A,3,Moderately low,Haas-1940,
3A-sue,http://wals.info/languoid/lect/wals_code_sue,3A,3,Moderately low,Wilson-1974;Wilson-1969,
3A-mku,http://wals.info/languoid/lect/wals_code_mku,3A,3,Moderately low,Tryon-1970b,
3A-mrl,http://wals.info/languoid/lect/wals_code_mrl,3A,3,Moderately low,Arensen-1982;Yigezu-2001,
3A-psm,http://wals.info/languoid/lect/wals_code_psm,3A,3,Average,LeSourd-1993;Leavitt-1996;Sherwood-1986,
3A-pit,http://wals.info/languoid/lect/wals_code_pit,3A,3,Moderately high,Glass-and-Hackett-1970;Eckert-and-Hudson-1988,
3A-amh,http://wals.info/languoid/lect/wals_code_amh,3A,3,Moderately high,Hayward-and-Hayward-1999,
3A-ana,http://wals.info/languoid/lect/wals_code_ana,3A,3,Moderately high,de-Pitman-1981,
3A-cyv,http://wals.info/languoid/lect/wals_code_cyv,3A,3,Moderately low,Key-1967;Key-1961,
3A-dio,http://wals.info/languoid/lect/wals_code_dio,3A,3,Low,Sapir-1965,
3A-arm,http://wals.info/languoid/lect/wals_code_arm,3A,3,Moderately high,Allen-1950,
3A-aym,http://wals.info/languoid/lect/wals_code_aym,3A,3,High,Martin-1969,
3A-baw,http://wals.info/languoid/lect/wals_code_baw,3A,3,Moderately high,Reichle-1981,
3A-wrd,http://wals.info/languoid/lect/wals_code_wrd,3A,3,Average,Merlan-1994,
3A-hai,http://wals.info/languoid/lect/wals_code_hai,3A,3,High,Sapir-1923,
3A-kmu,http://wals.info/languoid/lect/wals_code_kmu,3A,3,Moderately low,Svantesson-1983,
3A-usa,http://wals.info/languoid/lect/wals_code_usa,3A,3,Moderately low,Reesink-1987,
3A-pai,http://wals.info/languoid/lect/wals_code_pai,3A,3,Moderately high,Ho-1977;Ferrel-1982,
3A-ung,http://wals.info/languoid/lect/wals_code_ung,3A,3,Average,Coate-and-Elkin-1974;Rumsey-1982;Coate-and-Oates-1970,
3A-bej,http://wals.info/languoid/lect/wals_code_bej,3A,3,Average,Hudson-1974;Hudson-1976b,
3A-dre,http://wals.info/languoid/lect/wals_code_dre,3A,3,Average,Moyse-Faurie-1983,
3A-gar,http://wals.info/languoid/lect/wals_code_gar,3A,3,Average,Burling-1961,
3A-pms,http://wals.info/languoid/lect/wals_code_pms,3A,3,Average,Crowley-1982,
3A-mss,http://wals.info/languoid/lect/wals_code_mss,3A,3,Moderately low,Freeland-1951;Broadbent-1964,
3A-sml,http://wals.info/languoid/lect/wals_code_sml,3A,3,Average,Kruspe-1999,
3A-yur,http://wals.info/languoid/lect/wals_code_yur,3A,3,Moderately high,Robins-1958,
3A-dag,http://wals.info/languoid/lect/wals_code_dag,3A,3,Moderately low,Murane-1974,
3A-otm,http://wals.info/languoid/lect/wals_code_otm,3A,3,Average,Wallis-1968;Hess-1968;Sinclair-and-Pike-1948,
3A-igb,http://wals.info/languoid/lect/wals_code_igb,3A,3,Average,Ikekeonwu-1999,
3A-nez,http://wals.info/languoid/lect/wals_code_nez,3A,3,Moderately high,Aoki-1994,
3A-brh,http://wals.info/languoid/lect/wals_code_brh,3A,3,Moderately high,De-Armond-1975;Emeneau-1937;Emeneau-1962,
3A-cah,http://wals.info/languoid/lect/wals_code_cah,3A,3,Moderately high,Seiler-1977;Sauvel-and-Munro-1981;Bright-1965b,
3A-cle,http://wals.info/languoid/lect/wals_code_cle,3A,3,Average,Rupp-1989;Rupp-1990,
3A-knm,http://wals.info/languoid/lect/wals_code_knm,3A,3,Average,Bender-1996,
3A-nav,http://wals.info/languoid/lect/wals_code_nav,3A,3,High,Young-and-Morgan-1972;Sapir-and-Hoijer-1967,
3A-zqc,http://wals.info/languoid/lect/wals_code_zqc,3A,3,Moderately low,Wonderly-1951a,
3A-bkr,http://wals.info/languoid/lect/wals_code_bkr,3A,3,Moderately low,Woollams-1996,
3A-cmn,http://wals.info/languoid/lect/wals_code_cmn,3A,3,Low,Charney-1993;Wistrand-Robinson-and-Armagost-1990,
3A-nko,http://wals.info/languoid/lect/wals_code_nko,3A,3,Average,Taylor-1985,
3A-squ,http://wals.info/languoid/lect/wals_code_squ,3A,3,High,Kuipers-1967,
3A-tru,http://wals.info/languoid/lect/wals_code_tru,3A,3,Average,Guirardello-1999b;Guirardello-1992;Monod-Becquelin-1975,
3A-dni,http://wals.info/languoid/lect/wals_code_dni,3A,3,Low,Bromley-1961;van-der-Stap-1966,
3A-nen,http://wals.info/languoid/lect/wals_code_nen,3A,3,Moderately high,Ristinen-1965;Decsy-1966;Ristinen-1968;Tereshchenko-1966a;Katz-1975a;Hajdu-1963,
3A-urk,http://wals.info/languoid/lect/wals_code_urk,3A,3,Moderately low,Kakumasu-1986,
3A-coo,http://wals.info/languoid/lect/wals_code_coo,3A,3,High,Zenk-1990,
3A-cre,http://wals.info/languoid/lect/wals_code_cre,3A,3,Moderately low,Dahlstrom-1991;Vinay-1992,
3A-nht,http://wals.info/languoid/lect/wals_code_nht,3A,3,Average,Tuggy-1979,
3A-yim,http://wals.info/languoid/lect/wals_code_yim,3A,3,Moderately high,Foley-1991,
3A-ika,http://wals.info/languoid/lect/wals_code_ika,3A,3,Moderately low,Frank-1990;Tracy-and-Tracy-1973,
3A-kse,http://wals.info/languoid/lect/wals_code_kse,3A,3,Average,Williamson-1967;Prost-1956,
3A-mun,http://wals.info/languoid/lect/wals_code_mun,3A,3,Moderately high,Pinnow-1959;Gumperz-and-Bilibiri-1957;Sinha-1975,
3A-yid,http://wals.info/languoid/lect/wals_code_yid,3A,3,Average,Dixon-1977a,
3A-krk,http://wals.info/languoid/lect/wals_code_krk,3A,3,Average,Bright-1957,
3A-tab,http://wals.info/languoid/lect/wals_code_tab,3A,3,Average,Bowden-and-Hajek-1999;Bowden-1997a,
3A-aco,http://wals.info/languoid/lect/wals_code_aco,3A,3,High,Miller-1966,
3A-pau,http://wals.info/languoid/lect/wals_code_pau,3A,3,High,Chapman-and-Derbyshire-1991;Chapman-1981,
3A-arp,http://wals.info/languoid/lect/wals_code_arp,3A,3,Moderately low,Conrad-and-Wogiga-1991,
3A-ond,http://wals.info/languoid/lect/wals_code_ond,3A,3,Moderately low,Abbott-2000;Michelson-1988,
3A-asm,http://wals.info/languoid/lect/wals_code_asm,3A,3,Low,Voorhoeve-1965,
3A-ewe,http://wals.info/languoid/lect/wals_code_ewe,3A,3,Average,Pasch-1995,
3A-grb,http://wals.info/languoid/lect/wals_code_grb,3A,3,Moderately low,Innes-1966,
3A-hmo,http://wals.info/languoid/lect/wals_code_hmo,3A,3,High,Harriehausen-1990;Lyman-1974;Purnell-1972;Smalley-1976;Wang-1983;Wang-1985,
3A-khs,http://wals.info/languoid/lect/wals_code_khs,3A,3,Average,Rabel-1961,
3A-khm,http://wals.info/languoid/lect/wals_code_khm,3A,3,Moderately low,Ehrman-1972b;Huffman-1970a;Huffman-1970b;Jacob-1968,
3A-kio,http://wals.info/languoid/lect/wals_code_kio,3A,3,Average,Sivertsen-1956;Watkins-1984,
3A-wic,http://wals.info/languoid/lect/wals_code_wic,3A,3,Average,Rood-1976,
3A-juh,http://wals.info/languoid/lect/wals_code_juh,3A,3,High,Dickens-1994;Snyman-1970;Snyman-1975,
3A-klv,http://wals.info/languoid/lect/wals_code_klv,3A,3,Average,Senft-1986,
3A-nug,http://wals.info/languoid/lect/wals_code_nug,3A,3,Moderately high,Hughes-and-Leeding-1971;Heath-1984,
3A-irq,http://wals.info/languoid/lect/wals_code_irq,3A,3,High,Maghway-1995;Mous-1993;Nordbustad-1988;Whiteley-1958,
3A-kew,http://wals.info/languoid/lect/wals_code_kew,3A,3,Average,Franklin-and-Franklin-1962,
3A-snm,http://wals.info/languoid/lect/wals_code_snm,3A,3,Low,Aikhenvald-and-Dixon-1999;Borgman-1990,
3A-shk,http://wals.info/languoid/lect/wals_code_shk,3A,3,Average,Loriot-et-al-1993;Valenzuela-et-al-2001,
3A-epe,http://wals.info/languoid/lect/wals_code_epe,3A,3,Moderately low,Harms-1984;Harms-1985;Harms-1994,
3A-ket,http://wals.info/languoid/lect/wals_code_ket,3A,3,Moderately low,Dulzon-1968;Feev-1998;Krejnovich-1968a;Vajda-2000,
3A-koa,http://wals.info/languoid/lect/wals_code_koa,3A,3,Moderately high,Haas-1944;Rising-1992,
3A-luv,http://wals.info/languoid/lect/wals_code_luv,3A,3,Average,Horton-1949,
3A-san,http://wals.info/languoid/lect/wals_code_san,3A,3,Average,Samarin-1967a;Samarin-1967b,
3A-bag,http://wals.info/languoid/lect/wals_code_bag,3A,3,Average,Stevenson-1969,
3A-hzb,http://wals.info/languoid/lect/wals_code_hzb,3A,3,Average,van-den-Berg-1995,
3A-ing,http://wals.info/languoid/lect/wals_code_ing,3A,3,High,Nichols-1994b,
3A-mau,http://wals.info/languoid/lect/wals_code_mau,3A,3,Average,Capell-and-Hinch-1970,
3A-kfe,http://wals.info/languoid/lect/wals_code_kfe,3A,3,Low,Rennison-1997,
3A-ram,http://wals.info/languoid/lect/wals_code_ram,3A,3,Moderately high,Grinevald-1988,
3A-wch,http://wals.info/languoid/lect/wals_code_wch,3A,3,Average,Hunt-1940;Tovar-1981;Vinas-Urquiza-1974,
3A-yag,http://wals.info/languoid/lect/wals_code_yag,3A,3,Low,Payne-1985,
3A-niv,http://wals.info/languoid/lect/wals_code_niv,3A,3,Moderately high,Krejnovich-1937;Gruzdeva-1998,
3A-apu,http://wals.info/languoid/lect/wals_code_apu,3A,3,Average,Facundes-2000,
3A-bma,http://wals.info/languoid/lect/wals_code_bma,3A,3,High,Abdel-Massih-1971;Penchoen-1973b,
3A-wra,http://wals.info/languoid/lect/wals_code_wra,3A,3,Moderately low,de-Goeje-1930;Osborn-1966;Romero-Figueroa-1997;Vaquero-1965,
3A-imo,http://wals.info/languoid/lect/wals_code_imo,3A,3,Low,Seiler-1985,
3A-awp,http://wals.info/languoid/lect/wals_code_awp,3A,3,Average,Curnow-1997,
3A-kob,http://wals.info/languoid/lect/wals_code_kob,3A,3,Moderately low,Davies-1981b;Davies-1980,
3A-lat,http://wals.info/languoid/lect/wals_code_lat,3A,3,Average,Mathiassen-1997,
3A-mar,http://wals.info/languoid/lect/wals_code_mar,3A,3,Moderately high,Gordon-1986,
3A-ala,http://wals.info/languoid/lect/wals_code_ala,3A,3,Moderately low,Bruce-1984,
3A-goo,http://wals.info/languoid/lect/wals_code_goo,3A,3,Moderately high,McGregor-1990,
3A-kut,http://wals.info/languoid/lect/wals_code_kut,3A,3,High,Morgan-1991;Garvin-1948a,
3A-mxc,http://wals.info/languoid/lect/wals_code_mxc,3A,3,Average,Macaulay-1996,
3A-lav,http://wals.info/languoid/lect/wals_code_lav,3A,3,Average,Terrill-1999,
3A-rap,http://wals.info/languoid/lect/wals_code_rap,3A,3,Moderately low,Du-Feu-1996,
3A-ain,http://wals.info/languoid/lect/wals_code_ain,3A,3,Moderately low,Patrie-1982;Simeon-1969,
3A-jak,http://wals.info/languoid/lect/wals_code_jak,3A,3,Moderately high,Craig-1977;Day-1973,
3A-lkt,http://wals.info/languoid/lect/wals_code_lkt,3A,3,Moderately high,Carter-1974,
3A-mrt,http://wals.info/languoid/lect/wals_code_mrt,3A,3,High,Dench-1995,
3A-prh,http://wals.info/languoid/lect/wals_code_prh,3A,3,Moderately low,Everett-1986,
3A-war,http://wals.info/languoid/lect/wals_code_war,3A,3,Moderately low,Everett-and-Kern-1997;MacEachern-et-al-1997,
3A-gua,http://wals.info/languoid/lect/wals_code_gua,3A,3,Average,Uldall-1956;Lunt-1973;Gregores-and-Suarez-1967,
3A-kho,http://wals.info/languoid/lect/wals_code_kho,3A,3,Moderately high,Hagman-1977;Vossen-1997;Ladefoged-and-Traill-1984,
3A-mei,http://wals.info/languoid/lect/wals_code_mei,3A,3,Average,Chelliah-1997;Bhat-and-Ningomba-1997,
3A-ngi,http://wals.info/languoid/lect/wals_code_ngi,3A,3,Moderately high,Donaldson-1980,
3A-brm,http://wals.info/languoid/lect/wals_code_brm,3A,3,Average,Okell-1969;Watkins-2001,
3A-kro,http://wals.info/languoid/lect/wals_code_kro,3A,3,Moderately low,Reh-1985,
3A-myi,http://wals.info/languoid/lect/wals_code_myi,3A,3,Average,Merlan-1982,
3A-tiw,http://wals.info/languoid/lect/wals_code_tiw,3A,3,Moderately high,Lee-1983;Osborne-1974;Anderson-and-Maddieson-1994;Lee-1984,
3A-knr,http://wals.info/languoid/lect/wals_code_knr,3A,3,Average,Awobuluyi-1971;Lukas-1937;Hutchison-1981,
3A-kay,http://wals.info/languoid/lect/wals_code_kay,3A,3,Moderately high,Evans-1995,
3A-map,http://wals.info/languoid/lect/wals_code_map,3A,3,Average,Smeets-1989,
3A-yor,http://wals.info/languoid/lect/wals_code_yor,3A,3,Moderately low,Bamgbose-1966,
3A-yko,http://wals.info/languoid/lect/wals_code_yko,3A,3,Average,Maslova-1999,
3A-may,http://wals.info/languoid/lect/wals_code_may,3A,3,Moderately low,Dol-1999,
3A-tuk,http://wals.info/languoid/lect/wals_code_tuk,3A,3,Average,Donohue-1999c;Donohue-1999a,
3A-bur,http://wals.info/languoid/lect/wals_code_bur,3A,3,High,Morgenstierne-1945;Anderson-1997b,
3A-cha,http://wals.info/languoid/lect/wals_code_cha,3A,3,Average,Seiden-1960;Topping-1973,
3A-chk,http://wals.info/languoid/lect/wals_code_chk,3A,3,Moderately low,Krause-1980;Skorik-1961;Skorik-1968,
3A-fij,http://wals.info/languoid/lect/wals_code_fij,3A,3,Average,Dixon-1988,
3A-lan,http://wals.info/languoid/lect/wals_code_lan,3A,3,Low,Okello-1975,
3A-orh,http://wals.info/languoid/lect/wals_code_orh,3A,3,Moderately high,Owens-1985,
3A-tha,http://wals.info/languoid/lect/wals_code_tha,3A,3,Moderately low,Kalaya-and-Abramson-1999;Haas-1964;Noss-1954;Kruatrachue-1960;Noss-1964;Abramson-1962,
3A-yaq,http://wals.info/languoid/lect/wals_code_yaq,3A,3,Average,Dedrick-and-Casad-1999;Kurath-and-Spicer-1947,
3A-zul,http://wals.info/languoid/lect/wals_code_zul,3A,3,High,Canonici-1989;Doke-1926;Doke-1961;Poulos-and-Bosch-1997;Ziervogel-et-al-1981;Poulos-and-Msimang-1998,
3A-sla,http://wals.info/languoid/lect/wals_code_sla,3A,3,Moderately high,Rice-1976;Rice-1989;Rice-1978,
3A-aeg,http://wals.info/languoid/lect/wals_code_aeg,3A,3,Moderately high,Tomiche-1964;Kennedy-1960;Mitchell-1962,
3A-grw,http://wals.info/languoid/lect/wals_code_grw,3A,3,Moderately high,Rischel-1974,
3A-hix,http://wals.info/languoid/lect/wals_code_hix,3A,3,Average,Derbyshire-1985,
3A-swa,http://wals.info/languoid/lect/wals_code_swa,3A,3,Moderately high,Polome-nd,
3A-vie,http://wals.info/languoid/lect/wals_code_vie,3A,3,Low,Nguyen-1990;Thompson-1965;Nguyen-1974a;Emeneau-1951,
3A-hin,http://wals.info/languoid/lect/wals_code_hin,3A,3,Moderately high,Kelkar-1968;Ohala-1983;Ohala-1999,
3A-ckr,http://wals.info/languoid/lect/wals_code_ckr,3A,3,Low,Popjes-and-Popjes-1986,
3A-tag,http://wals.info/languoid/lect/wals_code_tag,3A,3,Average,Schachter-and-Otanes-1972;Bloomfield-1917,
3A-geo,http://wals.info/languoid/lect/wals_code_geo,3A,3,Moderately high,Selmer-1935;Vogt-1958;Tschenkeli-1958;Vogt-1971;Vogt-1938;Hewitt-1995;Neisser-1953;Robins-and-Waterson-1952,
3A-knd,http://wals.info/languoid/lect/wals_code_knd,3A,3,Moderately low,Sridhar-1990;Upadhyaya-1972;Steever-1998b,
3A-kha,http://wals.info/languoid/lect/wals_code_kha,3A,3,Moderately low,Street-1963;Hangin-1968;Luvsanvandan-1964;Svantesson-1985,
3A-mal,http://wals.info/languoid/lect/wals_code_mal,3A,3,High,Dahl-1952;Dyen-1971b,
3A-sup,http://wals.info/languoid/lect/wals_code_sup,3A,3,Average,Carlson-1994,
3A-hau,http://wals.info/languoid/lect/wals_code_hau,3A,3,Moderately high,Newman-2000;Schuh-and-Bagari-1999,
3A-mao,http://wals.info/languoid/lect/wals_code_mao,3A,3,Low,Bauer-1993,
3A-bsq,http://wals.info/languoid/lect/wals_code_bsq,3A,3,Moderately high,Saltarelli-et-al-1988,
3A-abk,http://wals.info/languoid/lect/wals_code_abk,3A,3,High,Hewitt-1979,
3A-eve,http://wals.info/languoid/lect/wals_code_eve,3A,3,Average,Bulatova-and-Grenoble-1999;Nedjalkov-1997,
3A-kor,http://wals.info/languoid/lect/wals_code_kor,3A,3,Moderately low,Kim-1986;Martin-1951;Martin-1954;Martin-and-Lee-1969;Kim-1972;Cho-1967;Lee-1999,
3A-prs,http://wals.info/languoid/lect/wals_code_prs,3A,3,Average,Obolensky-et-al-1963;Majidi-and-Ternes-1999,
3A-ame,http://wals.info/languoid/lect/wals_code_ame,3A,3,Average,Roberts-1987,
3A-ger,http://wals.info/languoid/lect/wals_code_ger,3A,3,Low,Kohler-1999;Moulton-1962;Wangler-1972,
3A-grk,http://wals.info/languoid/lect/wals_code_grk,3A,3,Average,Householder-et-al-1964,
3A-lez,http://wals.info/languoid/lect/wals_code_lez,3A,3,High,Haspelmath-1993;Kodzasov-1990a,
3A-jpn,http://wals.info/languoid/lect/wals_code_jpn,3A,3,Average,Jorden-1963;Bloch-1950;Martin-1952;Shibatani-1990,
3A-mnd,http://wals.info/languoid/lect/wals_code_mnd,3A,3,Average,Cheng-1973a;Dow-1972;Hanyu-1960;Chao-1968,
3A-hun,http://wals.info/languoid/lect/wals_code_hun,3A,3,Average,Banhidi-et-al-1965;Hall-1944;Szende-1999,
3A-ind,http://wals.info/languoid/lect/wals_code_ind,3A,3,Average,Alwi-et-al-1998,
3A-fin,http://wals.info/languoid/lect/wals_code_fin,3A,3,Moderately low,Lehtinen-1970;Harms-1964;Wiik-1965,
3A-rus,http://wals.info/languoid/lect/wals_code_rus,3A,3,High,Halle-1959;Jones-and-Ward-1969,
3A-spa,http://wals.info/languoid/lect/wals_code_spa,3A,3,Average,Navarro-1961;Harris-1969a;Saporta-and-Contreras-1962,
3A-tur,http://wals.info/languoid/lect/wals_code_tur,3A,3,Average,Zimmer-and-Orgun-1999,
3A-fre,http://wals.info/languoid/lect/wals_code_fre,3A,3,Low,Sten-1963;Fougeron-and-Smith-1999,
3A-eng,http://wals.info/languoid/lect/wals_code_eng,3A,3,Low,Gimson-1970,
3A-ndy,http://wals.info/languoid/lect/wals_code_ndy,3A,3,Average,Huttar-and-Huttar-1994;Huttar-and-Huttar-1972,
