ID,Language_ID,Parameter_ID,Contribution_ID,Value,Source,Comment
70A-ard,http://wals.info/languoid/lect/wals_code_ard,70A,70,Second singular and second plural,Voorhoeve-1985[12-13],
70A-abb,http://wals.info/languoid/lect/wals_code_abb,70A,70,Second singular and second plural,Abu-Absi-1995[32-33],
70A-brz,http://wals.info/languoid/lect/wals_code_brz,70A,70,Second singular and second plural,Santandrea-1966[208],
70A-cte,http://wals.info/languoid/lect/wals_code_cte,70A,70,Second person number-neutral,Westley-1991[87-90],
70A-kyg,http://wals.info/languoid/lect/wals_code_kyg,70A,70,Second singular and second plural,"Ittmann-1935[180, 182, 184-185]",
70A-lob,http://wals.info/languoid/lect/wals_code_lob,70A,70,Second person number-neutral,"Kambou-2000[78];Becuwe-1982[284, 300-306]",
70A-lgt,http://wals.info/languoid/lect/wals_code_lgt,70A,70,Second person number-neutral,Madragule-1986[75],
70A-npn,http://wals.info/languoid/lect/wals_code_npn,70A,70,Second person number-neutral,Sreedhar-1985[120],
70A-ntn,http://wals.info/languoid/lect/wals_code_ntn,70A,70,Second singular and second plural,Neukom-1995[54-55],
70A-ndg,http://wals.info/languoid/lect/wals_code_ndg,70A,70,Second singular,Santandrea-1961[116],
70A-anu,http://wals.info/languoid/lect/wals_code_anu,70A,70,No second-person imperatives,"Stanford-and-Stanford-1970[29, 30]",
70A-anl,http://wals.info/languoid/lect/wals_code_anl,70A,70,Second singular and second plural,Mitchell-and-Al-Hassan-1994[33-34],
70A-ark,http://wals.info/languoid/lect/wals_code_ark,70A,70,No second-person imperatives,Francois-2002,
70A-buk,http://wals.info/languoid/lect/wals_code_buk,70A,70,Second singular,Austen-1974[183],
70A-glc,http://wals.info/languoid/lect/wals_code_glc,70A,70,Second singular and second plural,Perez-Bouza-1996[passim],
70A-goj,http://wals.info/languoid/lect/wals_code_goj,70A,70,Second singular and second plural,"Sharma-1982b[167, 168-169]",
70A-kow,http://wals.info/languoid/lect/wals_code_kow,70A,70,Second person number-neutral,,
70A-nub,http://wals.info/languoid/lect/wals_code_nub,70A,70,Second singular and second plural,Heine-1982[43],
70A-nng,http://wals.info/languoid/lect/wals_code_nng,70A,70,Second singular,Kadima-1965[106],
70A-qta,http://wals.info/languoid/lect/wals_code_qta,70A,70,Second singular and second plural,"Adelaar-1977[95, 99]",
70A-wll,http://wals.info/languoid/lect/wals_code_wll,70A,70,No second-person imperatives,Nguyen-1998[320],
70A-ykm,http://wals.info/languoid/lect/wals_code_ykm,70A,70,No second-person imperatives,"Boyeldieu-1995[114-115, 120-121]",
70A-ago,http://wals.info/languoid/lect/wals_code_ago,70A,70,Second person number-neutral,Maurer-1995[140],
70A-ars,http://wals.info/languoid/lect/wals_code_ars,70A,70,Second singular and second plural,Watson-1993[77],
70A-coi,http://wals.info/languoid/lect/wals_code_coi,70A,70,Second singular and second plural,Lubeck-and-Cowie-1989[passim],
70A-dbd,http://wals.info/languoid/lect/wals_code_dbd,70A,70,Second singular and second plural,Rjabova-2000[80],
70A-krt,http://wals.info/languoid/lect/wals_code_krt,70A,70,Second person number-neutral,Magomedbekova-1971[134-135],
70A-lno,http://wals.info/languoid/lect/wals_code_lno,70A,70,Second singular and second plural,"Varol-1998[173, passim]",
70A-mbg,http://wals.info/languoid/lect/wals_code_mbg,70A,70,Second singular and second plural,,
70A-rav,http://wals.info/languoid/lect/wals_code_rav,70A,70,Second singular,"Igla-1989[65, 136, 164]",
70A-sva,http://wals.info/languoid/lect/wals_code_sva,70A,70,No second-person imperatives,,
70A-wwr,http://wals.info/languoid/lect/wals_code_wwr,70A,70,Second singular and second plural,Blake-1991[75],
70A-bdk,http://wals.info/languoid/lect/wals_code_bdk,70A,70,Second singular and second plural,Alekseev-1994a[279],
70A-her,http://wals.info/languoid/lect/wals_code_her,70A,70,Second singular and second plural,Viehe-1897[33-34],
70A-kwe,http://wals.info/languoid/lect/wals_code_kwe,70A,70,Second singular and second plural,"Zavala-1992[83, 267]",
70A-krq,http://wals.info/languoid/lect/wals_code_krq,70A,70,Second singular and second plural,Volodin-2001[146-148],
70A-kwr,http://wals.info/languoid/lect/wals_code_kwr,70A,70,Second singular and second plural,"Lindstrom-and-Lynch-1994[9, 29]",
70A-mnx,http://wals.info/languoid/lect/wals_code_mnx,70A,70,Second person number-neutral,Broderick-1984[passim],
70A-mop,http://wals.info/languoid/lect/wals_code_mop,70A,70,Second singular and second plural,Ulrich-et-al-1986[371],
70A-oka,http://wals.info/languoid/lect/wals_code_oka,70A,70,Second singular and second plural,Mattina-1980[213-216],
70A-pta,http://wals.info/languoid/lect/wals_code_pta,70A,70,Second singular and second plural,Paita-and-Shintani-1990[97-98],
70A-tet,http://wals.info/languoid/lect/wals_code_tet,70A,70,Second singular and second plural,Wetshemongo-1998[206],
70A-apa,http://wals.info/languoid/lect/wals_code_apa,70A,70,No second-person imperatives,Shahin-1995[30],
70A-emc,http://wals.info/languoid/lect/wals_code_emc,70A,70,Second singular and second plural,Aguirre-Licht-1999[114-116],
70A-hmd,http://wals.info/languoid/lect/wals_code_hmd,70A,70,No second-person imperatives,Mottin-1978[86],
70A-mbo,http://wals.info/languoid/lect/wals_code_mbo,70A,70,No second-person imperatives,Vormann-and-Scharfenberger-1914[62],
70A-occ,http://wals.info/languoid/lect/wals_code_occ,70A,70,Second singular,Wheeler-1988a[262],
70A-sou,http://wals.info/languoid/lect/wals_code_sou,70A,70,Second singular and second plural,Schuster-Sewc-1996[200-201];Stone-1993[637],
70A-zen,http://wals.info/languoid/lect/wals_code_zen,70A,70,Second singular and second plural,Nicolas-1953[43],
70A-crg,http://wals.info/languoid/lect/wals_code_crg,70A,70,Second singular,Dietrich-1986[93],
70A-lng,http://wals.info/languoid/lect/wals_code_lng,70A,70,Second singular and second plural,"Susnik-1977[92-93, 100]",
70A-loz,http://wals.info/languoid/lect/wals_code_loz,70A,70,Second singular and second plural,Gowlett-1967[143-144],
70A-sko,http://wals.info/languoid/lect/wals_code_sko,70A,70,No second-person imperatives,,
70A-tem,http://wals.info/languoid/lect/wals_code_tem,70A,70,Second singular and second plural,Tchagbale-1998[135],
70A-vag,http://wals.info/languoid/lect/wals_code_vag,70A,70,No second-person imperatives,Crouch-and-Naden-1998[85],
70A-fue,http://wals.info/languoid/lect/wals_code_fue,70A,70,No second-person imperatives,,
70A-kei,http://wals.info/languoid/lect/wals_code_kei,70A,70,No second-person imperatives,Geurtjens-1921[36],
70A-mhu,http://wals.info/languoid/lect/wals_code_mhu,70A,70,Second singular and second plural,Fourie-1993[31],
70A-mul,http://wals.info/languoid/lect/wals_code_mul,70A,70,No second-person imperatives,Jung-and-Guoqiao-1993[passim],
70A-nel,http://wals.info/languoid/lect/wals_code_nel,70A,70,No second-person imperatives,Bril-1999[82],
70A-oix,http://wals.info/languoid/lect/wals_code_oix,70A,70,Second singular and second plural,Lastra-1998[13-14],
70A-sug,http://wals.info/languoid/lect/wals_code_sug,70A,70,Second singular and second plural,Lukas-1938[198-199],
70A-ayr,http://wals.info/languoid/lect/wals_code_ayr,70A,70,Second singular and second plural,Susnik-1963[71],
70A-bhu,http://wals.info/languoid/lect/wals_code_bhu,70A,70,No second-person imperatives,"Ramaswami-1992[102, 131-132, 143-145]",
70A-csh,http://wals.info/languoid/lect/wals_code_csh,70A,70,Second person number-neutral,"Camargo-Bigot-1992[210, 220, 259-260]",
70A-des,http://wals.info/languoid/lect/wals_code_des,70A,70,Second person number-neutral,Miller-1999[72-74],
70A-sgl,http://wals.info/languoid/lect/wals_code_sgl,70A,70,Second singular,Mangulu-2001[315],
70A-tor,http://wals.info/languoid/lect/wals_code_tor,70A,70,Second person number-neutral,"Himmelmann-and-Wolf-1999[24-25, 44-45]",
70A-kui,http://wals.info/languoid/lect/wals_code_kui,70A,70,Second singular and second plural,Winfield-1928[64],
70A-chj,http://wals.info/languoid/lect/wals_code_chj,70A,70,Second singular and second plural,Hopkins-1967[124-125],
70A-far,http://wals.info/languoid/lect/wals_code_far,70A,70,Second singular and second plural,Barnes-and-Weyhe-1994[204],
70A-kod,http://wals.info/languoid/lect/wals_code_kod,70A,70,Second singular and second plural,Ebert-1996[23],
70A-mdk,http://wals.info/languoid/lect/wals_code_mdk,70A,70,Second singular,"Creissels-1983[17, 19]",
70A-bkt,http://wals.info/languoid/lect/wals_code_bkt,70A,70,Second person number-neutral,Ramaswami-1982[74],
70A-gll,http://wals.info/languoid/lect/wals_code_gll,70A,70,No second-person imperatives,van-Baarda-1891[56];van-Baarda-1908[124],
70A-ido,http://wals.info/languoid/lect/wals_code_ido,70A,70,Second person number-neutral,Abraham-1951[47-48],
70A-kdw,http://wals.info/languoid/lect/wals_code_kdw,70A,70,No second-person imperatives,Sandalo-1997[41-42],
70A-muu,http://wals.info/languoid/lect/wals_code_muu,70A,70,No second-person imperatives,Crofts-1973[passim],
70A-tsa,http://wals.info/languoid/lect/wals_code_tsa,70A,70,Second singular and second plural,"Kibrik-1999[76-77, 279-280]",
70A-laz,http://wals.info/languoid/lect/wals_code_laz,70A,70,Second singular and second plural,Mattissen-1995[54];Liu-1995[102],
70A-rwa,http://wals.info/languoid/lect/wals_code_rwa,70A,70,Second singular and second plural,Toland-and-Toland-1991[143-144],
70A-rka,http://wals.info/languoid/lect/wals_code_rka,70A,70,Second singular,"Boretzky-1994[77, 136]",
70A-uma,http://wals.info/languoid/lect/wals_code_uma,70A,70,No second-person imperatives,Esser-1964[11-12],
70A-zaz,http://wals.info/languoid/lect/wals_code_zaz,70A,70,Second singular and second plural,Todd-1985[100-102],
70A-bem,http://wals.info/languoid/lect/wals_code_bem,70A,70,Second singular and second plural,Sims-1959[81-84];Sharman-1963[208-211],
70A-kil,http://wals.info/languoid/lect/wals_code_kil,70A,70,Second singular and second plural,Beckett-1951[68-69];Munyarugero-1975[88-89],
70A-nap,http://wals.info/languoid/lect/wals_code_nap,70A,70,Second singular and second plural,Garbell-1965[71];Jastrow-1997[344],
70A-rsu,http://wals.info/languoid/lect/wals_code_rsu,70A,70,Second singular and second plural,Haiman-1988[361];Candinas-1982[passim],
70A-shb,http://wals.info/languoid/lect/wals_code_shb,70A,70,Second singular and second plural,Teferra-1991[381],
70A-wth,http://wals.info/languoid/lect/wals_code_wth,70A,70,Second person number-neutral,Blake-et-al-1998a[80-81],
70A-wau,http://wals.info/languoid/lect/wals_code_wau,70A,70,Second singular and second plural,Sanchez-et-al-1977[73-74],
70A-dam,http://wals.info/languoid/lect/wals_code_dam,70A,70,Second person number-neutral,Trillos-Amaya-1999a[153],
70A-kte,http://wals.info/languoid/lect/wals_code_kte,70A,70,Second singular and second plural,Kamba-Muzenga-1980[158-159],
70A-nya,http://wals.info/languoid/lect/wals_code_nya,70A,70,Second person number-neutral,"Dixon-1983[471, 476-477]",
70A-tke,http://wals.info/languoid/lect/wals_code_tke,70A,70,Second person number-neutral,"Hooper-1996[16, 29]",
70A-cml,http://wals.info/languoid/lect/wals_code_cml,70A,70,Second singular and second plural,Ebert-1997a[32],
70A-cld,http://wals.info/languoid/lect/wals_code_cld,70A,70,Second singular and second plural,Sara-1974[92-93],
70A-khk,http://wals.info/languoid/lect/wals_code_khk,70A,70,Second singular and second plural,Anderson-1998[32],
70A-mle,http://wals.info/languoid/lect/wals_code_mle,70A,70,Second singular and second plural,Amha-2001[126-127],
70A-mgo,http://wals.info/languoid/lect/wals_code_mgo,70A,70,Second singular and second plural,Hulstaert-1965[340-342],
70A-mdg,http://wals.info/languoid/lect/wals_code_mdg,70A,70,No second-person imperatives,Elders-2000[386],
70A-stn,http://wals.info/languoid/lect/wals_code_stn,70A,70,Second singular and second plural,Louwrens-et-al-1995[37],
70A-zqs,http://wals.info/languoid/lect/wals_code_zqs,70A,70,Second singular and second plural,Foster-and-Foster-1948[20],
70A-dja,http://wals.info/languoid/lect/wals_code_dja,70A,70,Second person number-neutral,Patz-1991[279-280],
70A-kkn,http://wals.info/languoid/lect/wals_code_kkn,70A,70,Second person number-neutral,Gruere-and-Sardessai-1998[108],
70A-sgu,http://wals.info/languoid/lect/wals_code_sgu,70A,70,Second singular and second plural,Idiata-1998[50-51],
70A-vot,http://wals.info/languoid/lect/wals_code_vot,70A,70,Second singular and second plural,Ariste-1968[73-74],
70A-avo,http://wals.info/languoid/lect/wals_code_avo,70A,70,No second-person imperatives,Kilpatrick-1981[21],
70A-azi,http://wals.info/languoid/lect/wals_code_azi,70A,70,Second singular and second plural,"Dehghani-2000[115, 117, 200]",
70A-jar,http://wals.info/languoid/lect/wals_code_jar,70A,70,No second-person imperatives,Lukas-and-Willms-1961[28],
70A-ong,http://wals.info/languoid/lect/wals_code_ong,70A,70,No second-person imperatives,Dasgupta-and-Sharma-1982[28-29],
70A-sap,http://wals.info/languoid/lect/wals_code_sap,70A,70,No second-person imperatives,Jacq-and-Sidwell-1999[25],
70A-sus,http://wals.info/languoid/lect/wals_code_sus,70A,70,Second person number-neutral,Friedlander-1974[55];Houis-1963[123],
70A-wrm,http://wals.info/languoid/lect/wals_code_wrm,70A,70,No second-person imperatives,,
70A-gam,http://wals.info/languoid/lect/wals_code_gam,70A,70,Second singular and second plural,"Taylor-1994[75, 308]",
70A-gbk,http://wals.info/languoid/lect/wals_code_gbk,70A,70,No second-person imperatives,"Roulon-Doko-1995[34-35];Roulon-1975[84-85, 98-101]",
70A-nim,http://wals.info/languoid/lect/wals_code_nim,70A,70,No second-person imperatives,May-1997[97];Anceaux-1965[112],
70A-teh,http://wals.info/languoid/lect/wals_code_teh,70A,70,Second singular,"Fernandez-Garay-1993[327, 343]",
70A-udi,http://wals.info/languoid/lect/wals_code_udi,70A,70,Second singular and second plural,Schulze-Furhoff-1994[478],
70A-hya,http://wals.info/languoid/lect/wals_code_hya,70A,70,Second person number-neutral,Lehman-1977[144],
70A-mbb,http://wals.info/languoid/lect/wals_code_mbb,70A,70,Second person number-neutral,Dixon-1991b[383],
70A-mwe,http://wals.info/languoid/lect/wals_code_mwe,70A,70,Second singular and second plural,Harries-1950[86-89],
70A-saw,http://wals.info/languoid/lect/wals_code_saw,70A,70,Second person number-neutral,Walker-1982[43],
70A-tnc,http://wals.info/languoid/lect/wals_code_tnc,70A,70,Second singular and second plural,Holton-2000[229],
70A-thk,http://wals.info/languoid/lect/wals_code_thk,70A,70,Second person number-neutral,Georg-1995[123-124],
70A-kms,http://wals.info/languoid/lect/wals_code_kms,70A,70,Second singular and second plural,Joki-1944[passim],
70A-lot,http://wals.info/languoid/lect/wals_code_lot,70A,70,Second person number-neutral,Acharya-1983[139-140],
70A-mxy,http://wals.info/languoid/lect/wals_code_mxy,70A,70,No second-person imperatives,Farris-1992[43-45],
70A-aga,http://wals.info/languoid/lect/wals_code_aga,70A,70,Second person number-neutral,"Goddard-1976[10];Goddard-1980[42, 66]",
70A-fri,http://wals.info/languoid/lect/wals_code_fri,70A,70,Second singular,Hoekstra-and-Tiersma-1994[517],
70A-kim,http://wals.info/languoid/lect/wals_code_kim,70A,70,No second-person imperatives,Drabbe-1949[10],
70A-mwo,http://wals.info/languoid/lect/wals_code_mwo,70A,70,No second-person imperatives,Francois-2001,
70A-prk,http://wals.info/languoid/lect/wals_code_prk,70A,70,Second singular and second plural,Rangan-1979[84-106],
70A-srd,http://wals.info/languoid/lect/wals_code_srd,70A,70,Second singular and second plural,Jones-1988[332],
70A-see,http://wals.info/languoid/lect/wals_code_see,70A,70,Second person number-neutral,"Asai-1953[28-29, 56-57]",
70A-cak,http://wals.info/languoid/lect/wals_code_cak,70A,70,Second singular and second plural,Townsend-1961[18];Brinton-1884[390-391],
70A-nma,http://wals.info/languoid/lect/wals_code_nma,70A,70,Second singular,Giridhar-1994[347-354],
70A-apt,http://wals.info/languoid/lect/wals_code_apt,70A,70,Second person number-neutral,Abraham-1985[101-102],
70A-bii,http://wals.info/languoid/lect/wals_code_bii,70A,70,Second person number-neutral,Terrill-1998[38-39],
70A-kbl,http://wals.info/languoid/lect/wals_code_kbl,70A,70,Second person number-neutral,Hamouma-nd[77],
70A-man,http://wals.info/languoid/lect/wals_code_man,70A,70,Second singular and second plural,Becker-Donner-1965[34-37],
70A-nkn,http://wals.info/languoid/lect/wals_code_nkn,70A,70,Second person number-neutral,Painter-1970[334],
70A-pnn,http://wals.info/languoid/lect/wals_code_pnn,70A,70,Second person number-neutral,Benton-1971a[201],
70A-sdw,http://wals.info/languoid/lect/wals_code_sdw,70A,70,Second singular and second plural,Dempwolff-1916[passim],
70A-uld,http://wals.info/languoid/lect/wals_code_uld,70A,70,Second singular and second plural,Provoost-and-Koulifa-1987[156-157],
70A-yng,http://wals.info/languoid/lect/wals_code_yng,70A,70,Second singular and second plural,"Dench-1998[41, 43]",
70A-hmr,http://wals.info/languoid/lect/wals_code_hmr,70A,70,No second-person imperatives,Lydall-1976[421],
70A-hui,http://wals.info/languoid/lect/wals_code_hui,70A,70,Second singular and second plural,Grimes-1964[28],
70A-kok,http://wals.info/languoid/lect/wals_code_kok,70A,70,Second person number-neutral,Pai-1976[69],
70A-kuv,http://wals.info/languoid/lect/wals_code_kuv,70A,70,Second singular and second plural,Krishnamurti-1969[290-291];Reddy-1979[11-114],
70A-msg,http://wals.info/languoid/lect/wals_code_msg,70A,70,Second person number-neutral,Prasad-1991[92-93],
70A-lil,http://wals.info/languoid/lect/wals_code_lil,70A,70,Second singular and second plural,"van-Eijk-1997[151-152, 156, 157]",
70A-mcd,http://wals.info/languoid/lect/wals_code_mcd,70A,70,Second singular and second plural,"Groen-1977[121];Friedman-1993[279, 288]",
70A-mik,http://wals.info/languoid/lect/wals_code_mik,70A,70,Second person number-neutral,Jeyapaul-1987[116-117];Konwar-2001[159-160],
70A-pba,http://wals.info/languoid/lect/wals_code_pba,70A,70,Second person number-neutral,"Estrada-Fernandez-1996[13, 32-33]",
70A-tir,http://wals.info/languoid/lect/wals_code_tir,70A,70,Second singular and second plural,Meira-1999[318],
70A-tsf,http://wals.info/languoid/lect/wals_code_tsf,70A,70,Second singular,Moore-1979[24-26],
70A-tzo,http://wals.info/languoid/lect/wals_code_tzo,70A,70,Second singular and second plural,"Aissen-1987[42, 45-46]",
70A-wat,http://wals.info/languoid/lect/wals_code_wat,70A,70,Second person number-neutral,"Douglas-1981[230, 237, 238]",
70A-yny,http://wals.info/languoid/lect/wals_code_yny,70A,70,Second singular and second plural,"Kirton-and-Charlie-1996[143, 147]",
70A-gmz,http://wals.info/languoid/lect/wals_code_gmz,70A,70,Second singular and second plural,Bender-1979[47-48],
70A-ngt,http://wals.info/languoid/lect/wals_code_ngt,70A,70,Second person number-neutral,Arokianathan-1987[95],
70A-wlo,http://wals.info/languoid/lect/wals_code_wlo,70A,70,Second person number-neutral,Anceaux-1952[passim],
70A-acl,http://wals.info/languoid/lect/wals_code_acl,70A,70,Second singular and second plural,Crazzolara-1955[118-120],
70A-adk,http://wals.info/languoid/lect/wals_code_adk,70A,70,Second singular and second plural,"Landaburu-1979[88, 225]",
70A-ath,http://wals.info/languoid/lect/wals_code_ath,70A,70,Second singular and second plural,Ebert-1997b[65],
70A-dmi,http://wals.info/languoid/lect/wals_code_dmi,70A,70,Second singular and second plural,van-Driem-1993[250-256],
70A-fua,http://wals.info/languoid/lect/wals_code_fua,70A,70,Second singular and second plural,Taylor-1953[81],
70A-iqu,http://wals.info/languoid/lect/wals_code_iqu,70A,70,No second-person imperatives,Eastman-and-Eastman-1963[165],
70A-koi,http://wals.info/languoid/lect/wals_code_koi,70A,70,Second singular and second plural,Dutton-1996[26-27],
70A-mdn,http://wals.info/languoid/lect/wals_code_mdn,70A,70,Second singular and second plural,Mixco-1997[37],
70A-mon,http://wals.info/languoid/lect/wals_code_mon,70A,70,No second-person imperatives,Albaugh-et-al-2001,
70A-pny,http://wals.info/languoid/lect/wals_code_pny,70A,70,Second person number-neutral,Dench-1991[168-169],
70A-shl,http://wals.info/languoid/lect/wals_code_shl,70A,70,Second singular and second plural,Westermann-1974[24-25],
70A-url,http://wals.info/languoid/lect/wals_code_url,70A,70,No second-person imperatives,,
70A-dig,http://wals.info/languoid/lect/wals_code_dig,70A,70,Second singular and second plural,Sastry-1984[146],
70A-gim,http://wals.info/languoid/lect/wals_code_gim,70A,70,Second singular and second plural,Breeze-1990[36],
70A-guj,http://wals.info/languoid/lect/wals_code_guj,70A,70,Second singular and second plural,Nair-1987[295],
70A-plh,http://wals.info/languoid/lect/wals_code_plh,70A,70,No second-person imperatives,Stresemann-1918[28-29],
70A-don,http://wals.info/languoid/lect/wals_code_don,70A,70,No second-person imperatives,Long-and-Zheng-1998[179],
70A-emb,http://wals.info/languoid/lect/wals_code_emb,70A,70,Second singular and second plural,Mortensen-1999[95-96],
70A-god,http://wals.info/languoid/lect/wals_code_god,70A,70,Second person number-neutral,Kibrik-1996[49],
70A-krn,http://wals.info/languoid/lect/wals_code_krn,70A,70,No second-person imperatives,Maingard-1962[19-20],
70A-kpe,http://wals.info/languoid/lect/wals_code_kpe,70A,70,No second-person imperatives,Westermann-and-Melzian-1930[19],
70A-meh,http://wals.info/languoid/lect/wals_code_meh,70A,70,Second singular and second plural,Simeone-Senelle-1997[404],
70A-sem,http://wals.info/languoid/lect/wals_code_sem,70A,70,Second person number-neutral,"Sreedhar-1980[137, 138]",
70A-tvl,http://wals.info/languoid/lect/wals_code_tvl,70A,70,Second singular,"Besnier-2000[33-35, 497]",
70A-wrg,http://wals.info/languoid/lect/wals_code_wrg,70A,70,Second singular and second plural,Dixon-1981[34],
70A-bfg,http://wals.info/languoid/lect/wals_code_bfg,70A,70,Second singular and second plural,Kossmann-1997[345],
70A-moe,http://wals.info/languoid/lect/wals_code_moe,70A,70,Second singular and second plural,Zaicz-1998[201],
70A-pec,http://wals.info/languoid/lect/wals_code_pec,70A,70,No second-person imperatives,Conzemius-1928[77],
70A-slb,http://wals.info/languoid/lect/wals_code_slb,70A,70,No second-person imperatives,,
70A-slo,http://wals.info/languoid/lect/wals_code_slo,70A,70,Second singular and second plural,Derbyshire-1993[80-82],
70A-tno,http://wals.info/languoid/lect/wals_code_tno,70A,70,No second-person imperatives,Sneddon-1975[passim],
70A-tot,http://wals.info/languoid/lect/wals_code_tot,70A,70,No second-person imperatives,MacKay-1999[144],
70A-bud,http://wals.info/languoid/lect/wals_code_bud,70A,70,Second singular and second plural,Lukas-and-Nachtigal-1939[56-57],
70A-egn,http://wals.info/languoid/lect/wals_code_egn,70A,70,No second-person imperatives,Thomas-1978[77-78],
70A-hmi,http://wals.info/languoid/lect/wals_code_hmi,70A,70,Second singular and second plural,Minor-et-al-1982[70],
70A-kmp,http://wals.info/languoid/lect/wals_code_kmp,70A,70,Second singular and second plural,Geary-1977[26-27],
70A-lin,http://wals.info/languoid/lect/wals_code_lin,70A,70,Second singular,Meeuwis-1998[28],
70A-yus,http://wals.info/languoid/lect/wals_code_yus,70A,70,Second singular and second plural,Vaxtin-2001[131],
70A-ceb,http://wals.info/languoid/lect/wals_code_ceb,70A,70,Second singular and second plural,Wolff-1966[439-441],
70A-cor,http://wals.info/languoid/lect/wals_code_cor,70A,70,Second singular and second plural,Casad-1984[201],
70A-hay,http://wals.info/languoid/lect/wals_code_hay,70A,70,No second-person imperatives,Michailovsky-1988[93-94],
70A-jab,http://wals.info/languoid/lect/wals_code_jab,70A,70,Second singular,Zahn-1940[22],
70A-txj,http://wals.info/languoid/lect/wals_code_txj,70A,70,No second-person imperatives,"Reid-1991[11-12, 20]",
70A-tri,http://wals.info/languoid/lect/wals_code_tri,70A,70,No second-person imperatives,Hollenbach-1992[233-234],
70A-bel,http://wals.info/languoid/lect/wals_code_bel,70A,70,Second singular and second plural,"Bickel-1996[53, 83, 110]",
70A-ccm,http://wals.info/languoid/lect/wals_code_ccm,70A,70,Second person number-neutral,Anderson-1989[89],
70A-kmk,http://wals.info/languoid/lect/wals_code_kmk,70A,70,Second singular and second plural,Benzing-1985[61],
70A-krc,http://wals.info/languoid/lect/wals_code_krc,70A,70,Second singular and second plural,Seegmiller-1996[24],
70A-mad,http://wals.info/languoid/lect/wals_code_mad,70A,70,No second-person imperatives,Molinaro-1925[24],
70A-mnm,http://wals.info/languoid/lect/wals_code_mnm,70A,70,No second-person imperatives,Lichtenberk-1983[417],
70A-nga,http://wals.info/languoid/lect/wals_code_nga,70A,70,Second singular and second plural,Helimski-1998a[505],
70A-obo,http://wals.info/languoid/lect/wals_code_obo,70A,70,Second singular and second plural,Faraclas-1984[58],
70A-cay,http://wals.info/languoid/lect/wals_code_cay,70A,70,Second singular and second plural,"Vittadello-1988[59, 70]",
70A-mos,http://wals.info/languoid/lect/wals_code_mos,70A,70,Second singular and second plural,,
70A-api,http://wals.info/languoid/lect/wals_code_api,70A,70,Second singular,Ham-et-al-1979[46-47],
70A-diz,http://wals.info/languoid/lect/wals_code_diz,70A,70,Second singular and second plural,Allan-1976b[388],
70A-ppi,http://wals.info/languoid/lect/wals_code_ppi,70A,70,Second singular and second plural,Blake-1979c[203],
70A-tbu,http://wals.info/languoid/lect/wals_code_tbu,70A,70,Second singular and second plural,Le-Coeur-and-Le-Coeur-1956[68-69];Lukas-1953[passim],
70A-kam,http://wals.info/languoid/lect/wals_code_kam,70A,70,No second-person imperatives,Klamer-1998[164-167],
70A-lnd,http://wals.info/languoid/lect/wals_code_lnd,70A,70,No second-person imperatives,Tisserant-1930[81];Cloarec-Heiss-1995[88],
70A-mai,http://wals.info/languoid/lect/wals_code_mai,70A,70,Second person number-neutral,"Yadav-1996[163-164, 285]",
70A-msl,http://wals.info/languoid/lect/wals_code_msl,70A,70,Second singular and second plural,Edgar-1989[23],
70A-vai,http://wals.info/languoid/lect/wals_code_vai,70A,70,Second singular and second plural,Welmers-1976[82-94],
70A-gum,http://wals.info/languoid/lect/wals_code_gum,70A,70,Second singular and second plural,Eades-1979[322],
70A-gwa,http://wals.info/languoid/lect/wals_code_gwa,70A,70,No second-person imperatives,Hyman-and-Magaji-1970[61-62],
70A-kws,http://wals.info/languoid/lect/wals_code_kws,70A,70,Second singular and second plural,Zigmond-et-al-1990-1991[34-35],
70A-lon,http://wals.info/languoid/lect/wals_code_lon,70A,70,No second-person imperatives,Hamel-1994[147-148],
70A-mde,http://wals.info/languoid/lect/wals_code_mde,70A,70,Second person number-neutral,Aginsky-1935[64-65],
70A-noo,http://wals.info/languoid/lect/wals_code_noo,70A,70,Second singular,Soukka-2000[188],
70A-pno,http://wals.info/languoid/lect/wals_code_pno,70A,70,No second-person imperatives,Snapp-et-al-1982[passim],
70A-kiw,http://wals.info/languoid/lect/wals_code_kiw,70A,70,Second person number-neutral,Ray-1933[57],
70A-ber,http://wals.info/languoid/lect/wals_code_ber,70A,70,Second singular and second plural,Triulzi-et-al-1976a[16-17],
70A-cmh,http://wals.info/languoid/lect/wals_code_cmh,70A,70,Second singular and second plural,Press-1975[155-158],
70A-mlt,http://wals.info/languoid/lect/wals_code_mlt,70A,70,Second singular and second plural,Borg-and-Azzopardi-Alexander-1997[27];Aquilina-1959[320],
70A-wrk,http://wals.info/languoid/lect/wals_code_wrk,70A,70,Second singular and second plural,Aikhenvald-1998[263-264],
70A-bae,http://wals.info/languoid/lect/wals_code_bae,70A,70,Second person number-neutral,Aikhenvald-1996[33],
70A-chc,http://wals.info/languoid/lect/wals_code_chc,70A,70,Second person number-neutral,Nichols-1994a[40],
70A-err,http://wals.info/languoid/lect/wals_code_err,70A,70,Second singular and second plural,Crowley-1998a[87-89],
70A-jeb,http://wals.info/languoid/lect/wals_code_jeb,70A,70,Second singular and second plural,Bendor-Samuel-1961b[77],
70A-mme,http://wals.info/languoid/lect/wals_code_mme,70A,70,Second singular and second plural,Sebeok-and-Ingemann-1961[21-22];Kangasmaa-Minn-1998[230],
70A-mby,http://wals.info/languoid/lect/wals_code_mby,70A,70,Second person number-neutral,Keegan-1997[71],
70A-sno,http://wals.info/languoid/lect/wals_code_sno,70A,70,Second singular and second plural,"Bartens-1989[171-172, 279-283];Sammallahti-1998a[76]",
70A-ukr,http://wals.info/languoid/lect/wals_code_ukr,70A,70,Second singular and second plural,Danylenko-and-Vakulenko-1995[47],
70A-yuk,http://wals.info/languoid/lect/wals_code_yuk,70A,70,Second singular and second plural,"Keen-1983[225, 240]",
70A-ttu,http://wals.info/languoid/lect/wals_code_ttu,70A,70,Second singular and second plural,Holisky-and-Gagua-1994[181],
70A-alw,http://wals.info/languoid/lect/wals_code_alw,70A,70,Second singular,Sharpe-1972[88],
70A-ao,http://wals.info/languoid/lect/wals_code_ao,70A,70,Second person number-neutral,Gurubasave-1975[51-52],
70A-apl,http://wals.info/languoid/lect/wals_code_apl,70A,70,Second singular and second plural,"Koehn-and-Koehn-1986[61-62, 106-107]",
70A-bbw,http://wals.info/languoid/lect/wals_code_bbw,70A,70,Second singular and second plural,Oates-1964a[50-51],
70A-fye,http://wals.info/languoid/lect/wals_code_fye,70A,70,Second singular and second plural,Nettle-1998[51],
70A-mro,http://wals.info/languoid/lect/wals_code_mro,70A,70,Second singular and second plural,Black-and-Black-1971[101-102],
70A-tvo,http://wals.info/languoid/lect/wals_code_tvo,70A,70,Second singular and second plural,Poppe-1968[62-64];Berta-1998[294],
70A-tpn,http://wals.info/languoid/lect/wals_code_tpn,70A,70,Second singular and second plural,Bascom-1982[293-294],
70A-udh,http://wals.info/languoid/lect/wals_code_udh,70A,70,Second singular and second plural,Nikolaeva-and-Tolskaya-2001[221-222],
70A-oss,http://wals.info/languoid/lect/wals_code_oss,70A,70,Second singular,"Abaev-1964[52-53, 65-66]",
70A-tas,http://wals.info/languoid/lect/wals_code_tas,70A,70,Second singular and second plural,Sadiqi-1997[159-160],
70A-amr,http://wals.info/languoid/lect/wals_code_amr,70A,70,Second singular and second plural,Marcais-1977[38];Caubet-1993[88-90],
70A-bir,http://wals.info/languoid/lect/wals_code_bir,70A,70,No second-person imperatives,Bouquiaux-1970[300-301],
70A-evn,http://wals.info/languoid/lect/wals_code_evn,70A,70,Second singular and second plural,Malchukov-1995[15];Malchukov-2001[161],
70A-tah,http://wals.info/languoid/lect/wals_code_tah,70A,70,Second person number-neutral,Lazard-and-Peltzer-1999[158],
70A-tkl,http://wals.info/languoid/lect/wals_code_tkl,70A,70,Second singular and second plural,"Sapir-1976[160, 164, 170];Sapir-1922b[160, 164, 170]",
70A-cze,http://wals.info/languoid/lect/wals_code_cze,70A,70,Second singular and second plural,Short-1993a[484],
70A-dsh,http://wals.info/languoid/lect/wals_code_dsh,70A,70,Second person number-neutral,Allan-et-al-1995[301];Haberland-1994[334],
70A-kwa,http://wals.info/languoid/lect/wals_code_kwa,70A,70,No second-person imperatives,Keesing-1985[passim],
70A-shu,http://wals.info/languoid/lect/wals_code_shu,70A,70,Second singular and second plural,"Kuipers-1974[45, 47-48]",
70A-so,http://wals.info/languoid/lect/wals_code_so,70A,70,Second singular and second plural,Carlin-1993[35],
70A-ctl,http://wals.info/languoid/lect/wals_code_ctl,70A,70,Second singular,"Hualde-1992[25, 323-324]",
70A-por,http://wals.info/languoid/lect/wals_code_por,70A,70,Second singular,,
70A-chr,http://wals.info/languoid/lect/wals_code_chr,70A,70,No second-person imperatives,Thomas-1971[182],
70A-est,http://wals.info/languoid/lect/wals_code_est,70A,70,Second singular and second plural,Oinas-1966[125],
70A-mum,http://wals.info/languoid/lect/wals_code_mum,70A,70,No second-person imperatives,Shimuzu-1983[117-118],
70A-ter,http://wals.info/languoid/lect/wals_code_ter,70A,70,Second singular and second plural,"Newman-1970[124-125, 148-149]",
70A-wiy,http://wals.info/languoid/lect/wals_code_wiy,70A,70,Second person number-neutral,Teeter-1964[37],
70A-abu,http://wals.info/languoid/lect/wals_code_abu,70A,70,No second-person imperatives,Berry-and-Berry-1999[116],
70A-bab,http://wals.info/languoid/lect/wals_code_bab,70A,70,Second singular and second plural,Schaub-1985[226],
70A-brr,http://wals.info/languoid/lect/wals_code_brr,70A,70,No second-person imperatives,Crowell-1979[64-67],
70A-djp,http://wals.info/languoid/lect/wals_code_djp,70A,70,No second-person imperatives,"Morphy-1983[72, 141-142]",
70A-krd,http://wals.info/languoid/lect/wals_code_krd,70A,70,Second singular and second plural,Akrawy-1982[99-101],
70A-mam,http://wals.info/languoid/lect/wals_code_mam,70A,70,Second singular and second plural,Dudley-and-Peck-1966[259];England-1983[173],
70A-nca,http://wals.info/languoid/lect/wals_code_nca,70A,70,No second-person imperatives,Braine-1970[154-203],
70A-ttn,http://wals.info/languoid/lect/wals_code_ttn,70A,70,No second-person imperatives,van-Klinken-1999[208],
70A-arg,http://wals.info/languoid/lect/wals_code_arg,70A,70,Second singular and second plural,Holes-1990[199-200],
70A-dgr,http://wals.info/languoid/lect/wals_code_dgr,70A,70,Second singular and second plural,Wu-1996[29],
70A-ik,http://wals.info/languoid/lect/wals_code_ik,70A,70,Second singular and second plural,Tucker-1973,
70A-nun,http://wals.info/languoid/lect/wals_code_nun,70A,70,No second-person imperatives,Saul-and-Wilson-1980[119-120],
70A-bsk,http://wals.info/languoid/lect/wals_code_bsk,70A,70,Second singular and second plural,Poppe-1964[46],
70A-mns,http://wals.info/languoid/lect/wals_code_mns,70A,70,Second singular and second plural,Keresztes-1998[401],
70A-mna,http://wals.info/languoid/lect/wals_code_mna,70A,70,Second singular and second plural,"van-den-Berg-1989b[74, 225]",
70A-mup,http://wals.info/languoid/lect/wals_code_mup,70A,70,Second person number-neutral,Jungraithmayr-1963[35],
70A-ngl,http://wals.info/languoid/lect/wals_code_ngl,70A,70,No second-person imperatives,Merlan-1983[101],
70A-scr,http://wals.info/languoid/lect/wals_code_scr,70A,70,Second singular and second plural,Kordic-1997[42],
70A-tin,http://wals.info/languoid/lect/wals_code_tin,70A,70,No second-person imperatives,Osumi-1995[235-236],
70A-ava,http://wals.info/languoid/lect/wals_code_ava,70A,70,Second singular and second plural,Charachidze-1981[99],
70A-lim,http://wals.info/languoid/lect/wals_code_lim,70A,70,Second singular and second plural,van-Driem-1987[187-193],
70A-miy,http://wals.info/languoid/lect/wals_code_miy,70A,70,Second singular and second plural,Schuh-1998[122],
70A-tna,http://wals.info/languoid/lect/wals_code_tna,70A,70,Second singular and second plural,Dimmendaal-1983a[178],
70A-uzb,http://wals.info/languoid/lect/wals_code_uzb,70A,70,Second singular and second plural,Raun-1969[80],
70A-kty,http://wals.info/languoid/lect/wals_code_kty,70A,70,Second singular and second plural,Nikolaeva-1999[26],
70A-mym,http://wals.info/languoid/lect/wals_code_mym,70A,70,Second singular and second plural,"Asher-and-Kumari-1997[32-36-35, 305, 332-334];George-1971[175]",
70A-tel,http://wals.info/languoid/lect/wals_code_tel,70A,70,Second singular and second plural,Krishnamurti-and-Gwynn-1985[163-167];Subrahmanyam-1974[20-23],
70A-klm,http://wals.info/languoid/lect/wals_code_klm,70A,70,Second person number-neutral,Stegnij-2001[81],
70A-tgr,http://wals.info/languoid/lect/wals_code_tgr,70A,70,Second singular and second plural,Raz-1983[55-56],
70A-tuv,http://wals.info/languoid/lect/wals_code_tuv,70A,70,Second singular and second plural,Anderson-and-Harrison-1999[51],
70A-hat,http://wals.info/languoid/lect/wals_code_hat,70A,70,No second-person imperatives,Reesink-1999,
70A-mok,http://wals.info/languoid/lect/wals_code_mok,70A,70,No second-person imperatives,Harrison-and-Albert-1976[176-177],
70A-nor,http://wals.info/languoid/lect/wals_code_nor,70A,70,Second person number-neutral,Askedal-1994[238],
70A-ret,http://wals.info/languoid/lect/wals_code_ret,70A,70,Second singular and second plural,Strom-1992[135-137],
70A-tau,http://wals.info/languoid/lect/wals_code_tau,70A,70,Second singular and second plural,MacDonald-1990[212],
70A-bre,http://wals.info/languoid/lect/wals_code_bre,70A,70,Second singular and second plural,"Wmffre-1998[37, 38];Press-1986[126]",
70A-ijo,http://wals.info/languoid/lect/wals_code_ijo,70A,70,Second singular,Williamson-1965[76],
70A-luo,http://wals.info/languoid/lect/wals_code_luo,70A,70,Second singular and second plural,Stafford-1967[22],
70A-pal,http://wals.info/languoid/lect/wals_code_pal,70A,70,No second-person imperatives,"Josephs-1975[110-111, 393-400]",
70A-sel,http://wals.info/languoid/lect/wals_code_sel,70A,70,Second person number-neutral,"Najlis-1973[9, 11, 59]",
70A-wap,http://wals.info/languoid/lect/wals_code_wap,70A,70,Second singular and second plural,"Radin-1929[50-52, 104-106]",
70A-akn,http://wals.info/languoid/lect/wals_code_akn,70A,70,Second singular,Christaller-1875[58],
70A-kis,http://wals.info/languoid/lect/wals_code_kis,70A,70,Second singular and second plural,Childs-1995[228],
70A-kon,http://wals.info/languoid/lect/wals_code_kon,70A,70,Second singular,Bentley-1887[652],
70A-lug,http://wals.info/languoid/lect/wals_code_lug,70A,70,Second person number-neutral,Crazzolara-1960[87-88],
70A-tsh,http://wals.info/languoid/lect/wals_code_tsh,70A,70,Second singular and second plural,Dayley-1989a[49-50],
70A-wel,http://wals.info/languoid/lect/wals_code_wel,70A,70,Second singular and second plural,Jones-1970[329-330];King-1993a[224-225],
70A-yap,http://wals.info/languoid/lect/wals_code_yap,70A,70,No second-person imperatives,Jensen-et-al-1977a[210-211],
70A-iaa,http://wals.info/languoid/lect/wals_code_iaa,70A,70,No second-person imperatives,Tryon-1968[55],
70A-jaq,http://wals.info/languoid/lect/wals_code_jaq,70A,70,Second singular and second plural,Hardman-1966[62-64],
70A-ton,http://wals.info/languoid/lect/wals_code_ton,70A,70,Second singular,Hoijer-1972[307];Hoijer-1946b[307],
70A-mhi,http://wals.info/languoid/lect/wals_code_mhi,70A,70,Second person number-neutral,Pandharipande-1997[508-446],
70A-pip,http://wals.info/languoid/lect/wals_code_pip,70A,70,Second singular and second plural,"Campbell-1985[84, 115-116]",
70A-tzu,http://wals.info/languoid/lect/wals_code_tzu,70A,70,Second singular and second plural,Dayley-1985[passim],
70A-die,http://wals.info/languoid/lect/wals_code_die,70A,70,Second singular and second plural,"Couro-and-Langdon-1975[64-65, 102-103];Langdon-1970[181]",
70A-ice,http://wals.info/languoid/lect/wals_code_ice,70A,70,Second singular,Petursson-1978[124-125];Thrainsson-1994[158],
70A-pan,http://wals.info/languoid/lect/wals_code_pan,70A,70,Second singular and second plural,"Bhatia-1993[34-35, 259]",
70A-lak,http://wals.info/languoid/lect/wals_code_lak,70A,70,Second singular and second plural,Zhirkov-1955[117-120],
70A-eka,http://wals.info/languoid/lect/wals_code_eka,70A,70,Second singular and second plural,Drabbe-1952[55];Doble-1987[95],
70A-ham,http://wals.info/languoid/lect/wals_code_ham,70A,70,Second singular and second plural,Oates-and-Oates-1968[47-50],
70A-mrg,http://wals.info/languoid/lect/wals_code_mrg,70A,70,Second singular and second plural,Hoffmann-1975[171-172],
70A-nan,http://wals.info/languoid/lect/wals_code_nan,70A,70,Second singular and second plural,Creider-and-Creider-1989[108],
70A-mac,http://wals.info/languoid/lect/wals_code_mac,70A,70,Second singular and second plural,Abbott-1991[49],
70A-mrd,http://wals.info/languoid/lect/wals_code_mrd,70A,70,Second singular and second plural,Drabbe-1955[131],
70A-mab,http://wals.info/languoid/lect/wals_code_mab,70A,70,Second singular and second plural,Trenga-1947[91-92],
70A-swe,http://wals.info/languoid/lect/wals_code_swe,70A,70,Second person number-neutral,Holmes-and-Hinchliffe-1994[298],
70A-wlf,http://wals.info/languoid/lect/wals_code_wlf,70A,70,Second singular and second plural,Sauvageot-1965[113-114];Church-1981[76];Nussbaum-et-al-1970[371],
70A-ace,http://wals.info/languoid/lect/wals_code_ace,70A,70,No second-person imperatives,Durie-1985[passim],
70A-chv,http://wals.info/languoid/lect/wals_code_chv,70A,70,Second singular and second plural,Krueger-1961[159],
70A-dut,http://wals.info/languoid/lect/wals_code_dut,70A,70,Second person number-neutral,,
70A-kas,http://wals.info/languoid/lect/wals_code_kas,70A,70,Second singular and second plural,Wali-and-Koul-1997[39],
70A-pur,http://wals.info/languoid/lect/wals_code_pur,70A,70,Second singular and second plural,"Chamoreau-1998[59];Foster-1969[56, 58]",
70A-una,http://wals.info/languoid/lect/wals_code_una,70A,70,Second singular and second plural,"Louwerse-1988[34, 35-37]",
70A-dyi,http://wals.info/languoid/lect/wals_code_dyi,70A,70,Second singular and second plural,Dixon-1972[110-111],
70A-haw,http://wals.info/languoid/lect/wals_code_haw,70A,70,No second-person imperatives,Elbert-and-Pukui-1979[61],
70A-ita,http://wals.info/languoid/lect/wals_code_ita,70A,70,Second singular,Maiden-and-Robustelli-2000[246-249],
70A-lit,http://wals.info/languoid/lect/wals_code_lit,70A,70,Second singular and second plural,Ambrazas-1997[314],
70A-ood,http://wals.info/languoid/lect/wals_code_ood,70A,70,Second singular and second plural,Saxton-1982[154-158],
70A-rom,http://wals.info/languoid/lect/wals_code_rom,70A,70,Second singular,Mallinson-1988[408],
70A-tml,http://wals.info/languoid/lect/wals_code_tml,70A,70,Second singular and second plural,Lehmann-1993[55-56],
70A-bul,http://wals.info/languoid/lect/wals_code_bul,70A,70,Second singular and second plural,"Feuillet-1995[28-29, 38];Beaulieux-1950[193]",
70A-pso,http://wals.info/languoid/lect/wals_code_pso,70A,70,Second person number-neutral,Moshinsky-1974[67],
70A-zun,http://wals.info/languoid/lect/wals_code_zun,70A,70,No second-person imperatives,Newman-1965[37-38],
70A-snt,http://wals.info/languoid/lect/wals_code_snt,70A,70,Second singular and second plural,"Cowan-1965[21, 41]",
70A-krb,http://wals.info/languoid/lect/wals_code_krb,70A,70,Second singular and second plural,Groves-et-al-1985[79],
70A-ypk,http://wals.info/languoid/lect/wals_code_ypk,70A,70,Second singular and second plural,Reed-et-al-1977[210],
70A-cnt,http://wals.info/languoid/lect/wals_code_cnt,70A,70,No second-person imperatives,Matthews-and-Yip-1994[359-361],
70A-fur,http://wals.info/languoid/lect/wals_code_fur,70A,70,No second-person imperatives,Beaton-1968[87];Jakobi-1990[101],
70A-pol,http://wals.info/languoid/lect/wals_code_pol,70A,70,Second singular and second plural,Rothstein-1993[712],
70A-ker,http://wals.info/languoid/lect/wals_code_ker,70A,70,No second-person imperatives,Ebert-1979[91],
70A-lad,http://wals.info/languoid/lect/wals_code_lad,70A,70,Second singular and second plural,Koshal-1979[225-226],
70A-lep,http://wals.info/languoid/lect/wals_code_lep,70A,70,Second person number-neutral,Mainwaring-1876[46-47];Mainwaring-1971[46-47],
70A-tli,http://wals.info/languoid/lect/wals_code_tli,70A,70,No second-person imperatives,Swanton-1911a[192-193],
70A-wam,http://wals.info/languoid/lect/wals_code_wam,70A,70,No second-person imperatives,Nordlinger-1998[155-156],
70A-alb,http://wals.info/languoid/lect/wals_code_alb,70A,70,Second singular,"Newmark-et-al-1982[56-57];Buchholz-and-Fiedler-1987[64-66, 80-83]",
70A-bam,http://wals.info/languoid/lect/wals_code_bam,70A,70,Second singular and second plural,Brauner-1974[79],
70A-kyl,http://wals.info/languoid/lect/wals_code_kyl,70A,70,No second-person imperatives,Solnit-1997[233-234],
70A-nti,http://wals.info/languoid/lect/wals_code_nti,70A,70,Second singular and second plural,"Kutsch-Lojenga-1994[256-259, 455]",
70A-car,http://wals.info/languoid/lect/wals_code_car,70A,70,Second singular and second plural,"Hoff-1968[188, 193]",
70A-mak,http://wals.info/languoid/lect/wals_code_mak,70A,70,Second singular and second plural,,
70A-tun,http://wals.info/languoid/lect/wals_code_tun,70A,70,Second singular and second plural,"Haas-1940[47, 118-119]",
70A-sue,http://wals.info/languoid/lect/wals_code_sue,70A,70,Second singular and second plural,"Wilson-1974[71, 107]",
70A-mku,http://wals.info/languoid/lect/wals_code_mku,70A,70,No second-person imperatives,Tryon-1970b[54],
70A-mrl,http://wals.info/languoid/lect/wals_code_mrl,70A,70,No second-person imperatives,"Arensen-1982[70, 71, 111]",
70A-psm,http://wals.info/languoid/lect/wals_code_psm,70A,70,Second singular and second plural,"Leavitt-1996[42-43, 54]",
70A-pit,http://wals.info/languoid/lect/wals_code_pit,70A,70,Second person number-neutral,Bowe-1990[169];Eckert-and-Hudson-1988[211-212],
70A-amh,http://wals.info/languoid/lect/wals_code_amh,70A,70,Second singular and second plural,Bentolila-and-Shimelis-1998[173];Leslau-1995[353-354],
70A-ana,http://wals.info/languoid/lect/wals_code_ana,70A,70,Second singular and second plural,"Pitman-1980[30, 36]",
70A-cyv,http://wals.info/languoid/lect/wals_code_cyv,70A,70,Second singular and second plural,Key-1967[29],
70A-dio,http://wals.info/languoid/lect/wals_code_dio,70A,70,No second-person imperatives,Sapir-1965[30],
70A-arm,http://wals.info/languoid/lect/wals_code_arm,70A,70,Second singular and second plural,Kozintseva-1995[49],
70A-aym,http://wals.info/languoid/lect/wals_code_aym,70A,70,Second person number-neutral,Hardman-de-Bautista-1974[226],
70A-baw,http://wals.info/languoid/lect/wals_code_baw,70A,70,No second-person imperatives,Reichle-1981[75-76],
70A-nbd,http://wals.info/languoid/lect/wals_code_nbd,70A,70,Second singular and second plural,Armbruster-1960[194],
70A-wrd,http://wals.info/languoid/lect/wals_code_wrd,70A,70,Second singular and second plural,Merlan-1994[181],
70A-hai,http://wals.info/languoid/lect/wals_code_hai,70A,70,Second person number-neutral,Swanton-1911b[250-251],
70A-kmu,http://wals.info/languoid/lect/wals_code_kmu,70A,70,No second-person imperatives,Smalley-1961[passim],
70A-pai,http://wals.info/languoid/lect/wals_code_pai,70A,70,Second person number-neutral,Egli-1990[116-118],
70A-bej,http://wals.info/languoid/lect/wals_code_bej,70A,70,Second singular and second plural,Hudson-1964[91],
70A-dre,http://wals.info/languoid/lect/wals_code_dre,70A,70,No second-person imperatives,Tryon-1967a[49];Moyse-Faurie-1983[195-196],
70A-gar,http://wals.info/languoid/lect/wals_code_gar,70A,70,Second person number-neutral,Burling-1961[27-28],
70A-pms,http://wals.info/languoid/lect/wals_code_pms,70A,70,Second singular and second plural,Crowley-1982[131],
70A-mss,http://wals.info/languoid/lect/wals_code_mss,70A,70,Second singular and second plural,Broadbent-1964[57-60],
70A-sml,http://wals.info/languoid/lect/wals_code_sml,70A,70,No second-person imperatives,Kruspe-1999[531-535],
70A-yur,http://wals.info/languoid/lect/wals_code_yur,70A,70,Second singular and second plural,"Robins-1958[44, 46]",
70A-dag,http://wals.info/languoid/lect/wals_code_dag,70A,70,Second singular and second plural,Murane-1974[56],
70A-otm,http://wals.info/languoid/lect/wals_code_otm,70A,70,Second singular and second plural,Hekking-and-Andres-de-Jesus-1984[153-154],
70A-igb,http://wals.info/languoid/lect/wals_code_igb,70A,70,Second singular and second plural,Green-and-Igwe-1963[68-73];Onumajuru-1985[129-141],
70A-nez,http://wals.info/languoid/lect/wals_code_nez,70A,70,Second singular and second plural,Aoki-1973[117-118],
70A-brh,http://wals.info/languoid/lect/wals_code_brh,70A,70,Second singular and second plural,Andronov-1980[64-66];Bray-1909[120-123],
70A-cah,http://wals.info/languoid/lect/wals_code_cah,70A,70,Second singular and second plural,Sauvel-and-Munro-1981[84-88],
70A-cle,http://wals.info/languoid/lect/wals_code_cle,70A,70,Second singular and second plural,Rupp-1989[91-92],
70A-knm,http://wals.info/languoid/lect/wals_code_knm,70A,70,Second singular and second plural,Bender-1996[35],
70A-nav,http://wals.info/languoid/lect/wals_code_nav,70A,70,No second-person imperatives,Young-and-Morgan-1987[204],
70A-zqc,http://wals.info/languoid/lect/wals_code_zqc,70A,70,Second singular and second plural,Harrison-et-al-1981[445],
70A-bkr,http://wals.info/languoid/lect/wals_code_bkr,70A,70,Second person number-neutral,Woollams-1996[234-240],
70A-cmn,http://wals.info/languoid/lect/wals_code_cmn,70A,70,Second singular and second plural,Charney-1993[217],
70A-iri,http://wals.info/languoid/lect/wals_code_iri,70A,70,Second singular and second plural,Lucas-1979[122];O-Siadhail-1989[179],
70A-nko,http://wals.info/languoid/lect/wals_code_nko,70A,70,Second singular,Taylor-1985[163],
70A-tru,http://wals.info/languoid/lect/wals_code_tru,70A,70,No second-person imperatives,Monod-Becquelin-1975[214];Guirardello-1999a[249],
70A-dni,http://wals.info/languoid/lect/wals_code_dni,70A,70,Second singular and second plural,Bromley-1981[49],
70A-nen,http://wals.info/languoid/lect/wals_code_nen,70A,70,Second singular,"Salminen-1998[534, 536];Sammallahti-1974[81-82]",
70A-urk,http://wals.info/languoid/lect/wals_code_urk,70A,70,Second singular,Kakumasu-1986[356],
70A-coo,http://wals.info/languoid/lect/wals_code_coo,70A,70,Second singular and second plural,Frachtenberg-1922a[347-348],
70A-cre,http://wals.info/languoid/lect/wals_code_cre,70A,70,Second singular and second plural,Wolfart-1996[408],
70A-nht,http://wals.info/languoid/lect/wals_code_nht,70A,70,Second singular and second plural,Tuggy-1979[31],
70A-yim,http://wals.info/languoid/lect/wals_code_yim,70A,70,Second singular and second plural,Foley-1991[269-273],
70A-ika,http://wals.info/languoid/lect/wals_code_ika,70A,70,No second-person imperatives,Frank-1985[117-119];Frank-1990[87],
70A-kse,http://wals.info/languoid/lect/wals_code_kse,70A,70,Second singular and second plural,Heath-1999a[164-165],
70A-mun,http://wals.info/languoid/lect/wals_code_mun,70A,70,Second singular and second plural,"Sinha-1975[161-162];Nottrott-1882[31];Osada-1992[86-88, 103]",
70A-yid,http://wals.info/languoid/lect/wals_code_yid,70A,70,Second person number-neutral,Dixon-1977a[370-371],
70A-krk,http://wals.info/languoid/lect/wals_code_krk,70A,70,Second singular and second plural,"Bright-1957[61, 65]",
70A-brs,http://wals.info/languoid/lect/wals_code_brs,70A,70,Second person number-neutral,Jones-and-Jones-1991[76],
70A-tab,http://wals.info/languoid/lect/wals_code_tab,70A,70,No second-person imperatives,Bowden-1997a[418-425],
70A-aco,http://wals.info/languoid/lect/wals_code_aco,70A,70,Second singular and second plural,Miller-1965[123],
70A-pau,http://wals.info/languoid/lect/wals_code_pau,70A,70,Second singular and second plural,Chapman-and-Derbyshire-1991[217],
70A-arp,http://wals.info/languoid/lect/wals_code_arp,70A,70,Second singular and second plural,Conrad-and-Wogiga-1991[94-96];Fortune-1942[passim],
70A-ond,http://wals.info/languoid/lect/wals_code_ond,70A,70,Second person number-neutral,Abbott-2000[42-43],
70A-asm,http://wals.info/languoid/lect/wals_code_asm,70A,70,Second person number-neutral,Voorhoeve-1965[78-80],
70A-ewe,http://wals.info/languoid/lect/wals_code_ewe,70A,70,No second-person imperatives,Westermann-1961[19];Pasch-1995[46];Warburton-et-al-1968[142];Agbodjo-and-Litvinov-2001[394],
70A-grb,http://wals.info/languoid/lect/wals_code_grb,70A,70,Second singular,Innes-1966[54],
70A-hmo,http://wals.info/languoid/lect/wals_code_hmo,70A,70,No second-person imperatives,Harriehausen-1990[217-218],
70A-khm,http://wals.info/languoid/lect/wals_code_khm,70A,70,No second-person imperatives,Spatar-2001[475];Jacob-1968[passim],
70A-kio,http://wals.info/languoid/lect/wals_code_kio,70A,70,Second singular and second plural,Watkins-and-McKenzie-1984[167-168],
70A-wic,http://wals.info/languoid/lect/wals_code_wic,70A,70,Second singular and second plural,Rood-1996[590],
70A-juh,http://wals.info/languoid/lect/wals_code_juh,70A,70,No second-person imperatives,Snyman-1970[140-144];Dickens-nd[24],
70A-klv,http://wals.info/languoid/lect/wals_code_klv,70A,70,No second-person imperatives,Senft-1986[115-116],
70A-nug,http://wals.info/languoid/lect/wals_code_nug,70A,70,No second-person imperatives,Heath-1984[343],
70A-irq,http://wals.info/languoid/lect/wals_code_irq,70A,70,Second singular and second plural,Mous-1992[164],
70A-kew,http://wals.info/languoid/lect/wals_code_kew,70A,70,Second singular and second plural,Franklin-1967[53];Franklin-and-Franklin-1978[54],
70A-snm,http://wals.info/languoid/lect/wals_code_snm,70A,70,No second-person imperatives,Borgman-1990[73-75],
70A-shk,http://wals.info/languoid/lect/wals_code_shk,70A,70,Second singular and second plural,"Faust-1973[6, 10, 11, 19]",
70A-epe,http://wals.info/languoid/lect/wals_code_epe,70A,70,Second singular and second plural,Harms-1994[115-116],
70A-ket,http://wals.info/languoid/lect/wals_code_ket,70A,70,Second singular and second plural,Werner-1997b[287-305];Castren-1858[passim],
70A-koa,http://wals.info/languoid/lect/wals_code_koa,70A,70,Second singular and second plural,Kimball-1991[262-266],
70A-luv,http://wals.info/languoid/lect/wals_code_luv,70A,70,Second singular and second plural,Horton-1949[114-115],
70A-san,http://wals.info/languoid/lect/wals_code_san,70A,70,No second-person imperatives,Samarin-1967b[154],
70A-bag,http://wals.info/languoid/lect/wals_code_bag,70A,70,No second-person imperatives,"Stevenson-1969[79, 85]",
70A-hzb,http://wals.info/languoid/lect/wals_code_hzb,70A,70,Second person number-neutral,van-den-Berg-1995[87-88],
70A-ing,http://wals.info/languoid/lect/wals_code_ing,70A,70,Second person number-neutral,Nichols-1994b[106];Handel-and-Nichols-2000[13-16],
70A-mau,http://wals.info/languoid/lect/wals_code_mau,70A,70,Second singular and second plural,"Capell-and-Hinch-1970[67, 74-76]",
70A-kfe,http://wals.info/languoid/lect/wals_code_kfe,70A,70,Second person number-neutral,Rennison-1997[36-38],
70A-qim,http://wals.info/languoid/lect/wals_code_qim,70A,70,Second singular and second plural,Cole-1982[30-31],
70A-ram,http://wals.info/languoid/lect/wals_code_ram,70A,70,Second singular and second plural,"Grinevald-nd[175, 177]",
70A-wch,http://wals.info/languoid/lect/wals_code_wch,70A,70,Second singular and second plural,"Vinas-Urquiza-1974[73, 150-151]",
70A-yag,http://wals.info/languoid/lect/wals_code_yag,70A,70,No second-person imperatives,Payne-and-Payne-1990[314-315],
70A-niv,http://wals.info/languoid/lect/wals_code_niv,70A,70,Second singular and second plural,Beffa-1982[76];Gruzdeva-1998[33-34];Gruzdeva-2001[64],
70A-apu,http://wals.info/languoid/lect/wals_code_apu,70A,70,Second plural,Facundes-2000[545-546],
70A-bma,http://wals.info/languoid/lect/wals_code_bma,70A,70,Second singular and second plural,Penchoen-1973b[40],
70A-wra,http://wals.info/languoid/lect/wals_code_wra,70A,70,Second singular and second plural,Romero-Figueroa-1997[101],
70A-imo,http://wals.info/languoid/lect/wals_code_imo,70A,70,Second person number-neutral,Seiler-1985[175-176],
70A-awp,http://wals.info/languoid/lect/wals_code_awp,70A,70,Second singular and second plural,Curnow-1997[243-247],
70A-kob,http://wals.info/languoid/lect/wals_code_kob,70A,70,Second singular and second plural,Davies-1981b[23],
70A-lat,http://wals.info/languoid/lect/wals_code_lat,70A,70,Second plural,Nau-1998[34],
70A-mar,http://wals.info/languoid/lect/wals_code_mar,70A,70,Second singular and second plural,Gordon-1986[18-21],
70A-ala,http://wals.info/languoid/lect/wals_code_ala,70A,70,Second singular and second plural,Bruce-1984[136-140],
70A-goo,http://wals.info/languoid/lect/wals_code_goo,70A,70,No second-person imperatives,McGregor-1990[522],
70A-kut,http://wals.info/languoid/lect/wals_code_kut,70A,70,Second singular and second plural,"Canestrelli-and-Boas-1927[6-7, 64];Garvin-1948b[172]",
70A-mxc,http://wals.info/languoid/lect/wals_code_mxc,70A,70,Second person number-neutral,Macaulay-1996[134],
70A-lav,http://wals.info/languoid/lect/wals_code_lav,70A,70,Second singular and second plural,Terrill-1999[310-313],
70A-rap,http://wals.info/languoid/lect/wals_code_rap,70A,70,No second-person imperatives,Du-Feu-1996[36],
70A-ain,http://wals.info/languoid/lect/wals_code_ain,70A,70,Second person number-neutral,Refsing-1986[202];Tamura-2000[241];Shibatani-1990[81-82],
70A-jak,http://wals.info/languoid/lect/wals_code_jak,70A,70,Second singular and second plural,Day-1973[38],
70A-lkt,http://wals.info/languoid/lect/wals_code_lkt,70A,70,No second-person imperatives,Boas-and-Deloria-1941[111-112];Boas-and-Swanton-1911[40];Rood-and-Taylor-1996[474],
70A-mrt,http://wals.info/languoid/lect/wals_code_mrt,70A,70,Second person number-neutral,Dench-1995[149],
70A-prh,http://wals.info/languoid/lect/wals_code_prh,70A,70,No second-person imperatives,Everett-1986[246-249],
70A-war,http://wals.info/languoid/lect/wals_code_war,70A,70,No second-person imperatives,Everett-and-Kern-1997[35-37],
70A-gua,http://wals.info/languoid/lect/wals_code_gua,70A,70,Second singular,Krivoshein-de-Canese-1983[86];Guasch-1976[128],
70A-kho,http://wals.info/languoid/lect/wals_code_kho,70A,70,No second-person imperatives,Hagman-1973[271-273];Bohm-1985[228],
70A-mei,http://wals.info/languoid/lect/wals_code_mei,70A,70,Second person number-neutral,Bhat-and-Ningomba-1997[332];Chelliah-1997[134],
70A-ngi,http://wals.info/languoid/lect/wals_code_ngi,70A,70,Second person number-neutral,Donaldson-1980[159-160],
70A-brm,http://wals.info/languoid/lect/wals_code_brm,70A,70,No second-person imperatives,"Okell-1969[119, 173, 479-480]",
70A-kro,http://wals.info/languoid/lect/wals_code_kro,70A,70,Second singular and second plural,Reh-1985[195-197],
70A-myi,http://wals.info/languoid/lect/wals_code_myi,70A,70,Second singular and second plural,"Merlan-1982[137, 141-142]",
70A-tiw,http://wals.info/languoid/lect/wals_code_tiw,70A,70,Second singular and second plural,"Osborne-1974[38-39, 43]",
70A-knr,http://wals.info/languoid/lect/wals_code_knr,70A,70,Second singular and second plural,Hutchison-1976[53],
70A-kay,http://wals.info/languoid/lect/wals_code_kay,70A,70,Second person number-neutral,Evans-1995[256],
70A-map,http://wals.info/languoid/lect/wals_code_map,70A,70,Second singular and second plural,Smeets-1989[233-235],
70A-yor,http://wals.info/languoid/lect/wals_code_yor,70A,70,No second-person imperatives,Ashiwaju-1968[21-23],
70A-yko,http://wals.info/languoid/lect/wals_code_yko,70A,70,Second singular and second plural,Maslova-1999[171-172],
70A-may,http://wals.info/languoid/lect/wals_code_may,70A,70,No second-person imperatives,Dol-1999[207-208],
70A-tuk,http://wals.info/languoid/lect/wals_code_tuk,70A,70,Second singular,Donohue-1999a[452-453],
70A-bur,http://wals.info/languoid/lect/wals_code_bur,70A,70,Second singular and second plural,"Berger-1974[42];Lorimer-1935[246, 289];Berger-1998[137-138, 142]",
70A-chk,http://wals.info/languoid/lect/wals_code_chk,70A,70,No second-person imperatives,Dunn-1999[90];Nedjalkov-1994a[322],
70A-fij,http://wals.info/languoid/lect/wals_code_fij,70A,70,No second-person imperatives,"Churchward-1973[21, 24]",
70A-heb,http://wals.info/languoid/lect/wals_code_heb,70A,70,Second singular and second plural,Rosen-1979[189];Schwarzwald-2001[36-37];Malygina-2001[269-270],
70A-lan,http://wals.info/languoid/lect/wals_code_lan,70A,70,Second singular and second plural,Noonan-1992[92],
70A-orh,http://wals.info/languoid/lect/wals_code_orh,70A,70,Second singular and second plural,Owens-1985[67],
70A-tha,http://wals.info/languoid/lect/wals_code_tha,70A,70,No second-person imperatives,Needleman-1973[23],
70A-yaq,http://wals.info/languoid/lect/wals_code_yaq,70A,70,Second singular and second plural,Dedrick-and-Casad-1999[97-98],
70A-zul,http://wals.info/languoid/lect/wals_code_zul,70A,70,Second singular and second plural,Canonici-1995;Doke-1927[164-165],
70A-sla,http://wals.info/languoid/lect/wals_code_sla,70A,70,No second-person imperatives,Rice-1989[1109],
70A-aeg,http://wals.info/languoid/lect/wals_code_aeg,70A,70,Second singular and second plural,Gary-and-Gamal-Eldin-1982[97-98],
70A-grw,http://wals.info/languoid/lect/wals_code_grw,70A,70,Second singular and second plural,Fortescue-1984[24-25],
70A-hix,http://wals.info/languoid/lect/wals_code_hix,70A,70,Second singular and second plural,Derbyshire-1979[16],
70A-swa,http://wals.info/languoid/lect/wals_code_swa,70A,70,Second singular and second plural,Ashton-1947[25-26],
70A-vie,http://wals.info/languoid/lect/wals_code_vie,70A,70,No second-person imperatives,Nguyen-1974b[passim];Bystrov-and-Stankevich-2001[462];Thompson-1965[220],
70A-hin,http://wals.info/languoid/lect/wals_code_hin,70A,70,Second singular and second plural,Kachru-1980[119];McGregor-1992a[39-41],
70A-ckr,http://wals.info/languoid/lect/wals_code_ckr,70A,70,Second person number-neutral,Popjes-and-Popjes-1986[158],
70A-tag,http://wals.info/languoid/lect/wals_code_tag,70A,70,Second singular and second plural,Schachter-and-Otanes-1972[402],
70A-geo,http://wals.info/languoid/lect/wals_code_geo,70A,70,No second-person imperatives,Cherchi-1999[36];Hewitt-1995[571-572],
70A-knd,http://wals.info/languoid/lect/wals_code_knd,70A,70,Second singular and second plural,"Sridhar-1990[31-32, 38-39]",
70A-kha,http://wals.info/languoid/lect/wals_code_kha,70A,70,Second person number-neutral,Kuzmenkov-2001[98];Poppe-1970[128],
70A-mal,http://wals.info/languoid/lect/wals_code_mal,70A,70,Second person number-neutral,Builles-1998[237];Dez-1980b[53],
70A-sup,http://wals.info/languoid/lect/wals_code_sup,70A,70,Second singular,Carlson-1994[520-521],
70A-hau,http://wals.info/languoid/lect/wals_code_hau,70A,70,Second singular,Dobronravin-and-Smirnova-2001[329-330];Cowan-and-Schuh-1976[122];Smirnova-1982[58],
70A-mao,http://wals.info/languoid/lect/wals_code_mao,70A,70,No second-person imperatives,"Polinsky-2001[406-407];Harlow-1996[14, 34-35];Bauer-1993[33-34]",
70A-bsq,http://wals.info/languoid/lect/wals_code_bsq,70A,70,Second singular and second plural,Saltarelli-et-al-1988[233-234];King-1993b[380],
70A-abk,http://wals.info/languoid/lect/wals_code_abk,70A,70,Second singular and second plural,Hewitt-and-Khiba-1979[189];Spruyt-1986[47],
70A-eve,http://wals.info/languoid/lect/wals_code_eve,70A,70,Second singular and second plural,"Nedjalkov-1997[18-19, 262]",
70A-kor,http://wals.info/languoid/lect/wals_code_kor,70A,70,Second person number-neutral,Sohn-1994[42];Chang-1996[87],
70A-prs,http://wals.info/languoid/lect/wals_code_prs,70A,70,Second singular,"Mahootian-1997[27, 247-249];Lazard-1992[137, 148]",
70A-ame,http://wals.info/languoid/lect/wals_code_ame,70A,70,No second-person imperatives,Roberts-1987[39],
70A-ger,http://wals.info/languoid/lect/wals_code_ger,70A,70,Second singular,,
70A-grk,http://wals.info/languoid/lect/wals_code_grk,70A,70,Second singular and second plural,"Joseph-and-Philippaki-Warburton-1987[15, 183];Hedin-1995[234]",
70A-lez,http://wals.info/languoid/lect/wals_code_lez,70A,70,Second person number-neutral,"Haspelmath-1993[128-129, 149]",
70A-jpn,http://wals.info/languoid/lect/wals_code_jpn,70A,70,Second person number-neutral,Hinds-1986[312];Alpatov-2001[106-108],
70A-mnd,http://wals.info/languoid/lect/wals_code_mnd,70A,70,No second-person imperatives,Li-and-Thompson-1981[451-452],
70A-hun,http://wals.info/languoid/lect/wals_code_hun,70A,70,No second-person imperatives,Kenesei-et-al-1998[311],
70A-ind,http://wals.info/languoid/lect/wals_code_ind,70A,70,No second-person imperatives,"Salim-2001[422-423];Sneddon-1996a[324, passim]",
70A-fin,http://wals.info/languoid/lect/wals_code_fin,70A,70,Second singular and second plural,Sulkala-and-Karjalainen-1992[22-23];Karlsson-2000[180],
70A-rus,http://wals.info/languoid/lect/wals_code_rus,70A,70,Second singular and second plural,,
70A-spa,http://wals.info/languoid/lect/wals_code_spa,70A,70,Second singular and second plural,,
70A-tur,http://wals.info/languoid/lect/wals_code_tur,70A,70,Second singular and second plural,Kornfilt-1997[40-42],
70A-fre,http://wals.info/languoid/lect/wals_code_fre,70A,70,Second singular,,
70A-eng,http://wals.info/languoid/lect/wals_code_eng,70A,70,No second-person imperatives,,
70A-hlu,http://wals.info/languoid/lect/wals_code_hlu,70A,70,Second singular and second plural,Galloway-1993[308-309],
70A-tms,http://wals.info/languoid/lect/wals_code_tms,70A,70,Second singular and second plural,Plungian-1995[27],
70A-acu,http://wals.info/languoid/lect/wals_code_acu,70A,70,Second singular and second plural,"Fast-and-Fast-1981[18, 87]",
70A-ndy,http://wals.info/languoid/lect/wals_code_ndy,70A,70,No second-person imperatives,Huttar-and-Huttar-1994[46],
70A-nbm,http://wals.info/languoid/lect/wals_code_nbm,70A,70,Second singular,"Thomas-1963[77, 241]",
