ID,Language_ID,Parameter_ID,Contribution_ID,Value,Source,Comment
129A-ayn,http://wals.info/languoid/lect/wals_code_ayn,129A,129,Identical,Hayasi-et-al-1999,
129A-cpw,http://wals.info/languoid/lect/wals_code_cpw,129A,129,Different,Schuster-1970,
129A-dda,http://wals.info/languoid/lect/wals_code_dda,129A,129,Different,Ganambarr-1999,
129A-mca,http://wals.info/languoid/lect/wals_code_mca,129A,129,Different,Hunt-1915,
129A-nnt,http://wals.info/languoid/lect/wals_code_nnt,129A,129,Different,Murray-1996,
129A-oma,http://wals.info/languoid/lect/wals_code_oma,129A,129,Different,Tavera-Acosta-1907,
129A-abw,http://wals.info/languoid/lect/wals_code_abw,129A,129,Different,Day-1994;Day-1995,
129A-alg,http://wals.info/languoid/lect/wals_code_alg,129A,129,Different,Lemoine-1911,
129A-arx,http://wals.info/languoid/lect/wals_code_arx,129A,129,Identical,Geerts-1970,
129A-ati,http://wals.info/languoid/lect/wals_code_ati,129A,129,Different,Beland-1978,
129A-bpb,http://wals.info/languoid/lect/wals_code_bpb,129A,129,Different,Banker-et-al-1979,
129A-bca,http://wals.info/languoid/lect/wals_code_bca,129A,129,Different,Crowley-1978,
129A-bnq,http://wals.info/languoid/lect/wals_code_bnq,129A,129,Identical,Gottlieb-and-Murphy-1995,
129A-beo,http://wals.info/languoid/lect/wals_code_beo,129A,129,Different,Hewson-1978,
129A-brc,http://wals.info/languoid/lect/wals_code_brc,129A,129,Identical,Arroyo-1972,
129A-cab,http://wals.info/languoid/lect/wals_code_cab,129A,129,Identical,Margery-Pena-1989,
129A-cnl,http://wals.info/languoid/lect/wals_code_cnl,129A,129,Different,Abreu-1931,
129A-crl,http://wals.info/languoid/lect/wals_code_crl,129A,129,Identical,Jackson-and-Marck-1991,
129A-cat,http://wals.info/languoid/lect/wals_code_cat,129A,129,Different,Huber-and-Reed-1992,
129A-ctt,http://wals.info/languoid/lect/wals_code_ctt,129A,129,Identical,Pride-and-Pride-1970,
129A-cec,http://wals.info/languoid/lect/wals_code_cec,129A,129,Different,Sapper-1912,
129A-cma,http://wals.info/languoid/lect/wals_code_cma,129A,129,Different,Huber-and-Reed-1992,
129A-csf,http://wals.info/languoid/lect/wals_code_csf,129A,129,Identical,Skinner-and-Skinner-2000,
129A-clc,http://wals.info/languoid/lect/wals_code_clc,129A,129,Different,Blake-et-al-1998b,
129A-cmc,http://wals.info/languoid/lect/wals_code_cmc,129A,129,Identical,Swanton-1940,
129A-ctc,http://wals.info/languoid/lect/wals_code_ctc,129A,129,Different,Anderson-and-Roque-1983,
129A-cut,http://wals.info/languoid/lect/wals_code_cut,129A,129,Different,Hendrichs-Perez-1946,
129A-cur,http://wals.info/languoid/lect/wals_code_cur,129A,129,Different,Huber-and-Reed-1992,
129A-dgx,http://wals.info/languoid/lect/wals_code_dgx,129A,129,Different,Kari-1978,
129A-dca,http://wals.info/languoid/lect/wals_code_dca,129A,129,Identical,Headland-and-Headland-1974,
129A-gna,http://wals.info/languoid/lect/wals_code_gna,129A,129,Different,Martius-1863,
129A-gyb,http://wals.info/languoid/lect/wals_code_gyb,129A,129,Different,Huber-and-Reed-1992,
129A-grm,http://wals.info/languoid/lect/wals_code_grm,129A,129,Identical,Swanson-1985,
129A-hmb,http://wals.info/languoid/lect/wals_code_hmb,129A,129,Different,Jakway-1987,
129A-ill,http://wals.info/languoid/lect/wals_code_ill,129A,129,Different,White-and-White-1990,
129A-itw,http://wals.info/languoid/lect/wals_code_itw,129A,129,Identical,Tharp-and-Natividad-1976,
129A-ixc,http://wals.info/languoid/lect/wals_code_ixc,129A,129,Different,Fernandez-de-Miranda-1961,
129A-klz,http://wals.info/languoid/lect/wals_code_klz,129A,129,Different,Mathangwane-1999,
129A-kgt,http://wals.info/languoid/lect/wals_code_kgt,129A,129,Different,Lowe-1983,
129A-kea,http://wals.info/languoid/lect/wals_code_kea,129A,129,Identical,Diego-Antonio-et-al-1996,
129A-kky,http://wals.info/languoid/lect/wals_code_kky,129A,129,Identical,Vanoverbergh-1931,
129A-kpn,http://wals.info/languoid/lect/wals_code_kpn,129A,129,Identical,Lieber-and-Dikepa-1974,
129A-kdg,http://wals.info/languoid/lect/wals_code_kdg,129A,129,Different,Martius-1863,
129A-kaq,http://wals.info/languoid/lect/wals_code_kaq,129A,129,Different,Amery-and-Simpson-1999,
129A-ktb,http://wals.info/languoid/lect/wals_code_ktb,129A,129,Identical,Swift-and-Zola-1963,
129A-kth,http://wals.info/languoid/lect/wals_code_kth,129A,129,Different,Ritter-1976,
129A-lau,http://wals.info/languoid/lect/wals_code_lau,129A,129,Identical,Fox-1974,
129A-mcg,http://wals.info/languoid/lect/wals_code_mcg,129A,129,Different,Huber-and-Reed-1992,
129A-mcn,http://wals.info/languoid/lect/wals_code_mcn,129A,129,Different,Huber-and-Reed-1992,
129A-mhc,http://wals.info/languoid/lect/wals_code_mhc,129A,129,Different,Masthay-1991,
129A-mpy,http://wals.info/languoid/lect/wals_code_mpy,129A,129,Different,Tavera-Acosta-1907,
129A-mij,http://wals.info/languoid/lect/wals_code_mij,129A,129,Identical,Boro-1978,
129A-mkb,http://wals.info/languoid/lect/wals_code_mkb,129A,129,Different,Callaghan-1970,
129A-mwl,http://wals.info/languoid/lect/wals_code_mwl,129A,129,Different,Callaghan-1965,
129A-mwp,http://wals.info/languoid/lect/wals_code_mwp,129A,129,Different,Callaghan-1984,
129A-mxu,http://wals.info/languoid/lect/wals_code_mxu,129A,129,Identical,Pensinger-1974,
129A-mjc,http://wals.info/languoid/lect/wals_code_mjc,129A,129,Different,Campbell-et-al-1986,
129A-mxg,http://wals.info/languoid/lect/wals_code_mxg,129A,129,Identical,Dyk-and-Stoudt-1973,
129A-mge,http://wals.info/languoid/lect/wals_code_mge,129A,129,Different,Xiong-et-al-nd,
129A-moc,http://wals.info/languoid/lect/wals_code_moc,129A,129,Different,Leslau-1959,
129A-mti,http://wals.info/languoid/lect/wals_code_mti,129A,129,Different,Huber-and-Reed-1992,
129A-muy,http://wals.info/languoid/lect/wals_code_muy,129A,129,Identical,Lithgow-and-Lithgow-1974,
129A-nhu,http://wals.info/languoid/lect/wals_code_nhu,129A,129,Different,Brockway-et-al-2000,
129A-npa,http://wals.info/languoid/lect/wals_code_npa,129A,129,Identical,Garcia-de-Leon-1976,
129A-nhx,http://wals.info/languoid/lect/wals_code_nhx,129A,129,Different,Ramirez-de-Alejandro-and-Dakin-1979,
129A-nnm,http://wals.info/languoid/lect/wals_code_nnm,129A,129,Identical,Ranby-1980,
129A-nsk,http://wals.info/languoid/lect/wals_code_nsk,129A,129,Different,MacKenzie-and-Jancewicz-1994,
129A-nlu,http://wals.info/languoid/lect/wals_code_nlu,129A,129,Different,Hall-1971,
129A-nuk,http://wals.info/languoid/lect/wals_code_nuk,129A,129,Different,Huber-and-Reed-1992,
129A-nju,http://wals.info/languoid/lect/wals_code_nju,129A,129,Different,Douglas-1976,
129A-onn,http://wals.info/languoid/lect/wals_code_onn,129A,129,Different,Zeisberger-1887,
129A-oko,http://wals.info/languoid/lect/wals_code_oko,129A,129,Identical,Gustafsson-1974,
129A-osm,http://wals.info/languoid/lect/wals_code_osm,129A,129,Identical,Hekking-and-Andres-de-Jesus-1989,
129A-ppc,http://wals.info/languoid/lect/wals_code_ppc,129A,129,Different,de-Klumpp-1995,
129A-prt,http://wals.info/languoid/lect/wals_code_prt,129A,129,Identical,Huber-and-Reed-1992,
129A-pla,http://wals.info/languoid/lect/wals_code_pla,129A,129,Different,Huber-and-Reed-1992,
129A-poc,http://wals.info/languoid/lect/wals_code_poc,129A,129,Different,Zinn-and-Zinn-nd,
129A-psv,http://wals.info/languoid/lect/wals_code_psv,129A,129,Different,Barrera-and-Dakin-1978,
129A-pow,http://wals.info/languoid/lect/wals_code_pow,129A,129,Different,Strachey-1849,
129A-pui,http://wals.info/languoid/lect/wals_code_pui,129A,129,Different,Huber-and-Reed-1992,
129A-qan,http://wals.info/languoid/lect/wals_code_qan,129A,129,Different,Parker-and-Chavez-1976,
129A-qca,http://wals.info/languoid/lect/wals_code_qca,129A,129,Different,Quesada-1976,
129A-rad,http://wals.info/languoid/lect/wals_code_rad,129A,129,Identical,Y-Chang-1979,
129A-rng,http://wals.info/languoid/lect/wals_code_rng,129A,129,Identical,Gregerson-and-Gregerson-1977,
129A-rnn,http://wals.info/languoid/lect/wals_code_rnn,129A,129,Identical,Elbert-1975;Elbert-1981,
129A-rgn,http://wals.info/languoid/lect/wals_code_rgn,129A,129,Identical,Cobbey-and-Cobbey-1977,
129A-smj,http://wals.info/languoid/lect/wals_code_smj,129A,129,Identical,Means-and-Means-1987,
129A-sri,http://wals.info/languoid/lect/wals_code_sri,129A,129,Different,Huber-and-Reed-1992,
129A-slv,http://wals.info/languoid/lect/wals_code_slv,129A,129,Different,Gouy-1930,
129A-tnj,http://wals.info/languoid/lect/wals_code_tnj,129A,129,Identical,Tenenbaum-1975,
129A-tnl,http://wals.info/languoid/lect/wals_code_tnl,129A,129,Different,Krauss-1974,
129A-tpt,http://wals.info/languoid/lect/wals_code_tpt,129A,129,Different,Schmidt-1936,
129A-toy,http://wals.info/languoid/lect/wals_code_toy,129A,129,Different,Roth-1899,
129A-tty,http://wals.info/languoid/lect/wals_code_tty,129A,129,Different,Huber-and-Reed-1992,
129A-tsj,http://wals.info/languoid/lect/wals_code_tsj,129A,129,Different,Martinez-1983,
129A-tbe,http://wals.info/languoid/lect/wals_code_tbe,129A,129,Identical,Nakano-1982,
129A-tos,http://wals.info/languoid/lect/wals_code_tos,129A,129,Different,Aschmann-1973b,
129A-trc,http://wals.info/languoid/lect/wals_code_trc,129A,129,Different,Good-1978,
129A-tub,http://wals.info/languoid/lect/wals_code_tub,129A,129,Different,Lionnet-1978,
129A-tut,http://wals.info/languoid/lect/wals_code_tut,129A,129,Different,Ritter-et-al-1977,
129A-tzb,http://wals.info/languoid/lect/wals_code_tzb,129A,129,Identical,Slocum-et-al-1999,
129A-tzt,http://wals.info/languoid/lect/wals_code_tzt,129A,129,Identical,Berlin-and-Kaufman-1962,
129A-tzs,http://wals.info/languoid/lect/wals_code_tzs,129A,129,Identical,Delgaty-and-Ruiz-Sanchez-1978,
129A-ved,http://wals.info/languoid/lect/wals_code_ved,129A,129,Identical,Sugathapala-de-Silva-1972,
129A-xar,http://wals.info/languoid/lect/wals_code_xar,129A,129,Different,Grace-1975,
129A-yak,http://wals.info/languoid/lect/wals_code_yak,129A,129,Identical,Ruttenberg-1999,
129A-yyo,http://wals.info/languoid/lect/wals_code_yyo,129A,129,Different,Bowe-and-Morey-1999,
129A-yrt,http://wals.info/languoid/lect/wals_code_yrt,129A,129,Different,Huber-and-Reed-1992,
129A-zaj,http://wals.info/languoid/lect/wals_code_zaj,129A,129,Identical,Nellis-and-Nellis-1983,
129A-zam,http://wals.info/languoid/lect/wals_code_zam,129A,129,Identical,Reeck-1991,
129A-zzo,http://wals.info/languoid/lect/wals_code_zzo,129A,129,Identical,Long-C-and-Cruz-M-1999,
129A-zfl,http://wals.info/languoid/lect/wals_code_zfl,129A,129,Identical,Engel-and-Engel-1987,
129A-apj,http://wals.info/languoid/lect/wals_code_apj,129A,129,Identical,Mersol-1977,
129A-blj,http://wals.info/languoid/lect/wals_code_blj,129A,129,Identical,Yigezu-and-Dimmendaal-1998,
129A-bkd,http://wals.info/languoid/lect/wals_code_bkd,129A,129,Different,Otanes-and-Wrigglesworth-1992;Reid-1971,
129A-gad,http://wals.info/languoid/lect/wals_code_gad,129A,129,Identical,Sterk-1994,
129A-gre,http://wals.info/languoid/lect/wals_code_gre,129A,129,Different,Robbe-and-Dorais-1986a,
129A-gno,http://wals.info/languoid/lect/wals_code_gno,129A,129,Different,Huber-and-Reed-1992,
129A-gny,http://wals.info/languoid/lect/wals_code_gny,129A,129,Different,Breen-1981a,
129A-inu,http://wals.info/languoid/lect/wals_code_inu,129A,129,Different,Webster-and-Zibell-1970,
129A-myo,http://wals.info/languoid/lect/wals_code_myo,129A,129,Different,Collard-and-Collard-1974,
129A-nsz,http://wals.info/languoid/lect/wals_code_nsz,129A,129,Identical,Key-and-Key-1953a,
129A-nro,http://wals.info/languoid/lect/wals_code_nro,129A,129,Different,Barnard-1985,
129A-nom,http://wals.info/languoid/lect/wals_code_nom,129A,129,Identical,Wise-1978,
129A-ore,http://wals.info/languoid/lect/wals_code_ore,129A,129,Identical,Velie-and-Velie-1981;Huber-and-Reed-1992,
129A-sss,http://wals.info/languoid/lect/wals_code_sss,129A,129,Different,Galloway-1990,
129A-shw,http://wals.info/languoid/lect/wals_code_shw,129A,129,Different,Voegelin-1938-1940,
129A-sol,http://wals.info/languoid/lect/wals_code_sol,129A,129,Identical,Lie-1978,
129A-sum,http://wals.info/languoid/lect/wals_code_sum,129A,129,Different,Houwald-1980,
129A-xer,http://wals.info/languoid/lect/wals_code_xer,129A,129,Different,Martius-1863,
129A-yki,http://wals.info/languoid/lect/wals_code_yki,129A,129,Different,Sawyer-and-Schlichter-1984,
129A-apc,http://wals.info/languoid/lect/wals_code_apc,129A,129,Different,Breuninger-et-al-1982,
129A-akr,http://wals.info/languoid/lect/wals_code_akr,129A,129,Different,Parks-1986,
129A-crj,http://wals.info/languoid/lect/wals_code_crj,129A,129,Different,Huber-and-Reed-1992,
129A-crq,http://wals.info/languoid/lect/wals_code_crq,129A,129,Different,Antoine-et-al-1974,
129A-cla,http://wals.info/languoid/lect/wals_code_cla,129A,129,Different,Fleisher-1976,
129A-cog,http://wals.info/languoid/lect/wals_code_cog,129A,129,Different,Celedon-1886,
129A-ena,http://wals.info/languoid/lect/wals_code_ena,129A,129,Identical,Lang-1973,
129A-iql,http://wals.info/languoid/lect/wals_code_iql,129A,129,Different,Schneider-1985,
129A-nkr,http://wals.info/languoid/lect/wals_code_nkr,129A,129,Identical,Carroll-and-Soulik-1973,
129A-ojm,http://wals.info/languoid/lect/wals_code_ojm,129A,129,Different,Baraga-1878,
129A-pem,http://wals.info/languoid/lect/wals_code_pem,129A,129,Different,de-Armellada-1944,
129A-qec,http://wals.info/languoid/lect/wals_code_qec,129A,129,Different,Cordero-1967,
129A-say,http://wals.info/languoid/lect/wals_code_say,129A,129,Identical,Clark-and-Clark-1974,
129A-sva,http://wals.info/languoid/lect/wals_code_sva,129A,129,Different,Gudjedjiani-and-Palmaitis-1985,
129A-wwr,http://wals.info/languoid/lect/wals_code_wwr,129A,129,Different,Blake-1991,
129A-ykp,http://wals.info/languoid/lect/wals_code_ykp,129A,129,Identical,de-Vegamian-1978,
129A-ylb,http://wals.info/languoid/lect/wals_code_ylb,129A,129,Identical,Burridge-1996,
129A-agr,http://wals.info/languoid/lect/wals_code_agr,129A,129,Different,Larson-1966,
129A-cpa,http://wals.info/languoid/lect/wals_code_cpa,129A,129,Different,Wise-1978,
129A-col,http://wals.info/languoid/lect/wals_code_col,129A,129,Identical,Aulie-and-Aulie-1978,
129A-kwe,http://wals.info/languoid/lect/wals_code_kwe,129A,129,Identical,Andres-et-al-1996,
129A-lnw,http://wals.info/languoid/lect/wals_code_lnw,129A,129,Identical,Paton-1973,
129A-mop,http://wals.info/languoid/lect/wals_code_mop,129A,129,Identical,Ulrich-and-Ulrich-1976,
129A-oka,http://wals.info/languoid/lect/wals_code_oka,129A,129,Identical,Mattina-1987,
129A-olu,http://wals.info/languoid/lect/wals_code_olu,129A,129,Identical,Clark-1981,
129A-owc,http://wals.info/languoid/lect/wals_code_owc,129A,129,Different,Gragg-1982,
129A-tsw,http://wals.info/languoid/lect/wals_code_tsw,129A,129,Different,Brown-1985,
129A-atq,http://wals.info/languoid/lect/wals_code_atq,129A,129,Different,Leer-1991a,
129A-bwa,http://wals.info/languoid/lect/wals_code_bwa,129A,129,Different,Crowley-1978,
129A-bnw,http://wals.info/languoid/lect/wals_code_bnw,129A,129,Different,Tavera-Acosta-1907,
129A-bor,http://wals.info/languoid/lect/wals_code_bor,129A,129,Different,Wise-1978,
129A-crt,http://wals.info/languoid/lect/wals_code_crt,129A,129,Different,Hunt-1915,
129A-dak,http://wals.info/languoid/lect/wals_code_dak,129A,129,Different,WarCloud-1971,
129A-fox,http://wals.info/languoid/lect/wals_code_fox,129A,129,Different,Goddard-1994a,
129A-kuq,http://wals.info/languoid/lect/wals_code_kuq,129A,129,Identical,Institut-Imeni-Gamzata-Cadasy-1960,
129A-pin,http://wals.info/languoid/lect/wals_code_pin,129A,129,Different,Hansen-and-Hansen-1977,
129A-spo,http://wals.info/languoid/lect/wals_code_spo,129A,129,Different,Carlson-and-Flett-1989,
129A-tga,http://wals.info/languoid/lect/wals_code_tga,129A,129,Identical,Bell-1977,
129A-tua,http://wals.info/languoid/lect/wals_code_tua,129A,129,Identical,Stimson-1964,
129A-yyg,http://wals.info/languoid/lect/wals_code_yyg,129A,129,Different,Crowley-1979,
129A-amk,http://wals.info/languoid/lect/wals_code_amk,129A,129,Different,Wise-1978,
129A-bok,http://wals.info/languoid/lect/wals_code_bok,129A,129,Different,Jones-1998b,
129A-cyn,http://wals.info/languoid/lect/wals_code_cyn,129A,129,Identical,Petter-1915,
129A-crg,http://wals.info/languoid/lect/wals_code_crg,129A,129,Different,Romano-and-Cattunar-1916,
129A-crk,http://wals.info/languoid/lect/wals_code_crk,129A,129,Different,Martin-and-Mauldin-2000,
129A-kic,http://wals.info/languoid/lect/wals_code_kic,129A,129,Different,Voorhis-1988,
129A-mid,http://wals.info/languoid/lect/wals_code_mid,129A,129,Identical,Werner-1993,
129A-mcs,http://wals.info/languoid/lect/wals_code_mcs,129A,129,Different,Freeland-and-Broadbent-1960,
129A-mwn,http://wals.info/languoid/lect/wals_code_mwn,129A,129,Different,Callaghan-1987,
129A-qch,http://wals.info/languoid/lect/wals_code_qch,129A,129,Identical,Pontious-1980,
129A-sec,http://wals.info/languoid/lect/wals_code_sec,129A,129,Different,Huber-and-Reed-1992,
129A-tnb,http://wals.info/languoid/lect/wals_code_tnb,129A,129,Different,Huber-and-Reed-1992,
129A-wnb,http://wals.info/languoid/lect/wals_code_wnb,129A,129,Different,Marino-1968,
129A-ats,http://wals.info/languoid/lect/wals_code_ats,129A,129,Different,Olmsted-1984,
129A-cch,http://wals.info/languoid/lect/wals_code_cch,129A,129,Identical,Ruiz-de-Bravo-Ahuja-1977,
129A-ktu,http://wals.info/languoid/lect/wals_code_ktu,129A,129,Different,Costello-1971,
129A-mic,http://wals.info/languoid/lect/wals_code_mic,129A,129,Different,DeBlois-and-Metallic-1984,
129A-mtg,http://wals.info/languoid/lect/wals_code_mtg,129A,129,Different,Lemoine-1901,
129A-mse,http://wals.info/languoid/lect/wals_code_mse,129A,129,Identical,OMeara-1996,
129A-sea,http://wals.info/languoid/lect/wals_code_sea,129A,129,Different,Parker-1970,
129A-toj,http://wals.info/languoid/lect/wals_code_toj,129A,129,Identical,Lenkersdorf-1979a;Lenkersdorf-1979b,
129A-yav,http://wals.info/languoid/lect/wals_code_yav,129A,129,Identical,Shaterian-1983,
129A-csh,http://wals.info/languoid/lect/wals_code_csh,129A,129,Different,Montag-1981,
129A-cuu,http://wals.info/languoid/lect/wals_code_cuu,129A,129,Identical,Goodenough-and-Sugita-1990,
129A-des,http://wals.info/languoid/lect/wals_code_des,129A,129,Different,Huber-and-Reed-1992,
129A-kaz,http://wals.info/languoid/lect/wals_code_kaz,129A,129,Identical,Shnitnikov-1966,
129A-tup,http://wals.info/languoid/lect/wals_code_tup,129A,129,Different,Masucci-1979,
129A-ayo,http://wals.info/languoid/lect/wals_code_ayo,129A,129,Different,Oramas-1915,
129A-kkw,http://wals.info/languoid/lect/wals_code_kkw,129A,129,Different,Swanton-1940,
129A-moj,http://wals.info/languoid/lect/wals_code_moj,129A,129,Identical,Munro-and-Brown-1976,
129A-tho,http://wals.info/languoid/lect/wals_code_tho,129A,129,Different,Thompson-and-Thompson-1996,
129A-ctw,http://wals.info/languoid/lect/wals_code_ctw,129A,129,Identical,Shea-1984,
129A-cho,http://wals.info/languoid/lect/wals_code_cho,129A,129,Identical,Turner-and-Turner-1971,
129A-chj,http://wals.info/languoid/lect/wals_code_chj,129A,129,Identical,Diego-1998,
129A-cin,http://wals.info/languoid/lect/wals_code_cin,129A,129,Identical,Applegate-1992,
129A-hmu,http://wals.info/languoid/lect/wals_code_hmu,129A,129,Different,Minor-and-Minor-1971,
129A-msh,http://wals.info/languoid/lect/wals_code_msh,129A,129,Identical,Abo-et-al-1976,
129A-smt,http://wals.info/languoid/lect/wals_code_smt,129A,129,Identical,Rigsby-and-Rude-1996,
129A-yir,http://wals.info/languoid/lect/wals_code_yir,129A,129,Different,Alpher-1991,
129A-chy,http://wals.info/languoid/lect/wals_code_chy,129A,129,Different,Hart-1988,
129A-cui,http://wals.info/languoid/lect/wals_code_cui,129A,129,Different,Huber-and-Reed-1992,
129A-ixi,http://wals.info/languoid/lect/wals_code_ixi,129A,129,Identical,Kaufman-1974,
129A-kyn,http://wals.info/languoid/lect/wals_code_kyn,129A,129,Different,Henry-1969,
129A-mch,http://wals.info/languoid/lect/wals_code_mch,129A,129,Different,de-Snell-1974,
129A-muu,http://wals.info/languoid/lect/wals_code_muu,129A,129,Different,Martius-1863,
129A-ngj,http://wals.info/languoid/lect/wals_code_ngj,129A,129,Different,von-Brandenstein-1980,
129A-svk,http://wals.info/languoid/lect/wals_code_svk,129A,129,Identical,Trnka-1992,
129A-wir,http://wals.info/languoid/lect/wals_code_wir,129A,129,Different,Hercus-1999a,
129A-cqt,http://wals.info/languoid/lect/wals_code_cqt,129A,129,Different,Tavera-Acosta-1907,
129A-gto,http://wals.info/languoid/lect/wals_code_gto,129A,129,Different,Martius-1863,
129A-nne,http://wals.info/languoid/lect/wals_code_nne,129A,129,Different,Tryon-and-Dubois-1969;Tryon-and-Dubois-1971,
129A-psj,http://wals.info/languoid/lect/wals_code_psj,129A,129,Different,Krumholz-et-al-1995,
129A-bem,http://wals.info/languoid/lect/wals_code_bem,129A,129,Different,Hoch-1960,
129A-cap,http://wals.info/languoid/lect/wals_code_cap,129A,129,Different,Wise-1978,
129A-chu,http://wals.info/languoid/lect/wals_code_chu,129A,129,Different,Hunt-1915,
129A-itz,http://wals.info/languoid/lect/wals_code_itz,129A,129,Identical,Hofling-and-Tesucun-1997,
129A-ngw,http://wals.info/languoid/lect/wals_code_ngw,129A,129,Different,Breen-1981a,
129A-wth,http://wals.info/languoid/lect/wals_code_wth,129A,129,Different,Blake-et-al-1998a,
129A-xok,http://wals.info/languoid/lect/wals_code_xok,129A,129,Different,Martius-1863,
129A-byu,http://wals.info/languoid/lect/wals_code_byu,129A,129,Different,Sharpe-1998,
129A-bno,http://wals.info/languoid/lect/wals_code_bno,129A,129,Different,Huber-and-Reed-1992,
129A-cac,http://wals.info/languoid/lect/wals_code_cac,129A,129,Different,Huber-and-Reed-1992,
129A-crp,http://wals.info/languoid/lect/wals_code_crp,129A,129,Different,Huber-and-Reed-1992,
129A-dam,http://wals.info/languoid/lect/wals_code_dam,129A,129,Identical,Huber-and-Reed-1992,
129A-jeh,http://wals.info/languoid/lect/wals_code_jeh,129A,129,Identical,Gradin-and-Gradin-1979,
129A-kek,http://wals.info/languoid/lect/wals_code_kek,129A,129,Different,Juarez-et-al-1997,
129A-mtp,http://wals.info/languoid/lect/wals_code_mtp,129A,129,Identical,Schoenhals-and-Schoenhals-1965,
129A-nya,http://wals.info/languoid/lect/wals_code_nya,129A,129,Different,Dixon-1983,
129A-toa,http://wals.info/languoid/lect/wals_code_toa,129A,129,Identical,Brown-1968,
129A-afr,http://wals.info/languoid/lect/wals_code_afr,129A,129,Different,Potgieter-and-Potgieter-1932,
129A-aht,http://wals.info/languoid/lect/wals_code_aht,129A,129,Different,Kari-1990,
129A-bnb,http://wals.info/languoid/lect/wals_code_bnb,129A,129,Different,Rumsey-2000,
129A-eya,http://wals.info/languoid/lect/wals_code_eya,129A,129,Different,Krauss-1980,
129A-khk,http://wals.info/languoid/lect/wals_code_khk,129A,129,Identical,Anonymous-1961,
129A-lus,http://wals.info/languoid/lect/wals_code_lus,129A,129,Different,Bates-et-al-1994,
129A-mtt,http://wals.info/languoid/lect/wals_code_mtt,129A,129,Different,Trumbull-1903,
129A-pac,http://wals.info/languoid/lect/wals_code_pac,129A,129,Identical,Watson-et-al-1979,
129A-tpi,http://wals.info/languoid/lect/wals_code_tpi,129A,129,Identical,Mihalic-1971,
129A-yah,http://wals.info/languoid/lect/wals_code_yah,129A,129,Different,Beauvoir-1915,
129A-zqs,http://wals.info/languoid/lect/wals_code_zqs,129A,129,Different,Elson-and-Gutierrez-1999,
129A-cck,http://wals.info/languoid/lect/wals_code_cck,129A,129,Identical,Munro-and-Willmond-1994,
129A-cof,http://wals.info/languoid/lect/wals_code_cof,129A,129,Identical,Borman-1976,
129A-dja,http://wals.info/languoid/lect/wals_code_dja,129A,129,Different,Patz-1991,
129A-ghb,http://wals.info/languoid/lect/wals_code_ghb,129A,129,Different,Huber-and-Reed-1992,
129A-kat,http://wals.info/languoid/lect/wals_code_kat,129A,129,Identical,Flierl-and-Strauss-1977,
129A-myr,http://wals.info/languoid/lect/wals_code_myr,129A,129,Different,Wise-1978,
129A-nat,http://wals.info/languoid/lect/wals_code_nat,129A,129,Different,Van-Tuyl-1979,
129A-nog,http://wals.info/languoid/lect/wals_code_nog,129A,129,Identical,Karacaevo-Cerkesskij-Institut-1956,
129A-tsg,http://wals.info/languoid/lect/wals_code_tsg,129A,129,Different,Reid-1971;Hassan-et-al-1975,
129A-cas,http://wals.info/languoid/lect/wals_code_cas,129A,129,Different,Wise-1978,
129A-cav,http://wals.info/languoid/lect/wals_code_cav,129A,129,Different,Key-1963b,
129A-gmb,http://wals.info/languoid/lect/wals_code_gmb,129A,129,Different,Huber-and-Reed-1992,
129A-kdz,http://wals.info/languoid/lect/wals_code_kdz,129A,129,Identical,Antonissen-1958,
129A-ksa,http://wals.info/languoid/lect/wals_code_ksa,129A,129,Different,Davis-1964,
129A-maz,http://wals.info/languoid/lect/wals_code_maz,129A,129,Identical,Stewart-and-Stewart-1954,
129A-mer,http://wals.info/languoid/lect/wals_code_mer,129A,129,Identical,Passi-and-Piper-1999,
129A-sus,http://wals.info/languoid/lect/wals_code_sus,129A,129,Identical,Lacan-1942,
129A-tpa,http://wals.info/languoid/lect/wals_code_tpa,129A,129,Different,Aschmann-1973a,
129A-cro,http://wals.info/languoid/lect/wals_code_cro,129A,129,Different,Reed-1975,
129A-git,http://wals.info/languoid/lect/wals_code_git,129A,129,Identical,Hindle-and-Rigsby-1973,
129A-hil,http://wals.info/languoid/lect/wals_code_hil,129A,129,Different,Titrud-1978,
129A-kje,http://wals.info/languoid/lect/wals_code_kje,129A,129,Identical,Huber-and-Reed-1992,
129A-mco,http://wals.info/languoid/lect/wals_code_mco,129A,129,Different,Noordsy-and-Hoogshagen-1993,
129A-mov,http://wals.info/languoid/lect/wals_code_mov,129A,129,Different,Judy-and-Judy-1962a,
129A-nsn,http://wals.info/languoid/lect/wals_code_nsn,129A,129,Different,Uldall-and-Shipley-1966,
129A-osa,http://wals.info/languoid/lect/wals_code_osa,129A,129,Different,La-Flesche-1932,
129A-stl,http://wals.info/languoid/lect/wals_code_stl,129A,129,Identical,Macphail-1983,
129A-teh,http://wals.info/languoid/lect/wals_code_teh,129A,129,Different,Schmid-1910,
129A-tuy,http://wals.info/languoid/lect/wals_code_tuy,129A,129,Different,Huber-and-Reed-1992,
129A-yan,http://wals.info/languoid/lect/wals_code_yan,129A,129,Different,Sapir-and-Swadesh-1960,
129A-apw,http://wals.info/languoid/lect/wals_code_apw,129A,129,Identical,Perry-et-al-nd,
129A-awa,http://wals.info/languoid/lect/wals_code_awa,129A,129,Identical,Loving-and-Loving-1975,
129A-gku,http://wals.info/languoid/lect/wals_code_gku,129A,129,Identical,Barbara-1879,
129A-hid,http://wals.info/languoid/lect/wals_code_hid,129A,129,Different,Matthews-1874,
129A-mbb,http://wals.info/languoid/lect/wals_code_mbb,129A,129,Different,Dixon-1991b,
129A-pia,http://wals.info/languoid/lect/wals_code_pia,129A,129,Different,Krisologo-1976,
129A-sho,http://wals.info/languoid/lect/wals_code_sho,129A,129,Different,Miller-1972,
129A-tob,http://wals.info/languoid/lect/wals_code_tob,129A,129,Different,Buckwalter-1980,
129A-tkm,http://wals.info/languoid/lect/wals_code_tkm,129A,129,Identical,Institut-Jazyka-i-Literatury-1956,
129A-bgr,http://wals.info/languoid/lect/wals_code_bgr,129A,129,Identical,Boyeldieu-2000,
129A-chl,http://wals.info/languoid/lect/wals_code_chl,129A,129,Identical,Kinkade-1991,
129A-gid,http://wals.info/languoid/lect/wals_code_gid,129A,129,Different,Geytenbeek-and-Geytenbeek-1971,
129A-ilo,http://wals.info/languoid/lect/wals_code_ilo,129A,129,Identical,Constantino-1971,
129A-klw,http://wals.info/languoid/lect/wals_code_klw,129A,129,Identical,Mixco-1985,
129A-kun,http://wals.info/languoid/lect/wals_code_kun,129A,129,Different,Erice-1985,
129A-kxo,http://wals.info/languoid/lect/wals_code_kxo,129A,129,Different,Schladt-1998,
129A-mdm,http://wals.info/languoid/lect/wals_code_mdm,129A,129,Different,Hercus-1969a,
129A-ngn,http://wals.info/languoid/lect/wals_code_ngn,129A,129,Different,Heath-1978,
129A-oca,http://wals.info/languoid/lect/wals_code_oca,129A,129,Different,Leach-1969,
129A-sba,http://wals.info/languoid/lect/wals_code_sba,129A,129,Different,Benaissa-1991,
129A-agt,http://wals.info/languoid/lect/wals_code_agt,129A,129,Different,Crowley-1981,
129A-bkl,http://wals.info/languoid/lect/wals_code_bkl,129A,129,Different,Mintz-1971b,
129A-cai,http://wals.info/languoid/lect/wals_code_cai,129A,129,Different,Last-and-Lucassen-1998,
129A-eud,http://wals.info/languoid/lect/wals_code_eud,129A,129,Identical,Pennington-1981,
129A-gul,http://wals.info/languoid/lect/wals_code_gul,129A,129,Identical,Nougayrol-1999,
129A-ycn,http://wals.info/languoid/lect/wals_code_ycn,129A,129,Different,Huber-and-Reed-1992,
129A-cak,http://wals.info/languoid/lect/wals_code_cak,129A,129,Identical,Macario-et-al-1998,
129A-hpd,http://wals.info/languoid/lect/wals_code_hpd,129A,129,Different,Giacone-1955;Huber-and-Reed-1992,
129A-jva,http://wals.info/languoid/lect/wals_code_jva,129A,129,Different,Martius-1863,
129A-shs,http://wals.info/languoid/lect/wals_code_shs,129A,129,Different,Powell-1877,
129A-son,http://wals.info/languoid/lect/wals_code_son,129A,129,Identical,Capell-1969,
129A-yct,http://wals.info/languoid/lect/wals_code_yct,129A,129,Identical,Bricker-et-al-1998,
129A-blr,http://wals.info/languoid/lect/wals_code_blr,129A,129,Identical,Ushkevich-and-Zezulin-1992,
129A-kls,http://wals.info/languoid/lect/wals_code_kls,129A,129,Different,Giorda-1877,
129A-mwb,http://wals.info/languoid/lect/wals_code_mwb,129A,129,Identical,Elkins-1968,
129A-ntj,http://wals.info/languoid/lect/wals_code_ntj,129A,129,Different,Douglas-1977,
129A-nym,http://wals.info/languoid/lect/wals_code_nym,129A,129,Identical,Maganga-and-Schadeberg-1992,
129A-pnn,http://wals.info/languoid/lect/wals_code_pnn,129A,129,Different,Benton-1971b,
129A-tlf,http://wals.info/languoid/lect/wals_code_tlf,129A,129,Different,Healey-and-Healey-1977,
129A-acg,http://wals.info/languoid/lect/wals_code_acg,129A,129,Different,Huber-and-Reed-1992,
129A-abm,http://wals.info/languoid/lect/wals_code_abm,129A,129,Different,Sylestine-et-al-1993,
129A-ale,http://wals.info/languoid/lect/wals_code_ale,129A,129,Different,Bergsland-1994,
129A-btk,http://wals.info/languoid/lect/wals_code_btk,129A,129,Identical,Reid-1976,
129A-cam,http://wals.info/languoid/lect/wals_code_cam,129A,129,Different,Huber-and-Reed-1992,
129A-gjj,http://wals.info/languoid/lect/wals_code_gjj,129A,129,Different,Abreu-1931,
129A-hui,http://wals.info/languoid/lect/wals_code_hui,129A,129,Identical,Grimes-1981,
129A-ifu,http://wals.info/languoid/lect/wals_code_ifu,129A,129,Identical,Reid-1971;Newell-1993,
129A-mut,http://wals.info/languoid/lect/wals_code_mut,129A,129,Different,Mason-1916,
129A-zap,http://wals.info/languoid/lect/wals_code_zap,129A,129,Different,Stubblefield-and-Stubblefield-1991,
129A-atk,http://wals.info/languoid/lect/wals_code_atk,129A,129,Different,Gatschet-and-Swanton-1932,
129A-for,http://wals.info/languoid/lect/wals_code_for,129A,129,Identical,Scott-1980,
129A-khg,http://wals.info/languoid/lect/wals_code_khg,129A,129,Identical,Toba-and-Toba-1975,
129A-mny,http://wals.info/languoid/lect/wals_code_mny,129A,129,Different,Breen-1981a,
129A-mui,http://wals.info/languoid/lect/wals_code_mui,129A,129,Different,Huber-and-Reed-1992,
129A-tce,http://wals.info/languoid/lect/wals_code_tce,129A,129,Identical,Hilton-1993,
129A-tsf,http://wals.info/languoid/lect/wals_code_tsf,129A,129,Identical,Huber-and-Reed-1992,
129A-wat,http://wals.info/languoid/lect/wals_code_wat,129A,129,Different,Douglas-1981,
129A-way,http://wals.info/languoid/lect/wals_code_way,129A,129,Different,Grenand-1989,
129A-bnj,http://wals.info/languoid/lect/wals_code_bnj,129A,129,Different,Sharpe-1999,
129A-efi,http://wals.info/languoid/lect/wals_code_efi,129A,129,Identical,Goldie-1964,
129A-mog,http://wals.info/languoid/lect/wals_code_mog,129A,129,Different,Weiers-1975,
129A-ndj,http://wals.info/languoid/lect/wals_code_ndj,129A,129,Different,McKay-2000,
129A-obg,http://wals.info/languoid/lect/wals_code_obg,129A,129,Identical,Kari-2000,
129A-chi,http://wals.info/languoid/lect/wals_code_chi,129A,129,Different,Powell-1877,
129A-mzc,http://wals.info/languoid/lect/wals_code_mzc,129A,129,Different,Capen-1996,
129A-pkn,http://wals.info/languoid/lect/wals_code_pkn,129A,129,Different,Hercus-1999b,
129A-pny,http://wals.info/languoid/lect/wals_code_pny,129A,129,Different,Dench-1991,
129A-pul,http://wals.info/languoid/lect/wals_code_pul,129A,129,Identical,Elbert-1972,
129A-shl,http://wals.info/languoid/lect/wals_code_shl,129A,129,Different,Westermann-1974,
129A-tus,http://wals.info/languoid/lect/wals_code_tus,129A,129,Different,Rudes-1987,
129A-amu,http://wals.info/languoid/lect/wals_code_amu,129A,129,Different,Wise-1978,
129A-chw,http://wals.info/languoid/lect/wals_code_chw,129A,129,Identical,Friberg-1978,
129A-cmy,http://wals.info/languoid/lect/wals_code_cmy,129A,129,Identical,Keller-and-Luciano-G-1997,
129A-dig,http://wals.info/languoid/lect/wals_code_dig,129A,129,Different,Anonymous-nd,
129A-jmo,http://wals.info/languoid/lect/wals_code_jmo,129A,129,Identical,Persson-and-Persson-1991,
129A-knc,http://wals.info/languoid/lect/wals_code_knc,129A,129,Different,Smith-and-Johnson-2000,
129A-pme,http://wals.info/languoid/lect/wals_code_pme,129A,129,Different,McLendon-1996,
129A-sin,http://wals.info/languoid/lect/wals_code_sin,129A,129,Identical,Huber-and-Reed-1992;Wheeler-1987,
129A-aro,http://wals.info/languoid/lect/wals_code_aro,129A,129,Identical,Fox-1978,
129A-blx,http://wals.info/languoid/lect/wals_code_blx,129A,129,Different,Dorsey-and-Swanton-1912,
129A-emb,http://wals.info/languoid/lect/wals_code_emb,129A,129,Different,Huber-and-Reed-1992,
129A-tic,http://wals.info/languoid/lect/wals_code_tic,129A,129,Different,de-Alviano-1944,
129A-wrg,http://wals.info/languoid/lect/wals_code_wrg,129A,129,Different,Dixon-1981,
129A-wmu,http://wals.info/languoid/lect/wals_code_wmu,129A,129,Different,Kilham-et-al-1986,
129A-twn,http://wals.info/languoid/lect/wals_code_twn,129A,129,Different,Curtis-1926,
129A-wem,http://wals.info/languoid/lect/wals_code_wem,129A,129,Different,Hercus-1999b,
129A-crn,http://wals.info/languoid/lect/wals_code_crn,129A,129,Different,Nance-1978,
129A-ese,http://wals.info/languoid/lect/wals_code_ese,129A,129,Different,Chavarria-1980,
129A-hmi,http://wals.info/languoid/lect/wals_code_hmi,129A,129,Different,Huber-and-Reed-1992,
129A-tar,http://wals.info/languoid/lect/wals_code_tar,129A,129,Different,Huber-and-Reed-1992,
129A-yar,http://wals.info/languoid/lect/wals_code_yar,129A,129,Identical,Weimer-and-Weimer-1974,
129A-yus,http://wals.info/languoid/lect/wals_code_yus,129A,129,Different,Badten-et-al-1987,
129A-zai,http://wals.info/languoid/lect/wals_code_zai,129A,129,Identical,Pickett-1971,
129A-arw,http://wals.info/languoid/lect/wals_code_arw,129A,129,Identical,Yacoubian-nd,
129A-ceb,http://wals.info/languoid/lect/wals_code_ceb,129A,129,Different,Cabonce-1983,
129A-cor,http://wals.info/languoid/lect/wals_code_cor,129A,129,Identical,McMahon-1959,
129A-txj,http://wals.info/languoid/lect/wals_code_txj,129A,129,Different,Reid-and-Bishop-1974,
129A-xoo,http://wals.info/languoid/lect/wals_code_xoo,129A,129,Identical,Traill-1994,
129A-kng,http://wals.info/languoid/lect/wals_code_kng,129A,129,Different,Tempski-1986,
129A-kmk,http://wals.info/languoid/lect/wals_code_kmk,129A,129,Identical,Ramstedt-1935,
129A-krc,http://wals.info/languoid/lect/wals_code_krc,129A,129,Different,Karacaevo-Cerkesskij-Institut-1956,
129A-wol,http://wals.info/languoid/lect/wals_code_wol,129A,129,Identical,Sohn-and-Tawerilmang-1976,
129A-amc,http://wals.info/languoid/lect/wals_code_amc,129A,129,Different,Hyde-1980,
129A-cay,http://wals.info/languoid/lect/wals_code_cay,129A,129,Identical,Lindskoog-and-Lindskoog-1964,
129A-chp,http://wals.info/languoid/lect/wals_code_chp,129A,129,Different,Elford-and-Elford-1981,
129A-dji,http://wals.info/languoid/lect/wals_code_dji,129A,129,Different,Chadwick-1975,
129A-kmh,http://wals.info/languoid/lect/wals_code_kmh,129A,129,Identical,Watters-and-Watters-1973,
129A-moh,http://wals.info/languoid/lect/wals_code_moh,129A,129,Different,Maracle-1992,
129A-mos,http://wals.info/languoid/lect/wals_code_mos,129A,129,Identical,Bibolotti-1917,
129A-ute,http://wals.info/languoid/lect/wals_code_ute,129A,129,Different,Anonymous-1979,
129A-acm,http://wals.info/languoid/lect/wals_code_acm,129A,129,Different,Olmsted-1966,
129A-api,http://wals.info/languoid/lect/wals_code_api,129A,129,Different,Martius-1863,
129A-ppi,http://wals.info/languoid/lect/wals_code_ppi,129A,129,Different,Blake-1979c,
129A-tol,http://wals.info/languoid/lect/wals_code_tol,129A,129,Different,Dennis-and-Dennis-1983,
129A-tuc,http://wals.info/languoid/lect/wals_code_tuc,129A,129,Identical,Giacone-nd;Huber-and-Reed-1992,
129A-bla,http://wals.info/languoid/lect/wals_code_bla,129A,129,Identical,Frantz-and-Russell-1989,
129A-ccp,http://wals.info/languoid/lect/wals_code_ccp,129A,129,Identical,Crawford-1989,
129A-fut,http://wals.info/languoid/lect/wals_code_fut,129A,129,Identical,Dougherty-1983,
129A-hum,http://wals.info/languoid/lect/wals_code_hum,129A,129,Different,Burtch-1983,
129A-jiv,http://wals.info/languoid/lect/wals_code_jiv,129A,129,Different,Ghinassi-1938,
129A-lao,http://wals.info/languoid/lect/wals_code_lao,129A,129,Different,Marcus-1970,
129A-mai,http://wals.info/languoid/lect/wals_code_mai,129A,129,Identical,Davis-1984,
129A-ser,http://wals.info/languoid/lect/wals_code_ser,129A,129,Identical,Moser-and-Moser-1961,
129A-shn,http://wals.info/languoid/lect/wals_code_shn,129A,129,Identical,Brauner-1993,
129A-wrl,http://wals.info/languoid/lect/wals_code_wrl,129A,129,Different,Reece-1979;Reece-1975,
129A-gum,http://wals.info/languoid/lect/wals_code_gum,129A,129,Different,Eades-1979,
129A-kws,http://wals.info/languoid/lect/wals_code_kws,129A,129,Different,Zigmond-et-al-1990-1991,
129A-kgz,http://wals.info/languoid/lect/wals_code_kgz,129A,129,Different,Hebert-and-Poppe-1963,
129A-nbr,http://wals.info/languoid/lect/wals_code_nbr,129A,129,Different,Alphonse-1956,
129A-niu,http://wals.info/languoid/lect/wals_code_niu,129A,129,Identical,Tregear-and-Smith-1907,
129A-pno,http://wals.info/languoid/lect/wals_code_pno,129A,129,Different,Poldevaart-1987,
129A-sal,http://wals.info/languoid/lect/wals_code_sal,129A,129,Different,Mason-1918,
129A-aly,http://wals.info/languoid/lect/wals_code_aly,129A,129,Different,Yallop-1977,
129A-mnc,http://wals.info/languoid/lect/wals_code_mnc,129A,129,Identical,Shimunek-2001;Roth-Li-2000,
129A-per,http://wals.info/languoid/lect/wals_code_per,129A,129,Identical,Frajzyngier-1985,
129A-cmh,http://wals.info/languoid/lect/wals_code_cmh,129A,129,Different,Press-1979,
129A-miz,http://wals.info/languoid/lect/wals_code_miz,129A,129,Different,Lorrain-and-Savidge-1984,
129A-aze,http://wals.info/languoid/lect/wals_code_aze,129A,129,Identical,Achundova-1971,
129A-bae,http://wals.info/languoid/lect/wals_code_bae,129A,129,Different,Chaffanjon-1889,
129A-but,http://wals.info/languoid/lect/wals_code_but,129A,129,Different,Anonymous-1954,
129A-mby,http://wals.info/languoid/lect/wals_code_mby,129A,129,Identical,Keegan-1996,
129A-mpa,http://wals.info/languoid/lect/wals_code_mpa,129A,129,Different,Walsh-1999,
129A-sno,http://wals.info/languoid/lect/wals_code_sno,129A,129,Identical,Sammallahti-1998b,
129A-ukr,http://wals.info/languoid/lect/wals_code_ukr,129A,129,Identical,Hrabovsky-1991,
129A-yuk,http://wals.info/languoid/lect/wals_code_yuk,129A,129,Different,Keen-1983,
129A-tvo,http://wals.info/languoid/lect/wals_code_tvo,129A,129,Identical,Shakhmayev-1994,
129A-tib,http://wals.info/languoid/lect/wals_code_tib,129A,129,Identical,Bell-1965,
129A-tlp,http://wals.info/languoid/lect/wals_code_tlp,129A,129,Identical,Suarez-1983a,
129A-udh,http://wals.info/languoid/lect/wals_code_udh,129A,129,Identical,Nikolaeva-and-Tolskaya-2001,
129A-cct,http://wals.info/languoid/lect/wals_code_cct,129A,129,Different,Byington-1915,
129A-kos,http://wals.info/languoid/lect/wals_code_kos,129A,129,Identical,Lee-1976,
129A-nuu,http://wals.info/languoid/lect/wals_code_nuu,129A,129,Different,Carreno-1913,
129A-snh,http://wals.info/languoid/lect/wals_code_snh,129A,129,Identical,Reynolds-1995,
129A-trb,http://wals.info/languoid/lect/wals_code_trb,129A,129,Different,Arroyo-1972,
129A-amr,http://wals.info/languoid/lect/wals_code_amr,129A,129,Identical,Harrell-and-Sobelman-1966,
129A-ara,http://wals.info/languoid/lect/wals_code_ara,129A,129,Different,Bennett-1989,
129A-goa,http://wals.info/languoid/lect/wals_code_goa,129A,129,Different,Jusayu-and-Olza-Zubiri-1977;Jusayu-1977,
129A-mgg,http://wals.info/languoid/lect/wals_code_mgg,129A,129,Identical,De-Smedt-and-Mostaert-1964,
129A-oji,http://wals.info/languoid/lect/wals_code_oji,129A,129,Different,Rhodes-1993,
129A-res,http://wals.info/languoid/lect/wals_code_res,129A,129,Different,Allin-1979,
129A-snc,http://wals.info/languoid/lect/wals_code_snc,129A,129,Different,Chafe-1967,
129A-tah,http://wals.info/languoid/lect/wals_code_tah,129A,129,Identical,Davies-1851;Jaussen-1969,
129A-uhi,http://wals.info/languoid/lect/wals_code_uhi,129A,129,Different,Crowley-1983,
129A-che,http://wals.info/languoid/lect/wals_code_che,129A,129,Different,Feeling-1975,
129A-cze,http://wals.info/languoid/lect/wals_code_cze,129A,129,Identical,Poldaufem-1971,
129A-dsh,http://wals.info/languoid/lect/wals_code_dsh,129A,129,Different,Staff-of-Editions-Berlitz-1974,
129A-hup,http://wals.info/languoid/lect/wals_code_hup,129A,129,Different,Anonymous-1983b,
129A-kwa,http://wals.info/languoid/lect/wals_code_kwa,129A,129,Identical,Keesing-1975,
129A-shu,http://wals.info/languoid/lect/wals_code_shu,129A,129,Identical,Kuipers-1975,
129A-ctl,http://wals.info/languoid/lect/wals_code_ctl,129A,129,Different,Sabater-and-Freixinet-1990,
129A-lui,http://wals.info/languoid/lect/wals_code_lui,129A,129,Identical,Bright-1968,
129A-nas,http://wals.info/languoid/lect/wals_code_nas,129A,129,Identical,Hurd-and-Hurd-1966,
129A-por,http://wals.info/languoid/lect/wals_code_por,129A,129,Different,Lamb-1964,
129A-chr,http://wals.info/languoid/lect/wals_code_chr,129A,129,Identical,Thomas-1966,
129A-gae,http://wals.info/languoid/lect/wals_code_gae,129A,129,Different,Maclennan-1979,
129A-guu,http://wals.info/languoid/lect/wals_code_guu,129A,129,Different,Haviland-1979,
129A-hop,http://wals.info/languoid/lect/wals_code_hop,129A,129,Identical,Seaman-1985,
129A-mis,http://wals.info/languoid/lect/wals_code_mis,129A,129,Different,Heath-and-Marx-1961,
129A-mum,http://wals.info/languoid/lect/wals_code_mum,129A,129,Identical,Shimizu-1983,
129A-tac,http://wals.info/languoid/lect/wals_code_tac,129A,129,Different,Van-Wynen-and-Van-Wynen-1962,
129A-wiy,http://wals.info/languoid/lect/wals_code_wiy,129A,129,Different,Teeter-and-Nichols-1993,
129A-bab,http://wals.info/languoid/lect/wals_code_bab,129A,129,Different,Schaub-1985,
129A-djp,http://wals.info/languoid/lect/wals_code_djp,129A,129,Different,Morphy-1983,
129A-len,http://wals.info/languoid/lect/wals_code_len,129A,129,Identical,Lynch-1977,
129A-qaw,http://wals.info/languoid/lect/wals_code_qaw,129A,129,Different,Beauvoir-1915,
129A-ygr,http://wals.info/languoid/lect/wals_code_ygr,129A,129,Identical,Renck-1977,
129A-cub,http://wals.info/languoid/lect/wals_code_cub,129A,129,Different,Orozco-and-Concha-D-1986,
129A-htc,http://wals.info/languoid/lect/wals_code_htc,129A,129,Different,Larsen-1955,
129A-ik,http://wals.info/languoid/lect/wals_code_ik,129A,129,Different,Heine-1993,
129A-nun,http://wals.info/languoid/lect/wals_code_nun,129A,129,Different,Be-et-al-1982,
129A-pae,http://wals.info/languoid/lect/wals_code_pae,129A,129,Identical,Huber-and-Reed-1992;Slocum-and-Gerdel-1983,
129A-sed,http://wals.info/languoid/lect/wals_code_sed,129A,129,Identical,Smith-1967b,
129A-mup,http://wals.info/languoid/lect/wals_code_mup,129A,129,Identical,Frajzyngier-1991,
129A-scr,http://wals.info/languoid/lect/wals_code_scr,129A,129,Identical,Hewitt-1989c,
129A-ngz,http://wals.info/languoid/lect/wals_code_ngz,129A,129,Identical,Schuh-1981,
129A-poh,http://wals.info/languoid/lect/wals_code_poh,129A,129,Identical,Rehg-and-Sohl-1979,
129A-tna,http://wals.info/languoid/lect/wals_code_tna,129A,129,Identical,Best-1983,
129A-uzb,http://wals.info/languoid/lect/wals_code_uzb,129A,129,Identical,Khakimov-1994,
129A-hve,http://wals.info/languoid/lect/wals_code_hve,129A,129,Different,Stairs-Kreger-and-Scharfe-de-Stairs-1981,
129A-mym,http://wals.info/languoid/lect/wals_code_mym,129A,129,Identical,Asher-and-Kumari-1997,
129A-klm,http://wals.info/languoid/lect/wals_code_klm,129A,129,Different,Barker-1963b,
129A-nep,http://wals.info/languoid/lect/wals_code_nep,129A,129,Different,Warren-1990,
129A-mok,http://wals.info/languoid/lect/wals_code_mok,129A,129,Identical,Harrison-and-Albert-1977,
129A-nor,http://wals.info/languoid/lect/wals_code_nor,129A,129,Different,Lektor-et-al-1965,
129A-qui,http://wals.info/languoid/lect/wals_code_qui,129A,129,Identical,Powell-and-Woodruff-1976,
129A-ret,http://wals.info/languoid/lect/wals_code_ret,129A,129,Different,Huber-and-Reed-1992,
129A-bre,http://wals.info/languoid/lect/wals_code_bre,129A,129,Different,Delaporte-1986,
129A-luo,http://wals.info/languoid/lect/wals_code_luo,129A,129,Different,Tucker-1994,
129A-pal,http://wals.info/languoid/lect/wals_code_pal,129A,129,Identical,McManus-1977,
129A-sam,http://wals.info/languoid/lect/wals_code_sam,129A,129,Identical,Milner-1966;Pratt-1960,
129A-sel,http://wals.info/languoid/lect/wals_code_sel,129A,129,Different,Beauvoir-1915,
129A-wap,http://wals.info/languoid/lect/wals_code_wap,129A,129,Different,Sawyer-1965,
129A-win,http://wals.info/languoid/lect/wals_code_win,129A,129,Different,Pitkin-1985,
129A-kis,http://wals.info/languoid/lect/wals_code_kis,129A,129,Identical,Childs-2000,
129A-cax,http://wals.info/languoid/lect/wals_code_cax,129A,129,Different,Kindberg-1980,
129A-kon,http://wals.info/languoid/lect/wals_code_kon,129A,129,Identical,Bentley-1887,
129A-tsh,http://wals.info/languoid/lect/wals_code_tsh,129A,129,Different,Dayley-1989a,
129A-wel,http://wals.info/languoid/lect/wals_code_wel,129A,129,Different,Evans-and-Thomas-1958,
129A-yap,http://wals.info/languoid/lect/wals_code_yap,129A,129,Identical,Jensen-et-al-1977a,
129A-mhi,http://wals.info/languoid/lect/wals_code_mhi,129A,129,Identical,Pandharipande-1997,
129A-pip,http://wals.info/languoid/lect/wals_code_pip,129A,129,Different,Campbell-1985,
129A-amp,http://wals.info/languoid/lect/wals_code_amp,129A,129,Different,Henderson-and-Dobson-1999,
129A-die,http://wals.info/languoid/lect/wals_code_die,129A,129,Identical,Couro-and-Hutcheson-1973,
129A-diy,http://wals.info/languoid/lect/wals_code_diy,129A,129,Different,Austin-1999,
129A-pan,http://wals.info/languoid/lect/wals_code_pan,129A,129,Different,Bhatia-1993,
129A-mne,http://wals.info/languoid/lect/wals_code_mne,129A,129,Different,Shipley-1963,
129A-eka,http://wals.info/languoid/lect/wals_code_eka,129A,129,Identical,Doble-1960,
129A-abi,http://wals.info/languoid/lect/wals_code_abi,129A,129,Different,Najlis-1966,
129A-mab,http://wals.info/languoid/lect/wals_code_mab,129A,129,Identical,Trenga-1947,
129A-dut,http://wals.info/languoid/lect/wals_code_dut,129A,129,Different,van-Wely-1951,
129A-kas,http://wals.info/languoid/lect/wals_code_kas,129A,129,Different,Wali-and-Koul-1997,
129A-pur,http://wals.info/languoid/lect/wals_code_pur,129A,129,Identical,Gilberti-1901,
129A-haw,http://wals.info/languoid/lect/wals_code_haw,129A,129,Identical,Pukui-and-Elbert-1971,
129A-ita,http://wals.info/languoid/lect/wals_code_ita,129A,129,Different,Wessely-nd,
129A-lit,http://wals.info/languoid/lect/wals_code_lit,129A,129,Identical,Baravykas-1967,
129A-ood,http://wals.info/languoid/lect/wals_code_ood,129A,129,Identical,Saxton-and-Saxton-1969,
129A-rom,http://wals.info/languoid/lect/wals_code_rom,129A,129,Different,Bergman-1968,
129A-tml,http://wals.info/languoid/lect/wals_code_tml,129A,129,Identical,Burrow-and-Emeneau-1984,
129A-zun,http://wals.info/languoid/lect/wals_code_zun,129A,129,Identical,Newman-1958,
129A-ypk,http://wals.info/languoid/lect/wals_code_ypk,129A,129,Different,Jacobson-1984a,
129A-cnt,http://wals.info/languoid/lect/wals_code_cnt,129A,129,Different,Huang-1970,
129A-pol,http://wals.info/languoid/lect/wals_code_pol,129A,129,Different,Bulas-and-Whitfield-1983,
129A-wam,http://wals.info/languoid/lect/wals_code_wam,129A,129,Different,Nordlinger-1998,
129A-bam,http://wals.info/languoid/lect/wals_code_bam,129A,129,Identical,Bird-and-Kante-1977,
129A-car,http://wals.info/languoid/lect/wals_code_car,129A,129,Identical,Martius-1863,
129A-tsi,http://wals.info/languoid/lect/wals_code_tsi,129A,129,Different,Dunn-1995,
129A-tun,http://wals.info/languoid/lect/wals_code_tun,129A,129,Different,Haas-1953,
129A-mku,http://wals.info/languoid/lect/wals_code_mku,129A,129,Different,Tryon-1970b,
129A-mrl,http://wals.info/languoid/lect/wals_code_mrl,129A,129,Different,Arensen-1998,
129A-psm,http://wals.info/languoid/lect/wals_code_psm,129A,129,Different,Leavitt-and-Francis-1986,
129A-pit,http://wals.info/languoid/lect/wals_code_pit,129A,129,Different,Eckert-and-Hudson-1988,
129A-amh,http://wals.info/languoid/lect/wals_code_amh,129A,129,Identical,Leslau-1976,
129A-aym,http://wals.info/languoid/lect/wals_code_aym,129A,129,Identical,de-Lucca-1983,
129A-nbd,http://wals.info/languoid/lect/wals_code_nbd,129A,129,Identical,Armbruster-1965,
129A-wrd,http://wals.info/languoid/lect/wals_code_wrd,129A,129,Different,Merlan-1994,
129A-hai,http://wals.info/languoid/lect/wals_code_hai,129A,129,Different,Lawrence-1977,
129A-dre,http://wals.info/languoid/lect/wals_code_dre,129A,129,Different,Tryon-1967d;Tryon-1967c,
129A-mss,http://wals.info/languoid/lect/wals_code_mss,129A,129,Different,Broadbent-1964,
129A-igb,http://wals.info/languoid/lect/wals_code_igb,129A,129,Identical,Welmers-and-Welmers-1968,
129A-nez,http://wals.info/languoid/lect/wals_code_nez,129A,129,Different,Aoki-1994,
129A-cah,http://wals.info/languoid/lect/wals_code_cah,129A,129,Identical,Seiler-and-Hioki-1979,
129A-cle,http://wals.info/languoid/lect/wals_code_cle,129A,129,Different,Rupp-and-Rupp-1996,
129A-nav,http://wals.info/languoid/lect/wals_code_nav,129A,129,Different,Young-and-Morgan-1980,
129A-cmn,http://wals.info/languoid/lect/wals_code_cmn,129A,129,Different,Robinson-and-Armagost-1990,
129A-iri,http://wals.info/languoid/lect/wals_code_iri,129A,129,Different,Siochfhradha-1958,
129A-nko,http://wals.info/languoid/lect/wals_code_nko,129A,129,Different,Taylor-1985,
129A-squ,http://wals.info/languoid/lect/wals_code_squ,129A,129,Identical,Kuipers-1967,
129A-urk,http://wals.info/languoid/lect/wals_code_urk,129A,129,Different,Kakumasu-and-Kakumasu-1988,
129A-cre,http://wals.info/languoid/lect/wals_code_cre,129A,129,Different,Anderson-1975,
129A-nht,http://wals.info/languoid/lect/wals_code_nht,129A,129,Identical,Brewer-and-Brewer-1971,
129A-ika,http://wals.info/languoid/lect/wals_code_ika,129A,129,Identical,Huber-and-Reed-1992,
129A-krk,http://wals.info/languoid/lect/wals_code_krk,129A,129,Different,Bright-1957,
129A-brs,http://wals.info/languoid/lect/wals_code_brs,129A,129,Different,Huber-and-Reed-1992,
129A-ond,http://wals.info/languoid/lect/wals_code_ond,129A,129,Different,Christjohn-and-Hinton-1996,
129A-khm,http://wals.info/languoid/lect/wals_code_khm,129A,129,Identical,Sean-et-al-2000,
129A-kio,http://wals.info/languoid/lect/wals_code_kio,129A,129,Identical,Harrington-1928,
129A-wic,http://wals.info/languoid/lect/wals_code_wic,129A,129,Different,Rood-1996,
129A-juh,http://wals.info/languoid/lect/wals_code_juh,129A,129,Different,Dickens-1994,
129A-nug,http://wals.info/languoid/lect/wals_code_nug,129A,129,Different,Heath-1982,
129A-kew,http://wals.info/languoid/lect/wals_code_kew,129A,129,Different,Franklin-and-Franklin-1978,
129A-shk,http://wals.info/languoid/lect/wals_code_shk,129A,129,Different,Wise-1978,
129A-koa,http://wals.info/languoid/lect/wals_code_koa,129A,129,Different,Kimball-1994,
129A-kfe,http://wals.info/languoid/lect/wals_code_kfe,129A,129,Identical,Rennison-1986,
129A-ram,http://wals.info/languoid/lect/wals_code_ram,129A,129,Identical,Rigby-and-Schneider-1989,
129A-wch,http://wals.info/languoid/lect/wals_code_wch,129A,129,Different,Remedi-1896,
129A-wra,http://wals.info/languoid/lect/wals_code_wra,129A,129,Different,de-Barral-1979,
129A-awp,http://wals.info/languoid/lect/wals_code_awp,129A,129,Different,Huber-and-Reed-1992,
129A-goo,http://wals.info/languoid/lect/wals_code_goo,129A,129,Different,McGregor-1999,
129A-kut,http://wals.info/languoid/lect/wals_code_kut,129A,129,Different,,
129A-rap,http://wals.info/languoid/lect/wals_code_rap,129A,129,Different,Fuentes-1960,
129A-ain,http://wals.info/languoid/lect/wals_code_ain,129A,129,Identical,Tamura-2000,
129A-jak,http://wals.info/languoid/lect/wals_code_jak,129A,129,Identical,Day-1977,
129A-mrt,http://wals.info/languoid/lect/wals_code_mrt,129A,129,Different,Dench-1995,
129A-gua,http://wals.info/languoid/lect/wals_code_gua,129A,129,Different,Guasch-and-Ortiz-1986,
129A-ngi,http://wals.info/languoid/lect/wals_code_ngi,129A,129,Different,Donaldson-1999,
129A-kro,http://wals.info/languoid/lect/wals_code_kro,129A,129,Identical,Reh-1985,
129A-myi,http://wals.info/languoid/lect/wals_code_myi,129A,129,Different,Merlan-1989,
129A-tiw,http://wals.info/languoid/lect/wals_code_tiw,129A,129,Different,Osborne-1974,
129A-knr,http://wals.info/languoid/lect/wals_code_knr,129A,129,Identical,Cyffer-1994,
129A-map,http://wals.info/languoid/lect/wals_code_map,129A,129,Different,Calendino-1987,
129A-bur,http://wals.info/languoid/lect/wals_code_bur,129A,129,Different,Berger-1998,
129A-cha,http://wals.info/languoid/lect/wals_code_cha,129A,129,Identical,Topping-et-al-1975,
129A-fij,http://wals.info/languoid/lect/wals_code_fij,129A,129,Different,Capell-1973,
129A-heb,http://wals.info/languoid/lect/wals_code_heb,129A,129,Different,Bergman-1968,
129A-tha,http://wals.info/languoid/lect/wals_code_tha,129A,129,Different,Robertson-1969,
129A-zul,http://wals.info/languoid/lect/wals_code_zul,129A,129,Different,Doke-et-al-1982,
129A-sla,http://wals.info/languoid/lect/wals_code_sla,129A,129,Different,Petitot-1876,
129A-swa,http://wals.info/languoid/lect/wals_code_swa,129A,129,Identical,Snoxall-1958,
129A-tag,http://wals.info/languoid/lect/wals_code_tag,129A,129,Different,English-1965,
129A-geo,http://wals.info/languoid/lect/wals_code_geo,129A,129,Identical,Torikashvili-1992;Hewitt-1995,
129A-knd,http://wals.info/languoid/lect/wals_code_knd,129A,129,Different,Sridhar-1990,
129A-kha,http://wals.info/languoid/lect/wals_code_kha,129A,129,Identical,Poppe-1951,
129A-mal,http://wals.info/languoid/lect/wals_code_mal,129A,129,Different,Paginton-1970,
129A-hau,http://wals.info/languoid/lect/wals_code_hau,129A,129,Identical,Newman-1990,
129A-mao,http://wals.info/languoid/lect/wals_code_mao,129A,129,Identical,Williams-1971,
129A-bsq,http://wals.info/languoid/lect/wals_code_bsq,129A,129,Different,Aulestia-and-White-1992,
129A-abk,http://wals.info/languoid/lect/wals_code_abk,129A,129,Different,Hewitt-1989d,
129A-eve,http://wals.info/languoid/lect/wals_code_eve,129A,129,Different,Nedjalkov-1997,
129A-kor,http://wals.info/languoid/lect/wals_code_kor,129A,129,Different,Underwood-1954,
129A-ger,http://wals.info/languoid/lect/wals_code_ger,129A,129,Different,Breul-1906,
129A-grk,http://wals.info/languoid/lect/wals_code_grk,129A,129,Different,Bergman-1968,
129A-lez,http://wals.info/languoid/lect/wals_code_lez,129A,129,Identical,Haspelmath-1993,
129A-jpn,http://wals.info/languoid/lect/wals_code_jpn,129A,129,Identical,Takahashi-1938,
129A-mnd,http://wals.info/languoid/lect/wals_code_mnd,129A,129,Different,Huang-1954,
129A-hun,http://wals.info/languoid/lect/wals_code_hun,129A,129,Different,Biro-et-al-1965,
129A-ind,http://wals.info/languoid/lect/wals_code_ind,129A,129,Different,Echols-and-Shadily-1963;Pino-and-Wittermans-1955,
129A-fin,http://wals.info/languoid/lect/wals_code_fin,129A,129,Different,Wuolle-1967,
129A-rus,http://wals.info/languoid/lect/wals_code_rus,129A,129,Identical,Wedel-and-Romanov-1964,
129A-spa,http://wals.info/languoid/lect/wals_code_spa,129A,129,Different,Cuyas-1972,
129A-tur,http://wals.info/languoid/lect/wals_code_tur,129A,129,Different,Kornrumpf-1960,
129A-fre,http://wals.info/languoid/lect/wals_code_fre,129A,129,Different,Dubois-et-al-1955,
129A-eng,http://wals.info/languoid/lect/wals_code_eng,129A,129,Different,,
129A-csk,http://wals.info/languoid/lect/wals_code_csk,129A,129,Identical,Wintz-1909,
129A-acu,http://wals.info/languoid/lect/wals_code_acu,129A,129,Different,Wise-1978,
129A-pir,http://wals.info/languoid/lect/wals_code_pir,129A,129,Different,Nies-1986,
129A-mcv,http://wals.info/languoid/lect/wals_code_mcv,129A,129,Different,Flury-1951,
